[      10ms] [LOG] [Fast Refresh] done in 19ms @ http://localhost:3111/_next/static/chunks/node_modules_next_dist_1e8vcs8._.js:776
[     107ms] [LOG] [Fast Refresh] done in 19ms @ http://localhost:3111/_next/static/chunks/node_modules_next_dist_1e8vcs8._.js:776
[     208ms] [LOG] [Fast Refresh] done in 19ms @ http://localhost:3111/_next/static/chunks/node_modules_next_dist_1e8vcs8._.js:776
[     264ms] [LOG] [Fast Refresh] done in 19ms @ http://localhost:3111/_next/static/chunks/node_modules_next_dist_1e8vcs8._.js:776
[     313ms] [LOG] [Fast Refresh] done in 19ms @ http://localhost:3111/_next/static/chunks/node_modules_next_dist_1e8vcs8._.js:776
[     364ms] [LOG] [Fast Refresh] done in 19ms @ http://localhost:3111/_next/static/chunks/node_modules_next_dist_1e8vcs8._.js:776
[     430ms] [LOG] [Fast Refresh] done in 19ms @ http://localhost:3111/_next/static/chunks/node_modules_next_dist_1e8vcs8._.js:776
[     475ms] [LOG] [Fast Refresh] done in 19ms @ http://localhost:3111/_next/static/chunks/node_modules_next_dist_1e8vcs8._.js:776
[     525ms] [LOG] [Fast Refresh] done in 19ms @ http://localhost:3111/_next/static/chunks/node_modules_next_dist_1e8vcs8._.js:776
[     580ms] [LOG] [Fast Refresh] done in 19ms @ http://localhost:3111/_next/static/chunks/node_modules_next_dist_1e8vcs8._.js:776
[     624ms] [LOG] [Fast Refresh] done in 19ms @ http://localhost:3111/_next/static/chunks/node_modules_next_dist_1e8vcs8._.js:776
[     674ms] [LOG] [Fast Refresh] done in 19ms @ http://localhost:3111/_next/static/chunks/node_modules_next_dist_1e8vcs8._.js:776
[     724ms] [LOG] [Fast Refresh] done in 19ms @ http://localhost:3111/_next/static/chunks/node_modules_next_dist_1e8vcs8._.js:776
[     774ms] [LOG] [Fast Refresh] done in 19ms @ http://localhost:3111/_next/static/chunks/node_modules_next_dist_1e8vcs8._.js:776
[     825ms] [LOG] [Fast Refresh] done in 19ms @ http://localhost:3111/_next/static/chunks/node_modules_next_dist_1e8vcs8._.js:776
[     872ms] [LOG] [Fast Refresh] done in 19ms @ http://localhost:3111/_next/static/chunks/node_modules_next_dist_1e8vcs8._.js:776
[     945ms] [LOG] [Fast Refresh] done in 19ms @ http://localhost:3111/_next/static/chunks/node_modules_next_dist_1e8vcs8._.js:776
[     991ms] [LOG] [Fast Refresh] done in 19ms @ http://localhost:3111/_next/static/chunks/node_modules_next_dist_1e8vcs8._.js:776
[    1029ms] [LOG] [Fast Refresh] done in 19ms @ http://localhost:3111/_next/static/chunks/node_modules_next_dist_1e8vcs8._.js:776
[    1079ms] [LOG] [Fast Refresh] done in 19ms @ http://localhost:3111/_next/static/chunks/node_modules_next_dist_1e8vcs8._.js:776
[    1128ms] [LOG] [Fast Refresh] done in 19ms @ http://localhost:3111/_next/static/chunks/node_modules_next_dist_1e8vcs8._.js:776
[    1175ms] [LOG] [Fast Refresh] done in 19ms @ http://localhost:3111/_next/static/chunks/node_modules_next_dist_1e8vcs8._.js:776
[    1224ms] [LOG] [Fast Refresh] done in 19ms @ http://localhost:3111/_next/static/chunks/node_modules_next_dist_1e8vcs8._.js:776
[    1275ms] [LOG] [Fast Refresh] done in 19ms @ http://localhost:3111/_next/static/chunks/node_modules_next_dist_1e8vcs8._.js:776
[    1336ms] [LOG] [Fast Refresh] done in 19ms @ http://localhost:3111/_next/static/chunks/node_modules_next_dist_1e8vcs8._.js:776
[    1390ms] [LOG] [Fast Refresh] done in 19ms @ http://localhost:3111/_next/static/chunks/node_modules_next_dist_1e8vcs8._.js:776
[    1440ms] [LOG] [Fast Refresh] done in 19ms @ http://localhost:3111/_next/static/chunks/node_modules_next_dist_1e8vcs8._.js:776
[    1488ms] [LOG] [Fast Refresh] done in 19ms @ http://localhost:3111/_next/static/chunks/node_modules_next_dist_1e8vcs8._.js:776
[    1550ms] [LOG] [Fast Refresh] done in 19ms @ http://localhost:3111/_next/static/chunks/node_modules_next_dist_1e8vcs8._.js:776
[    1614ms] [LOG] [Fast Refresh] done in 19ms @ http://localhost:3111/_next/static/chunks/node_modules_next_dist_1e8vcs8._.js:776
[    1676ms] [LOG] [Fast Refresh] done in 19ms @ http://localhost:3111/_next/static/chunks/node_modules_next_dist_1e8vcs8._.js:776
[    1724ms] [LOG] [Fast Refresh] done in 19ms @ http://localhost:3111/_next/static/chunks/node_modules_next_dist_1e8vcs8._.js:776
[    1774ms] [LOG] [Fast Refresh] done in 19ms @ http://localhost:3111/_next/static/chunks/node_modules_next_dist_1e8vcs8._.js:776
[    1821ms] [LOG] [Fast Refresh] done in 19ms @ http://localhost:3111/_next/static/chunks/node_modules_next_dist_1e8vcs8._.js:776
[    1873ms] [LOG] [Fast Refresh] done in 19ms @ http://localhost:3111/_next/static/chunks/node_modules_next_dist_1e8vcs8._.js:776
[    1926ms] [LOG] [Fast Refresh] done in 19ms @ http://localhost:3111/_next/static/chunks/node_modules_next_dist_1e8vcs8._.js:776
[    1972ms] [LOG] [Fast Refresh] done in 19ms @ http://localhost:3111/_next/static/chunks/node_modules_next_dist_1e8vcs8._.js:776
[    2020ms] [LOG] [Fast Refresh] done in 19ms @ http://localhost:3111/_next/static/chunks/node_modules_next_dist_1e8vcs8._.js:776
[    2084ms] [LOG] [Fast Refresh] done in 19ms @ http://localhost:3111/_next/static/chunks/node_modules_next_dist_1e8vcs8._.js:776
[    2146ms] [LOG] [Fast Refresh] done in 19ms @ http://localhost:3111/_next/static/chunks/node_modules_next_dist_1e8vcs8._.js:776
[    2210ms] [LOG] [Fast Refresh] done in 19ms @ http://localhost:3111/_next/static/chunks/node_modules_next_dist_1e8vcs8._.js:776
[    2258ms] [LOG] [Fast Refresh] done in 19ms @ http://localhost:3111/_next/static/chunks/node_modules_next_dist_1e8vcs8._.js:776
[    2305ms] [LOG] [Fast Refresh] done in 19ms @ http://localhost:3111/_next/static/chunks/node_modules_next_dist_1e8vcs8._.js:776
[    2360ms] [LOG] [Fast Refresh] done in 19ms @ http://localhost:3111/_next/static/chunks/node_modules_next_dist_1e8vcs8._.js:776
[    2409ms] [LOG] [Fast Refresh] done in 19ms @ http://localhost:3111/_next/static/chunks/node_modules_next_dist_1e8vcs8._.js:776
[    2472ms] [LOG] [Fast Refresh] done in 19ms @ http://localhost:3111/_next/static/chunks/node_modules_next_dist_1e8vcs8._.js:776
[    2535ms] [LOG] [Fast Refresh] done in 19ms @ http://localhost:3111/_next/static/chunks/node_modules_next_dist_1e8vcs8._.js:776
[    2583ms] [LOG] [Fast Refresh] done in 19ms @ http://localhost:3111/_next/static/chunks/node_modules_next_dist_1e8vcs8._.js:776
[    2646ms] [LOG] [Fast Refresh] done in 19ms @ http://localhost:3111/_next/static/chunks/node_modules_next_dist_1e8vcs8._.js:776
[    2709ms] [LOG] [Fast Refresh] done in 19ms @ http://localhost:3111/_next/static/chunks/node_modules_next_dist_1e8vcs8._.js:776
[    2773ms] [LOG] [Fast Refresh] done in 19ms @ http://localhost:3111/_next/static/chunks/node_modules_next_dist_1e8vcs8._.js:776
[    2836ms] [LOG] [Fast Refresh] done in 19ms @ http://localhost:3111/_next/static/chunks/node_modules_next_dist_1e8vcs8._.js:776
[    2891ms] [LOG] [Fast Refresh] done in 19ms @ http://localhost:3111/_next/static/chunks/node_modules_next_dist_1e8vcs8._.js:776
[    2940ms] [LOG] [Fast Refresh] done in 19ms @ http://localhost:3111/_next/static/chunks/node_modules_next_dist_1e8vcs8._.js:776
[    3003ms] [LOG] [Fast Refresh] done in 19ms @ http://localhost:3111/_next/static/chunks/node_modules_next_dist_1e8vcs8._.js:776
[    3066ms] [LOG] [Fast Refresh] done in 19ms @ http://localhost:3111/_next/static/chunks/node_modules_next_dist_1e8vcs8._.js:776
[    3129ms] [LOG] [Fast Refresh] done in 19ms @ http://localhost:3111/_next/static/chunks/node_modules_next_dist_1e8vcs8._.js:776
[    3191ms] [LOG] [Fast Refresh] done in 19ms @ http://localhost:3111/_next/static/chunks/node_modules_next_dist_1e8vcs8._.js:776
[    3255ms] [LOG] [Fast Refresh] done in 19ms @ http://localhost:3111/_next/static/chunks/node_modules_next_dist_1e8vcs8._.js:776
[    3318ms] [LOG] [Fast Refresh] done in 19ms @ http://localhost:3111/_next/static/chunks/node_modules_next_dist_1e8vcs8._.js:776
[    3374ms] [LOG] [Fast Refresh] done in 19ms @ http://localhost:3111/_next/static/chunks/node_modules_next_dist_1e8vcs8._.js:776
[    3426ms] [LOG] [Fast Refresh] done in 19ms @ http://localhost:3111/_next/static/chunks/node_modules_next_dist_1e8vcs8._.js:776
[    3488ms] [LOG] [Fast Refresh] done in 19ms @ http://localhost:3111/_next/static/chunks/node_modules_next_dist_1e8vcs8._.js:776
[    3551ms] [LOG] [Fast Refresh] done in 19ms @ http://localhost:3111/_next/static/chunks/node_modules_next_dist_1e8vcs8._.js:776
[    3599ms] [LOG] [Fast Refresh] done in 19ms @ http://localhost:3111/_next/static/chunks/node_modules_next_dist_1e8vcs8._.js:776
[    3647ms] [LOG] [Fast Refresh] done in 19ms @ http://localhost:3111/_next/static/chunks/node_modules_next_dist_1e8vcs8._.js:776
[    3710ms] [LOG] [Fast Refresh] done in 19ms @ http://localhost:3111/_next/static/chunks/node_modules_next_dist_1e8vcs8._.js:776
[    3757ms] [LOG] [Fast Refresh] done in 19ms @ http://localhost:3111/_next/static/chunks/node_modules_next_dist_1e8vcs8._.js:776
[    3804ms] [LOG] [Fast Refresh] done in 19ms @ http://localhost:3111/_next/static/chunks/node_modules_next_dist_1e8vcs8._.js:776
[    3859ms] [LOG] [Fast Refresh] done in 19ms @ http://localhost:3111/_next/static/chunks/node_modules_next_dist_1e8vcs8._.js:776
[    3907ms] [LOG] [Fast Refresh] done in 19ms @ http://localhost:3111/_next/static/chunks/node_modules_next_dist_1e8vcs8._.js:776
[    3954ms] [LOG] [Fast Refresh] done in 19ms @ http://localhost:3111/_next/static/chunks/node_modules_next_dist_1e8vcs8._.js:776
[    4018ms] [LOG] [Fast Refresh] done in 19ms @ http://localhost:3111/_next/static/chunks/node_modules_next_dist_1e8vcs8._.js:776
[    4081ms] [LOG] [Fast Refresh] done in 19ms @ http://localhost:3111/_next/static/chunks/node_modules_next_dist_1e8vcs8._.js:776
[    4144ms] [LOG] [Fast Refresh] done in 19ms @ http://localhost:3111/_next/static/chunks/node_modules_next_dist_1e8vcs8._.js:776
[    4192ms] [LOG] [Fast Refresh] done in 19ms @ http://localhost:3111/_next/static/chunks/node_modules_next_dist_1e8vcs8._.js:776
[    4239ms] [LOG] [Fast Refresh] done in 19ms @ http://localhost:3111/_next/static/chunks/node_modules_next_dist_1e8vcs8._.js:776
[    4287ms] [LOG] [Fast Refresh] done in 19ms @ http://localhost:3111/_next/static/chunks/node_modules_next_dist_1e8vcs8._.js:776
[    4349ms] [LOG] [Fast Refresh] done in 19ms @ http://localhost:3111/_next/static/chunks/node_modules_next_dist_1e8vcs8._.js:776
[    4391ms] [LOG] [Fast Refresh] done in 19ms @ http://localhost:3111/_next/static/chunks/node_modules_next_dist_1e8vcs8._.js:776
[    4441ms] [LOG] [Fast Refresh] done in 19ms @ http://localhost:3111/_next/static/chunks/node_modules_next_dist_1e8vcs8._.js:776
[    4504ms] [LOG] [Fast Refresh] done in 19ms @ http://localhost:3111/_next/static/chunks/node_modules_next_dist_1e8vcs8._.js:776
[    4552ms] [LOG] [Fast Refresh] done in 19ms @ http://localhost:3111/_next/static/chunks/node_modules_next_dist_1e8vcs8._.js:776
[    4600ms] [LOG] [Fast Refresh] done in 19ms @ http://localhost:3111/_next/static/chunks/node_modules_next_dist_1e8vcs8._.js:776
[    4647ms] [LOG] [Fast Refresh] done in 19ms @ http://localhost:3111/_next/static/chunks/node_modules_next_dist_1e8vcs8._.js:776
[    4710ms] [LOG] [Fast Refresh] done in 19ms @ http://localhost:3111/_next/static/chunks/node_modules_next_dist_1e8vcs8._.js:776
[    4757ms] [LOG] [Fast Refresh] done in 19ms @ http://localhost:3111/_next/static/chunks/node_modules_next_dist_1e8vcs8._.js:776
[    4821ms] [LOG] [Fast Refresh] done in 19ms @ http://localhost:3111/_next/static/chunks/node_modules_next_dist_1e8vcs8._.js:776
[    4873ms] [LOG] [Fast Refresh] done in 19ms @ http://localhost:3111/_next/static/chunks/node_modules_next_dist_1e8vcs8._.js:776
[    4926ms] [LOG] [Fast Refresh] done in 19ms @ http://localhost:3111/_next/static/chunks/node_modules_next_dist_1e8vcs8._.js:776
[    4973ms] [LOG] [Fast Refresh] done in 19ms @ http://localhost:3111/_next/static/chunks/node_modules_next_dist_1e8vcs8._.js:776
[    5020ms] [LOG] [Fast Refresh] done in 19ms @ http://localhost:3111/_next/static/chunks/node_modules_next_dist_1e8vcs8._.js:776
[    5083ms] [LOG] [Fast Refresh] done in 19ms @ http://localhost:3111/_next/static/chunks/node_modules_next_dist_1e8vcs8._.js:776
[    5131ms] [LOG] [Fast Refresh] done in 19ms @ http://localhost:3111/_next/static/chunks/node_modules_next_dist_1e8vcs8._.js:776
[    5179ms] [LOG] [Fast Refresh] done in 19ms @ http://localhost:3111/_next/static/chunks/node_modules_next_dist_1e8vcs8._.js:776
[    5242ms] [LOG] [Fast Refresh] done in 19ms @ http://localhost:3111/_next/static/chunks/node_modules_next_dist_1e8vcs8._.js:776
[    5306ms] [LOG] [Fast Refresh] done in 19ms @ http://localhost:3111/_next/static/chunks/node_modules_next_dist_1e8vcs8._.js:776
[    5359ms] [LOG] [Fast Refresh] done in 19ms @ http://localhost:3111/_next/static/chunks/node_modules_next_dist_1e8vcs8._.js:776
[    5409ms] [LOG] [Fast Refresh] done in 19ms @ http://localhost:3111/_next/static/chunks/node_modules_next_dist_1e8vcs8._.js:776
[    5472ms] [LOG] [Fast Refresh] done in 19ms @ http://localhost:3111/_next/static/chunks/node_modules_next_dist_1e8vcs8._.js:776
[    5519ms] [LOG] [Fast Refresh] done in 19ms @ http://localhost:3111/_next/static/chunks/node_modules_next_dist_1e8vcs8._.js:776
[    5582ms] [LOG] [Fast Refresh] done in 19ms @ http://localhost:3111/_next/static/chunks/node_modules_next_dist_1e8vcs8._.js:776
[    5630ms] [LOG] [Fast Refresh] done in 19ms @ http://localhost:3111/_next/static/chunks/node_modules_next_dist_1e8vcs8._.js:776
[    5677ms] [LOG] [Fast Refresh] done in 19ms @ http://localhost:3111/_next/static/chunks/node_modules_next_dist_1e8vcs8._.js:776
[    5726ms] [LOG] [Fast Refresh] done in 19ms @ http://localhost:3111/_next/static/chunks/node_modules_next_dist_1e8vcs8._.js:776
[    5788ms] [LOG] [Fast Refresh] done in 19ms @ http://localhost:3111/_next/static/chunks/node_modules_next_dist_1e8vcs8._.js:776
[    5851ms] [LOG] [Fast Refresh] done in 19ms @ http://localhost:3111/_next/static/chunks/node_modules_next_dist_1e8vcs8._.js:776
[    5909ms] [LOG] [Fast Refresh] done in 19ms @ http://localhost:3111/_next/static/chunks/node_modules_next_dist_1e8vcs8._.js:776
[    5972ms] [LOG] [Fast Refresh] done in 19ms @ http://localhost:3111/_next/static/chunks/node_modules_next_dist_1e8vcs8._.js:776
[    6035ms] [LOG] [Fast Refresh] done in 19ms @ http://localhost:3111/_next/static/chunks/node_modules_next_dist_1e8vcs8._.js:776
[    6098ms] [LOG] [Fast Refresh] done in 19ms @ http://localhost:3111/_next/static/chunks/node_modules_next_dist_1e8vcs8._.js:776
[    6146ms] [LOG] [Fast Refresh] done in 19ms @ http://localhost:3111/_next/static/chunks/node_modules_next_dist_1e8vcs8._.js:776
[    6209ms] [LOG] [Fast Refresh] done in 19ms @ http://localhost:3111/_next/static/chunks/node_modules_next_dist_1e8vcs8._.js:776
[    6272ms] [LOG] [Fast Refresh] done in 19ms @ http://localhost:3111/_next/static/chunks/node_modules_next_dist_1e8vcs8._.js:776
[    6319ms] [LOG] [Fast Refresh] done in 19ms @ http://localhost:3111/_next/static/chunks/node_modules_next_dist_1e8vcs8._.js:776
[    6374ms] [LOG] [Fast Refresh] done in 19ms @ http://localhost:3111/_next/static/chunks/node_modules_next_dist_1e8vcs8._.js:776
[    6424ms] [LOG] [Fast Refresh] done in 19ms @ http://localhost:3111/_next/static/chunks/node_modules_next_dist_1e8vcs8._.js:776
[    6486ms] [LOG] [Fast Refresh] done in 19ms @ http://localhost:3111/_next/static/chunks/node_modules_next_dist_1e8vcs8._.js:776
[    6550ms] [LOG] [Fast Refresh] done in 19ms @ http://localhost:3111/_next/static/chunks/node_modules_next_dist_1e8vcs8._.js:776
[    6598ms] [LOG] [Fast Refresh] done in 19ms @ http://localhost:3111/_next/static/chunks/node_modules_next_dist_1e8vcs8._.js:776
[    6661ms] [LOG] [Fast Refresh] done in 19ms @ http://localhost:3111/_next/static/chunks/node_modules_next_dist_1e8vcs8._.js:776
[    6709ms] [LOG] [Fast Refresh] done in 19ms @ http://localhost:3111/_next/static/chunks/node_modules_next_dist_1e8vcs8._.js:776
[    6757ms] [LOG] [Fast Refresh] done in 19ms @ http://localhost:3111/_next/static/chunks/node_modules_next_dist_1e8vcs8._.js:776
[    6804ms] [LOG] [Fast Refresh] done in 19ms @ http://localhost:3111/_next/static/chunks/node_modules_next_dist_1e8vcs8._.js:776
[    6859ms] [LOG] [Fast Refresh] done in 19ms @ http://localhost:3111/_next/static/chunks/node_modules_next_dist_1e8vcs8._.js:776
[    6909ms] [LOG] [Fast Refresh] done in 19ms @ http://localhost:3111/_next/static/chunks/node_modules_next_dist_1e8vcs8._.js:776
[    6961ms] [LOG] [Fast Refresh] done in 19ms @ http://localhost:3111/_next/static/chunks/node_modules_next_dist_1e8vcs8._.js:776
[    7025ms] [LOG] [Fast Refresh] done in 19ms @ http://localhost:3111/_next/static/chunks/node_modules_next_dist_1e8vcs8._.js:776
[    7088ms] [LOG] [Fast Refresh] done in 19ms @ http://localhost:3111/_next/static/chunks/node_modules_next_dist_1e8vcs8._.js:776
[    7150ms] [LOG] [Fast Refresh] done in 19ms @ http://localhost:3111/_next/static/chunks/node_modules_next_dist_1e8vcs8._.js:776
[    7198ms] [LOG] [Fast Refresh] done in 19ms @ http://localhost:3111/_next/static/chunks/node_modules_next_dist_1e8vcs8._.js:776
[    7260ms] [LOG] [Fast Refresh] done in 19ms @ http://localhost:3111/_next/static/chunks/node_modules_next_dist_1e8vcs8._.js:776
[    7323ms] [LOG] [Fast Refresh] done in 19ms @ http://localhost:3111/_next/static/chunks/node_modules_next_dist_1e8vcs8._.js:776
[    7376ms] [LOG] [Fast Refresh] done in 19ms @ http://localhost:3111/_next/static/chunks/node_modules_next_dist_1e8vcs8._.js:776
[    7425ms] [LOG] [Fast Refresh] done in 19ms @ http://localhost:3111/_next/static/chunks/node_modules_next_dist_1e8vcs8._.js:776
[    7488ms] [LOG] [Fast Refresh] done in 19ms @ http://localhost:3111/_next/static/chunks/node_modules_next_dist_1e8vcs8._.js:776
[    7551ms] [LOG] [Fast Refresh] done in 19ms @ http://localhost:3111/_next/static/chunks/node_modules_next_dist_1e8vcs8._.js:776
[    7600ms] [LOG] [Fast Refresh] done in 19ms @ http://localhost:3111/_next/static/chunks/node_modules_next_dist_1e8vcs8._.js:776
[    7663ms] [LOG] [Fast Refresh] done in 19ms @ http://localhost:3111/_next/static/chunks/node_modules_next_dist_1e8vcs8._.js:776
[    7710ms] [LOG] [Fast Refresh] done in 19ms @ http://localhost:3111/_next/static/chunks/node_modules_next_dist_1e8vcs8._.js:776
[    7773ms] [LOG] [Fast Refresh] done in 19ms @ http://localhost:3111/_next/static/chunks/node_modules_next_dist_1e8vcs8._.js:776
[    7837ms] [LOG] [Fast Refresh] done in 19ms @ http://localhost:3111/_next/static/chunks/node_modules_next_dist_1e8vcs8._.js:776
[    7890ms] [LOG] [Fast Refresh] done in 19ms @ http://localhost:3111/_next/static/chunks/node_modules_next_dist_1e8vcs8._.js:776
[    7957ms] [LOG] [Fast Refresh] done in 19ms @ http://localhost:3111/_next/static/chunks/node_modules_next_dist_1e8vcs8._.js:776
[    8005ms] [LOG] [Fast Refresh] done in 19ms @ http://localhost:3111/_next/static/chunks/node_modules_next_dist_1e8vcs8._.js:776
[    8053ms] [LOG] [Fast Refresh] done in 19ms @ http://localhost:3111/_next/static/chunks/node_modules_next_dist_1e8vcs8._.js:776
[    8101ms] [LOG] [Fast Refresh] done in 19ms @ http://localhost:3111/_next/static/chunks/node_modules_next_dist_1e8vcs8._.js:776
[    8149ms] [LOG] [Fast Refresh] done in 19ms @ http://localhost:3111/_next/static/chunks/node_modules_next_dist_1e8vcs8._.js:776
[    8197ms] [LOG] [Fast Refresh] done in 19ms @ http://localhost:3111/_next/static/chunks/node_modules_next_dist_1e8vcs8._.js:776
[    8245ms] [LOG] [Fast Refresh] done in 19ms @ http://localhost:3111/_next/static/chunks/node_modules_next_dist_1e8vcs8._.js:776
[    8309ms] [LOG] [Fast Refresh] done in 19ms @ http://localhost:3111/_next/static/chunks/node_modules_next_dist_1e8vcs8._.js:776
[    8357ms] [LOG] [Fast Refresh] done in 19ms @ http://localhost:3111/_next/static/chunks/node_modules_next_dist_1e8vcs8._.js:776
[    8407ms] [LOG] [Fast Refresh] done in 19ms @ http://localhost:3111/_next/static/chunks/node_modules_next_dist_1e8vcs8._.js:776
[    8458ms] [LOG] [Fast Refresh] done in 19ms @ http://localhost:3111/_next/static/chunks/node_modules_next_dist_1e8vcs8._.js:776
[    8521ms] [LOG] [Fast Refresh] done in 19ms @ http://localhost:3111/_next/static/chunks/node_modules_next_dist_1e8vcs8._.js:776
[    8584ms] [LOG] [Fast Refresh] done in 19ms @ http://localhost:3111/_next/static/chunks/node_modules_next_dist_1e8vcs8._.js:776
[    8632ms] [LOG] [Fast Refresh] done in 19ms @ http://localhost:3111/_next/static/chunks/node_modules_next_dist_1e8vcs8._.js:776
[    8695ms] [LOG] [Fast Refresh] done in 19ms @ http://localhost:3111/_next/static/chunks/node_modules_next_dist_1e8vcs8._.js:776
[    8743ms] [LOG] [Fast Refresh] done in 19ms @ http://localhost:3111/_next/static/chunks/node_modules_next_dist_1e8vcs8._.js:776
[    8806ms] [LOG] [Fast Refresh] done in 19ms @ http://localhost:3111/_next/static/chunks/node_modules_next_dist_1e8vcs8._.js:776
[    8869ms] [LOG] [Fast Refresh] done in 19ms @ http://localhost:3111/_next/static/chunks/node_modules_next_dist_1e8vcs8._.js:776
[    8922ms] [LOG] [Fast Refresh] done in 19ms @ http://localhost:3111/_next/static/chunks/node_modules_next_dist_1e8vcs8._.js:776
[    8973ms] [LOG] [Fast Refresh] done in 19ms @ http://localhost:3111/_next/static/chunks/node_modules_next_dist_1e8vcs8._.js:776
[    9036ms] [LOG] [Fast Refresh] done in 19ms @ http://localhost:3111/_next/static/chunks/node_modules_next_dist_1e8vcs8._.js:776
[    9084ms] [LOG] [Fast Refresh] done in 19ms @ http://localhost:3111/_next/static/chunks/node_modules_next_dist_1e8vcs8._.js:776
[    9146ms] [LOG] [Fast Refresh] done in 19ms @ http://localhost:3111/_next/static/chunks/node_modules_next_dist_1e8vcs8._.js:776
[    9194ms] [LOG] [Fast Refresh] done in 19ms @ http://localhost:3111/_next/static/chunks/node_modules_next_dist_1e8vcs8._.js:776
[    9259ms] [LOG] [Fast Refresh] done in 19ms @ http://localhost:3111/_next/static/chunks/node_modules_next_dist_1e8vcs8._.js:776
[    9307ms] [LOG] [Fast Refresh] done in 19ms @ http://localhost:3111/_next/static/chunks/node_modules_next_dist_1e8vcs8._.js:776
[    9358ms] [LOG] [Fast Refresh] done in 19ms @ http://localhost:3111/_next/static/chunks/node_modules_next_dist_1e8vcs8._.js:776
[    9409ms] [LOG] [Fast Refresh] done in 19ms @ http://localhost:3111/_next/static/chunks/node_modules_next_dist_1e8vcs8._.js:776
[    9455ms] [LOG] [Fast Refresh] done in 19ms @ http://localhost:3111/_next/static/chunks/node_modules_next_dist_1e8vcs8._.js:776
[    9519ms] [LOG] [Fast Refresh] done in 19ms @ http://localhost:3111/_next/static/chunks/node_modules_next_dist_1e8vcs8._.js:776
[    9581ms] [LOG] [Fast Refresh] done in 19ms @ http://localhost:3111/_next/static/chunks/node_modules_next_dist_1e8vcs8._.js:776
[    9644ms] [LOG] [Fast Refresh] done in 19ms @ http://localhost:3111/_next/static/chunks/node_modules_next_dist_1e8vcs8._.js:776
[    9692ms] [LOG] [Fast Refresh] done in 19ms @ http://localhost:3111/_next/static/chunks/node_modules_next_dist_1e8vcs8._.js:776
[    9755ms] [LOG] [Fast Refresh] done in 19ms @ http://localhost:3111/_next/static/chunks/node_modules_next_dist_1e8vcs8._.js:776
[    9817ms] [LOG] [Fast Refresh] done in 19ms @ http://localhost:3111/_next/static/chunks/node_modules_next_dist_1e8vcs8._.js:776
[    9874ms] [LOG] [Fast Refresh] done in 19ms @ http://localhost:3111/_next/static/chunks/node_modules_next_dist_1e8vcs8._.js:776
[    9926ms] [LOG] [Fast Refresh] done in 19ms @ http://localhost:3111/_next/static/chunks/node_modules_next_dist_1e8vcs8._.js:776
[    9971ms] [LOG] [Fast Refresh] done in 19ms @ http://localhost:3111/_next/static/chunks/node_modules_next_dist_1e8vcs8._.js:776
[   10019ms] [LOG] [Fast Refresh] done in 19ms @ http://localhost:3111/_next/static/chunks/node_modules_next_dist_1e8vcs8._.js:776
[   10082ms] [LOG] [Fast Refresh] done in 19ms @ http://localhost:3111/_next/static/chunks/node_modules_next_dist_1e8vcs8._.js:776
[   10145ms] [LOG] [Fast Refresh] done in 19ms @ http://localhost:3111/_next/static/chunks/node_modules_next_dist_1e8vcs8._.js:776
[   10209ms] [LOG] [Fast Refresh] done in 19ms @ http://localhost:3111/_next/static/chunks/node_modules_next_dist_1e8vcs8._.js:776
[   10256ms] [LOG] [Fast Refresh] done in 19ms @ http://localhost:3111/_next/static/chunks/node_modules_next_dist_1e8vcs8._.js:776
[   10319ms] [LOG] [Fast Refresh] done in 19ms @ http://localhost:3111/_next/static/chunks/node_modules_next_dist_1e8vcs8._.js:776
[   10373ms] [LOG] [Fast Refresh] done in 19ms @ http://localhost:3111/_next/static/chunks/node_modules_next_dist_1e8vcs8._.js:776
[   10424ms] [LOG] [Fast Refresh] done in 19ms @ http://localhost:3111/_next/static/chunks/node_modules_next_dist_1e8vcs8._.js:776
[   10486ms] [LOG] [Fast Refresh] done in 19ms @ http://localhost:3111/_next/static/chunks/node_modules_next_dist_1e8vcs8._.js:776
[   10534ms] [LOG] [Fast Refresh] done in 19ms @ http://localhost:3111/_next/static/chunks/node_modules_next_dist_1e8vcs8._.js:776
[   10598ms] [LOG] [Fast Refresh] done in 19ms @ http://localhost:3111/_next/static/chunks/node_modules_next_dist_1e8vcs8._.js:776
[   10661ms] [LOG] [Fast Refresh] done in 19ms @ http://localhost:3111/_next/static/chunks/node_modules_next_dist_1e8vcs8._.js:776
[   10723ms] [LOG] [Fast Refresh] done in 19ms @ http://localhost:3111/_next/static/chunks/node_modules_next_dist_1e8vcs8._.js:776
[   10787ms] [LOG] [Fast Refresh] done in 19ms @ http://localhost:3111/_next/static/chunks/node_modules_next_dist_1e8vcs8._.js:776
[   10850ms] [LOG] [Fast Refresh] done in 19ms @ http://localhost:3111/_next/static/chunks/node_modules_next_dist_1e8vcs8._.js:776
[   10908ms] [LOG] [Fast Refresh] done in 19ms @ http://localhost:3111/_next/static/chunks/node_modules_next_dist_1e8vcs8._.js:776
[   10972ms] [LOG] [Fast Refresh] done in 19ms @ http://localhost:3111/_next/static/chunks/node_modules_next_dist_1e8vcs8._.js:776
[   11035ms] [LOG] [Fast Refresh] done in 19ms @ http://localhost:3111/_next/static/chunks/node_modules_next_dist_1e8vcs8._.js:776
[   11098ms] [LOG] [Fast Refresh] done in 19ms @ http://localhost:3111/_next/static/chunks/node_modules_next_dist_1e8vcs8._.js:776
[   11161ms] [LOG] [Fast Refresh] done in 19ms @ http://localhost:3111/_next/static/chunks/node_modules_next_dist_1e8vcs8._.js:776
[   11225ms] [LOG] [Fast Refresh] done in 19ms @ http://localhost:3111/_next/static/chunks/node_modules_next_dist_1e8vcs8._.js:776
[   11288ms] [LOG] [Fast Refresh] done in 19ms @ http://localhost:3111/_next/static/chunks/node_modules_next_dist_1e8vcs8._.js:776
[   11335ms] [LOG] [Fast Refresh] done in 19ms @ http://localhost:3111/_next/static/chunks/node_modules_next_dist_1e8vcs8._.js:776
[   11390ms] [LOG] [Fast Refresh] done in 19ms @ http://localhost:3111/_next/static/chunks/node_modules_next_dist_1e8vcs8._.js:776
[   11439ms] [LOG] [Fast Refresh] done in 19ms @ http://localhost:3111/_next/static/chunks/node_modules_next_dist_1e8vcs8._.js:776
[   11487ms] [LOG] [Fast Refresh] done in 19ms @ http://localhost:3111/_next/static/chunks/node_modules_next_dist_1e8vcs8._.js:776
[   11550ms] [LOG] [Fast Refresh] done in 19ms @ http://localhost:3111/_next/static/chunks/node_modules_next_dist_1e8vcs8._.js:776
[   11598ms] [LOG] [Fast Refresh] done in 19ms @ http://localhost:3111/_next/static/chunks/node_modules_next_dist_1e8vcs8._.js:776
[   11660ms] [LOG] [Fast Refresh] done in 19ms @ http://localhost:3111/_next/static/chunks/node_modules_next_dist_1e8vcs8._.js:776
[   11708ms] [LOG] [Fast Refresh] done in 19ms @ http://localhost:3111/_next/static/chunks/node_modules_next_dist_1e8vcs8._.js:776
[   11770ms] [LOG] [Fast Refresh] done in 19ms @ http://localhost:3111/_next/static/chunks/node_modules_next_dist_1e8vcs8._.js:776
[   11818ms] [LOG] [Fast Refresh] done in 19ms @ http://localhost:3111/_next/static/chunks/node_modules_next_dist_1e8vcs8._.js:776
[   11874ms] [LOG] [Fast Refresh] done in 19ms @ http://localhost:3111/_next/static/chunks/node_modules_next_dist_1e8vcs8._.js:776
[   11925ms] [LOG] [Fast Refresh] done in 19ms @ http://localhost:3111/_next/static/chunks/node_modules_next_dist_1e8vcs8._.js:776
[   11988ms] [LOG] [Fast Refresh] done in 19ms @ http://localhost:3111/_next/static/chunks/node_modules_next_dist_1e8vcs8._.js:776
[   12051ms] [LOG] [Fast Refresh] done in 19ms @ http://localhost:3111/_next/static/chunks/node_modules_next_dist_1e8vcs8._.js:776
[   12099ms] [LOG] [Fast Refresh] done in 19ms @ http://localhost:3111/_next/static/chunks/node_modules_next_dist_1e8vcs8._.js:776
[   12146ms] [LOG] [Fast Refresh] done in 19ms @ http://localhost:3111/_next/static/chunks/node_modules_next_dist_1e8vcs8._.js:776
[   12210ms] [LOG] [Fast Refresh] done in 19ms @ http://localhost:3111/_next/static/chunks/node_modules_next_dist_1e8vcs8._.js:776
[   12258ms] [LOG] [Fast Refresh] done in 19ms @ http://localhost:3111/_next/static/chunks/node_modules_next_dist_1e8vcs8._.js:776
[   12320ms] [LOG] [Fast Refresh] done in 19ms @ http://localhost:3111/_next/static/chunks/node_modules_next_dist_1e8vcs8._.js:776
[   12372ms] [LOG] [Fast Refresh] done in 19ms @ http://localhost:3111/_next/static/chunks/node_modules_next_dist_1e8vcs8._.js:776
[   12424ms] [LOG] [Fast Refresh] done in 19ms @ http://localhost:3111/_next/static/chunks/node_modules_next_dist_1e8vcs8._.js:776
[   12472ms] [LOG] [Fast Refresh] done in 19ms @ http://localhost:3111/_next/static/chunks/node_modules_next_dist_1e8vcs8._.js:776
[   12525ms] [LOG] [Fast Refresh] done in 19ms @ http://localhost:3111/_next/static/chunks/node_modules_next_dist_1e8vcs8._.js:776
[   12573ms] [LOG] [Fast Refresh] done in 19ms @ http://localhost:3111/_next/static/chunks/node_modules_next_dist_1e8vcs8._.js:776
[   12620ms] [LOG] [Fast Refresh] done in 19ms @ http://localhost:3111/_next/static/chunks/node_modules_next_dist_1e8vcs8._.js:776
[   12668ms] [LOG] [Fast Refresh] done in 19ms @ http://localhost:3111/_next/static/chunks/node_modules_next_dist_1e8vcs8._.js:776
[   12716ms] [LOG] [Fast Refresh] done in 19ms @ http://localhost:3111/_next/static/chunks/node_modules_next_dist_1e8vcs8._.js:776
[   12781ms] [LOG] [Fast Refresh] done in 19ms @ http://localhost:3111/_next/static/chunks/node_modules_next_dist_1e8vcs8._.js:776
[   12829ms] [LOG] [Fast Refresh] done in 19ms @ http://localhost:3111/_next/static/chunks/node_modules_next_dist_1e8vcs8._.js:776
[   12890ms] [LOG] [Fast Refresh] done in 19ms @ http://localhost:3111/_next/static/chunks/node_modules_next_dist_1e8vcs8._.js:776
[   12956ms] [LOG] [Fast Refresh] done in 19ms @ http://localhost:3111/_next/static/chunks/node_modules_next_dist_1e8vcs8._.js:776
[   13018ms] [LOG] [Fast Refresh] done in 19ms @ http://localhost:3111/_next/static/chunks/node_modules_next_dist_1e8vcs8._.js:776
[   13081ms] [LOG] [Fast Refresh] done in 19ms @ http://localhost:3111/_next/static/chunks/node_modules_next_dist_1e8vcs8._.js:776
[   13134ms] [LOG] [Fast Refresh] done in 19ms @ http://localhost:3111/_next/static/chunks/node_modules_next_dist_1e8vcs8._.js:776
[   13196ms] [LOG] [Fast Refresh] done in 19ms @ http://localhost:3111/_next/static/chunks/node_modules_next_dist_1e8vcs8._.js:776
[   13259ms] [LOG] [Fast Refresh] done in 19ms @ http://localhost:3111/_next/static/chunks/node_modules_next_dist_1e8vcs8._.js:776
[   13308ms] [LOG] [Fast Refresh] done in 19ms @ http://localhost:3111/_next/static/chunks/node_modules_next_dist_1e8vcs8._.js:776
[   13354ms] [LOG] [Fast Refresh] done in 19ms @ http://localhost:3111/_next/static/chunks/node_modules_next_dist_1e8vcs8._.js:776
[   13408ms] [LOG] [Fast Refresh] done in 19ms @ http://localhost:3111/_next/static/chunks/node_modules_next_dist_1e8vcs8._.js:776
[   13455ms] [LOG] [Fast Refresh] done in 19ms @ http://localhost:3111/_next/static/chunks/node_modules_next_dist_1e8vcs8._.js:776
[   13502ms] [LOG] [Fast Refresh] done in 19ms @ http://localhost:3111/_next/static/chunks/node_modules_next_dist_1e8vcs8._.js:776
[   13565ms] [LOG] [Fast Refresh] done in 19ms @ http://localhost:3111/_next/static/chunks/node_modules_next_dist_1e8vcs8._.js:776
[   13613ms] [LOG] [Fast Refresh] done in 19ms @ http://localhost:3111/_next/static/chunks/node_modules_next_dist_1e8vcs8._.js:776
[   13675ms] [LOG] [Fast Refresh] done in 19ms @ http://localhost:3111/_next/static/chunks/node_modules_next_dist_1e8vcs8._.js:776
[   13724ms] [LOG] [Fast Refresh] done in 19ms @ http://localhost:3111/_next/static/chunks/node_modules_next_dist_1e8vcs8._.js:776
[   13771ms] [LOG] [Fast Refresh] done in 19ms @ http://localhost:3111/_next/static/chunks/node_modules_next_dist_1e8vcs8._.js:776
[   13834ms] [LOG] [Fast Refresh] done in 19ms @ http://localhost:3111/_next/static/chunks/node_modules_next_dist_1e8vcs8._.js:776
[   13888ms] [LOG] [Fast Refresh] done in 19ms @ http://localhost:3111/_next/static/chunks/node_modules_next_dist_1e8vcs8._.js:776
[   13940ms] [LOG] [Fast Refresh] done in 19ms @ http://localhost:3111/_next/static/chunks/node_modules_next_dist_1e8vcs8._.js:776
[   13987ms] [LOG] [Fast Refresh] done in 19ms @ http://localhost:3111/_next/static/chunks/node_modules_next_dist_1e8vcs8._.js:776
[   14049ms] [LOG] [Fast Refresh] done in 19ms @ http://localhost:3111/_next/static/chunks/node_modules_next_dist_1e8vcs8._.js:776
[   14096ms] [LOG] [Fast Refresh] done in 19ms @ http://localhost:3111/_next/static/chunks/node_modules_next_dist_1e8vcs8._.js:776
[   14144ms] [LOG] [Fast Refresh] done in 19ms @ http://localhost:3111/_next/static/chunks/node_modules_next_dist_1e8vcs8._.js:776
[   14208ms] [LOG] [Fast Refresh] done in 19ms @ http://localhost:3111/_next/static/chunks/node_modules_next_dist_1e8vcs8._.js:776
[   14255ms] [LOG] [Fast Refresh] done in 19ms @ http://localhost:3111/_next/static/chunks/node_modules_next_dist_1e8vcs8._.js:776
[   14317ms] [LOG] [Fast Refresh] done in 19ms @ http://localhost:3111/_next/static/chunks/node_modules_next_dist_1e8vcs8._.js:776
[   14375ms] [LOG] [Fast Refresh] done in 19ms @ http://localhost:3111/_next/static/chunks/node_modules_next_dist_1e8vcs8._.js:776
[   14425ms] [LOG] [Fast Refresh] done in 19ms @ http://localhost:3111/_next/static/chunks/node_modules_next_dist_1e8vcs8._.js:776
[   14486ms] [LOG] [Fast Refresh] done in 19ms @ http://localhost:3111/_next/static/chunks/node_modules_next_dist_1e8vcs8._.js:776
[   14549ms] [LOG] [Fast Refresh] done in 19ms @ http://localhost:3111/_next/static/chunks/node_modules_next_dist_1e8vcs8._.js:776
[   14612ms] [LOG] [Fast Refresh] done in 19ms @ http://localhost:3111/_next/static/chunks/node_modules_next_dist_1e8vcs8._.js:776
[   14660ms] [LOG] [Fast Refresh] done in 19ms @ http://localhost:3111/_next/static/chunks/node_modules_next_dist_1e8vcs8._.js:776
[   14708ms] [LOG] [Fast Refresh] done in 19ms @ http://localhost:3111/_next/static/chunks/node_modules_next_dist_1e8vcs8._.js:776
[   14772ms] [LOG] [Fast Refresh] done in 19ms @ http://localhost:3111/_next/static/chunks/node_modules_next_dist_1e8vcs8._.js:776
[   14834ms] [LOG] [Fast Refresh] done in 19ms @ http://localhost:3111/_next/static/chunks/node_modules_next_dist_1e8vcs8._.js:776
[   14890ms] [LOG] [Fast Refresh] done in 19ms @ http://localhost:3111/_next/static/chunks/node_modules_next_dist_1e8vcs8._.js:776
[   14940ms] [LOG] [Fast Refresh] done in 19ms @ http://localhost:3111/_next/static/chunks/node_modules_next_dist_1e8vcs8._.js:776
[   15002ms] [LOG] [Fast Refresh] done in 19ms @ http://localhost:3111/_next/static/chunks/node_modules_next_dist_1e8vcs8._.js:776
[   15065ms] [LOG] [Fast Refresh] done in 19ms @ http://localhost:3111/_next/static/chunks/node_modules_next_dist_1e8vcs8._.js:776
[   15129ms] [LOG] [Fast Refresh] done in 19ms @ http://localhost:3111/_next/static/chunks/node_modules_next_dist_1e8vcs8._.js:776
[   15191ms] [LOG] [Fast Refresh] done in 19ms @ http://localhost:3111/_next/static/chunks/node_modules_next_dist_1e8vcs8._.js:776
[   15255ms] [LOG] [Fast Refresh] done in 19ms @ http://localhost:3111/_next/static/chunks/node_modules_next_dist_1e8vcs8._.js:776
[   15318ms] [LOG] [Fast Refresh] done in 19ms @ http://localhost:3111/_next/static/chunks/node_modules_next_dist_1e8vcs8._.js:776
[   15372ms] [LOG] [Fast Refresh] done in 19ms @ http://localhost:3111/_next/static/chunks/node_modules_next_dist_1e8vcs8._.js:776
[   15423ms] [LOG] [Fast Refresh] done in 19ms @ http://localhost:3111/_next/static/chunks/node_modules_next_dist_1e8vcs8._.js:776
[   15487ms] [LOG] [Fast Refresh] done in 19ms @ http://localhost:3111/_next/static/chunks/node_modules_next_dist_1e8vcs8._.js:776
[   15549ms] [LOG] [Fast Refresh] done in 19ms @ http://localhost:3111/_next/static/chunks/node_modules_next_dist_1e8vcs8._.js:776
[   15613ms] [LOG] [Fast Refresh] done in 19ms @ http://localhost:3111/_next/static/chunks/node_modules_next_dist_1e8vcs8._.js:776
[   15660ms] [LOG] [Fast Refresh] done in 19ms @ http://localhost:3111/_next/static/chunks/node_modules_next_dist_1e8vcs8._.js:776
[   15724ms] [LOG] [Fast Refresh] done in 19ms @ http://localhost:3111/_next/static/chunks/node_modules_next_dist_1e8vcs8._.js:776
[   15786ms] [LOG] [Fast Refresh] done in 19ms @ http://localhost:3111/_next/static/chunks/node_modules_next_dist_1e8vcs8._.js:776
[   15850ms] [LOG] [Fast Refresh] done in 19ms @ http://localhost:3111/_next/static/chunks/node_modules_next_dist_1e8vcs8._.js:776
[   15890ms] [LOG] [Fast Refresh] done in 19ms @ http://localhost:3111/_next/static/chunks/node_modules_next_dist_1e8vcs8._.js:776
[   15939ms] [LOG] [Fast Refresh] done in 19ms @ http://localhost:3111/_next/static/chunks/node_modules_next_dist_1e8vcs8._.js:776
[   15987ms] [LOG] [Fast Refresh] done in 19ms @ http://localhost:3111/_next/static/chunks/node_modules_next_dist_1e8vcs8._.js:776
[   16050ms] [LOG] [Fast Refresh] done in 19ms @ http://localhost:3111/_next/static/chunks/node_modules_next_dist_1e8vcs8._.js:776
[   16113ms] [LOG] [Fast Refresh] done in 19ms @ http://localhost:3111/_next/static/chunks/node_modules_next_dist_1e8vcs8._.js:776
[   16176ms] [LOG] [Fast Refresh] done in 19ms @ http://localhost:3111/_next/static/chunks/node_modules_next_dist_1e8vcs8._.js:776
[   16240ms] [LOG] [Fast Refresh] done in 19ms @ http://localhost:3111/_next/static/chunks/node_modules_next_dist_1e8vcs8._.js:776
[   16303ms] [LOG] [Fast Refresh] done in 19ms @ http://localhost:3111/_next/static/chunks/node_modules_next_dist_1e8vcs8._.js:776
[   16350ms] [LOG] [Fast Refresh] done in 19ms @ http://localhost:3111/_next/static/chunks/node_modules_next_dist_1e8vcs8._.js:776
[   16408ms] [LOG] [Fast Refresh] done in 19ms @ http://localhost:3111/_next/static/chunks/node_modules_next_dist_1e8vcs8._.js:776
[   16460ms] [LOG] [Fast Refresh] done in 19ms @ http://localhost:3111/_next/static/chunks/node_modules_next_dist_1e8vcs8._.js:776
[   16508ms] [LOG] [Fast Refresh] done in 19ms @ http://localhost:3111/_next/static/chunks/node_modules_next_dist_1e8vcs8._.js:776
[   16569ms] [LOG] [Fast Refresh] done in 19ms @ http://localhost:3111/_next/static/chunks/node_modules_next_dist_1e8vcs8._.js:776
[   16621ms] [LOG] [Fast Refresh] done in 19ms @ http://localhost:3111/_next/static/chunks/node_modules_next_dist_1e8vcs8._.js:776
[   16683ms] [LOG] [Fast Refresh] done in 19ms @ http://localhost:3111/_next/static/chunks/node_modules_next_dist_1e8vcs8._.js:776
[   16731ms] [LOG] [Fast Refresh] done in 19ms @ http://localhost:3111/_next/static/chunks/node_modules_next_dist_1e8vcs8._.js:776
[   16794ms] [LOG] [Fast Refresh] done in 19ms @ http://localhost:3111/_next/static/chunks/node_modules_next_dist_1e8vcs8._.js:776
[   16842ms] [LOG] [Fast Refresh] done in 19ms @ http://localhost:3111/_next/static/chunks/node_modules_next_dist_1e8vcs8._.js:776
[   16906ms] [LOG] [Fast Refresh] done in 19ms @ http://localhost:3111/_next/static/chunks/node_modules_next_dist_1e8vcs8._.js:776
[   16961ms] [LOG] [Fast Refresh] done in 19ms @ http://localhost:3111/_next/static/chunks/node_modules_next_dist_1e8vcs8._.js:776
[   17023ms] [LOG] [Fast Refresh] done in 19ms @ http://localhost:3111/_next/static/chunks/node_modules_next_dist_1e8vcs8._.js:776
[   17086ms] [LOG] [Fast Refresh] done in 19ms @ http://localhost:3111/_next/static/chunks/node_modules_next_dist_1e8vcs8._.js:776
[   17149ms] [LOG] [Fast Refresh] done in 19ms @ http://localhost:3111/_next/static/chunks/node_modules_next_dist_1e8vcs8._.js:776
[   17212ms] [LOG] [Fast Refresh] done in 19ms @ http://localhost:3111/_next/static/chunks/node_modules_next_dist_1e8vcs8._.js:776
[   17275ms] [LOG] [Fast Refresh] done in 19ms @ http://localhost:3111/_next/static/chunks/node_modules_next_dist_1e8vcs8._.js:776
[   17337ms] [LOG] [Fast Refresh] done in 19ms @ http://localhost:3111/_next/static/chunks/node_modules_next_dist_1e8vcs8._.js:776
[   17388ms] [LOG] [Fast Refresh] done in 19ms @ http://localhost:3111/_next/static/chunks/node_modules_next_dist_1e8vcs8._.js:776
[   17454ms] [LOG] [Fast Refresh] done in 19ms @ http://localhost:3111/_next/static/chunks/node_modules_next_dist_1e8vcs8._.js:776
[   17502ms] [LOG] [Fast Refresh] done in 19ms @ http://localhost:3111/_next/static/chunks/node_modules_next_dist_1e8vcs8._.js:776
[   17565ms] [LOG] [Fast Refresh] done in 19ms @ http://localhost:3111/_next/static/chunks/node_modules_next_dist_1e8vcs8._.js:776
[   17613ms] [LOG] [Fast Refresh] done in 19ms @ http://localhost:3111/_next/static/chunks/node_modules_next_dist_1e8vcs8._.js:776
[   17661ms] [LOG] [Fast Refresh] done in 19ms @ http://localhost:3111/_next/static/chunks/node_modules_next_dist_1e8vcs8._.js:776
[   17725ms] [LOG] [Fast Refresh] done in 19ms @ http://localhost:3111/_next/static/chunks/node_modules_next_dist_1e8vcs8._.js:776
[   17775ms] [LOG] [Fast Refresh] done in 19ms @ http://localhost:3111/_next/static/chunks/node_modules_next_dist_1e8vcs8._.js:776
[   17837ms] [LOG] [Fast Refresh] done in 19ms @ http://localhost:3111/_next/static/chunks/node_modules_next_dist_1e8vcs8._.js:776
[   17889ms] [LOG] [Fast Refresh] done in 19ms @ http://localhost:3111/_next/static/chunks/node_modules_next_dist_1e8vcs8._.js:776
[   17956ms] [LOG] [Fast Refresh] done in 19ms @ http://localhost:3111/_next/static/chunks/node_modules_next_dist_1e8vcs8._.js:776
[   18018ms] [LOG] [Fast Refresh] done in 19ms @ http://localhost:3111/_next/static/chunks/node_modules_next_dist_1e8vcs8._.js:776
[   18066ms] [LOG] [Fast Refresh] done in 19ms @ http://localhost:3111/_next/static/chunks/node_modules_next_dist_1e8vcs8._.js:776
[   18118ms] [LOG] [Fast Refresh] done in 19ms @ http://localhost:3111/_next/static/chunks/node_modules_next_dist_1e8vcs8._.js:776
[   18182ms] [LOG] [Fast Refresh] done in 19ms @ http://localhost:3111/_next/static/chunks/node_modules_next_dist_1e8vcs8._.js:776
[   18229ms] [LOG] [Fast Refresh] done in 19ms @ http://localhost:3111/_next/static/chunks/node_modules_next_dist_1e8vcs8._.js:776
[   18276ms] [LOG] [Fast Refresh] done in 19ms @ http://localhost:3111/_next/static/chunks/node_modules_next_dist_1e8vcs8._.js:776
[   18340ms] [LOG] [Fast Refresh] done in 19ms @ http://localhost:3111/_next/static/chunks/node_modules_next_dist_1e8vcs8._.js:776
[   18389ms] [LOG] [Fast Refresh] done in 19ms @ http://localhost:3111/_next/static/chunks/node_modules_next_dist_1e8vcs8._.js:776
[   18439ms] [LOG] [Fast Refresh] done in 19ms @ http://localhost:3111/_next/static/chunks/node_modules_next_dist_1e8vcs8._.js:776
[   18487ms] [LOG] [Fast Refresh] done in 19ms @ http://localhost:3111/_next/static/chunks/node_modules_next_dist_1e8vcs8._.js:776
[   18549ms] [LOG] [Fast Refresh] done in 19ms @ http://localhost:3111/_next/static/chunks/node_modules_next_dist_1e8vcs8._.js:776
[   18613ms] [LOG] [Fast Refresh] done in 19ms @ http://localhost:3111/_next/static/chunks/node_modules_next_dist_1e8vcs8._.js:776
[   18661ms] [LOG] [Fast Refresh] done in 19ms @ http://localhost:3111/_next/static/chunks/node_modules_next_dist_1e8vcs8._.js:776
[   18708ms] [LOG] [Fast Refresh] done in 19ms @ http://localhost:3111/_next/static/chunks/node_modules_next_dist_1e8vcs8._.js:776
[   18756ms] [LOG] [Fast Refresh] done in 19ms @ http://localhost:3111/_next/static/chunks/node_modules_next_dist_1e8vcs8._.js:776
[   18803ms] [LOG] [Fast Refresh] done in 19ms @ http://localhost:3111/_next/static/chunks/node_modules_next_dist_1e8vcs8._.js:776
[   18851ms] [LOG] [Fast Refresh] done in 19ms @ http://localhost:3111/_next/static/chunks/node_modules_next_dist_1e8vcs8._.js:776
[   18904ms] [LOG] [Fast Refresh] done in 19ms @ http://localhost:3111/_next/static/chunks/node_modules_next_dist_1e8vcs8._.js:776
[   18940ms] [LOG] [Fast Refresh] done in 19ms @ http://localhost:3111/_next/static/chunks/node_modules_next_dist_1e8vcs8._.js:776
[   19002ms] [LOG] [Fast Refresh] done in 19ms @ http://localhost:3111/_next/static/chunks/node_modules_next_dist_1e8vcs8._.js:776
[   19051ms] [LOG] [Fast Refresh] done in 19ms @ http://localhost:3111/_next/static/chunks/node_modules_next_dist_1e8vcs8._.js:776
[   19099ms] [LOG] [Fast Refresh] done in 19ms @ http://localhost:3111/_next/static/chunks/node_modules_next_dist_1e8vcs8._.js:776
[   19146ms] [LOG] [Fast Refresh] done in 19ms @ http://localhost:3111/_next/static/chunks/node_modules_next_dist_1e8vcs8._.js:776
[   19194ms] [LOG] [Fast Refresh] done in 19ms @ http://localhost:3111/_next/static/chunks/node_modules_next_dist_1e8vcs8._.js:776
[   19258ms] [LOG] [Fast Refresh] done in 19ms @ http://localhost:3111/_next/static/chunks/node_modules_next_dist_1e8vcs8._.js:776
[   19305ms] [LOG] [Fast Refresh] done in 19ms @ http://localhost:3111/_next/static/chunks/node_modules_next_dist_1e8vcs8._.js:776
[   19367ms] [LOG] [Fast Refresh] done in 19ms @ http://localhost:3111/_next/static/chunks/node_modules_next_dist_1e8vcs8._.js:776
[   19424ms] [LOG] [Fast Refresh] done in 19ms @ http://localhost:3111/_next/static/chunks/node_modules_next_dist_1e8vcs8._.js:776
[   19486ms] [LOG] [Fast Refresh] done in 19ms @ http://localhost:3111/_next/static/chunks/node_modules_next_dist_1e8vcs8._.js:776
[   19549ms] [LOG] [Fast Refresh] done in 19ms @ http://localhost:3111/_next/static/chunks/node_modules_next_dist_1e8vcs8._.js:776
[   19613ms] [LOG] [Fast Refresh] done in 19ms @ http://localhost:3111/_next/static/chunks/node_modules_next_dist_1e8vcs8._.js:776
[   19675ms] [LOG] [Fast Refresh] done in 19ms @ http://localhost:3111/_next/static/chunks/node_modules_next_dist_1e8vcs8._.js:776
[   19739ms] [LOG] [Fast Refresh] done in 19ms @ http://localhost:3111/_next/static/chunks/node_modules_next_dist_1e8vcs8._.js:776
[   19802ms] [LOG] [Fast Refresh] done in 19ms @ http://localhost:3111/_next/static/chunks/node_modules_next_dist_1e8vcs8._.js:776
[   19858ms] [LOG] [Fast Refresh] done in 19ms @ http://localhost:3111/_next/static/chunks/node_modules_next_dist_1e8vcs8._.js:776
[   19905ms] [LOG] [Fast Refresh] done in 19ms @ http://localhost:3111/_next/static/chunks/node_modules_next_dist_1e8vcs8._.js:776
[   19955ms] [LOG] [Fast Refresh] done in 19ms @ http://localhost:3111/_next/static/chunks/node_modules_next_dist_1e8vcs8._.js:776
[   20018ms] [LOG] [Fast Refresh] done in 19ms @ http://localhost:3111/_next/static/chunks/node_modules_next_dist_1e8vcs8._.js:776
[   20082ms] [LOG] [Fast Refresh] done in 19ms @ http://localhost:3111/_next/static/chunks/node_modules_next_dist_1e8vcs8._.js:776
[   20145ms] [LOG] [Fast Refresh] done in 19ms @ http://localhost:3111/_next/static/chunks/node_modules_next_dist_1e8vcs8._.js:776
[   20193ms] [LOG] [Fast Refresh] done in 19ms @ http://localhost:3111/_next/static/chunks/node_modules_next_dist_1e8vcs8._.js:776
[   20257ms] [LOG] [Fast Refresh] done in 19ms @ http://localhost:3111/_next/static/chunks/node_modules_next_dist_1e8vcs8._.js:776
[   20305ms] [LOG] [Fast Refresh] done in 19ms @ http://localhost:3111/_next/static/chunks/node_modules_next_dist_1e8vcs8._.js:776
[   20357ms] [LOG] [Fast Refresh] done in 19ms @ http://localhost:3111/_next/static/chunks/node_modules_next_dist_1e8vcs8._.js:776
[   20405ms] [LOG] [Fast Refresh] done in 19ms @ http://localhost:3111/_next/static/chunks/node_modules_next_dist_1e8vcs8._.js:776
[   20471ms] [LOG] [Fast Refresh] done in 19ms @ http://localhost:3111/_next/static/chunks/node_modules_next_dist_1e8vcs8._.js:776
[   20518ms] [LOG] [Fast Refresh] done in 19ms @ http://localhost:3111/_next/static/chunks/node_modules_next_dist_1e8vcs8._.js:776
[   20582ms] [LOG] [Fast Refresh] done in 19ms @ http://localhost:3111/_next/static/chunks/node_modules_next_dist_1e8vcs8._.js:776
[   20630ms] [LOG] [Fast Refresh] done in 19ms @ http://localhost:3111/_next/static/chunks/node_modules_next_dist_1e8vcs8._.js:776
[   20678ms] [LOG] [Fast Refresh] done in 19ms @ http://localhost:3111/_next/static/chunks/node_modules_next_dist_1e8vcs8._.js:776
[   20725ms] [LOG] [Fast Refresh] done in 19ms @ http://localhost:3111/_next/static/chunks/node_modules_next_dist_1e8vcs8._.js:776
[   20789ms] [LOG] [Fast Refresh] done in 19ms @ http://localhost:3111/_next/static/chunks/node_modules_next_dist_1e8vcs8._.js:776
[   20837ms] [LOG] [Fast Refresh] done in 19ms @ http://localhost:3111/_next/static/chunks/node_modules_next_dist_1e8vcs8._.js:776
[   20891ms] [LOG] [Fast Refresh] done in 19ms @ http://localhost:3111/_next/static/chunks/node_modules_next_dist_1e8vcs8._.js:776
[   20953ms] [LOG] [Fast Refresh] done in 19ms @ http://localhost:3111/_next/static/chunks/node_modules_next_dist_1e8vcs8._.js:776
[   21016ms] [LOG] [Fast Refresh] done in 19ms @ http://localhost:3111/_next/static/chunks/node_modules_next_dist_1e8vcs8._.js:776
[   21078ms] [LOG] [Fast Refresh] done in 19ms @ http://localhost:3111/_next/static/chunks/node_modules_next_dist_1e8vcs8._.js:776
[   21142ms] [LOG] [Fast Refresh] done in 19ms @ http://localhost:3111/_next/static/chunks/node_modules_next_dist_1e8vcs8._.js:776
[   21190ms] [LOG] [Fast Refresh] done in 19ms @ http://localhost:3111/_next/static/chunks/node_modules_next_dist_1e8vcs8._.js:776
[   21239ms] [LOG] [Fast Refresh] done in 19ms @ http://localhost:3111/_next/static/chunks/node_modules_next_dist_1e8vcs8._.js:776
[   21286ms] [LOG] [Fast Refresh] done in 19ms @ http://localhost:3111/_next/static/chunks/node_modules_next_dist_1e8vcs8._.js:776
[   21350ms] [LOG] [Fast Refresh] done in 19ms @ http://localhost:3111/_next/static/chunks/node_modules_next_dist_1e8vcs8._.js:776
[   21407ms] [LOG] [Fast Refresh] done in 19ms @ http://localhost:3111/_next/static/chunks/node_modules_next_dist_1e8vcs8._.js:776
[   21470ms] [LOG] [Fast Refresh] done in 19ms @ http://localhost:3111/_next/static/chunks/node_modules_next_dist_1e8vcs8._.js:776
[   21534ms] [LOG] [Fast Refresh] done in 19ms @ http://localhost:3111/_next/static/chunks/node_modules_next_dist_1e8vcs8._.js:776
[   21597ms] [LOG] [Fast Refresh] done in 19ms @ http://localhost:3111/_next/static/chunks/node_modules_next_dist_1e8vcs8._.js:776
[   21660ms] [LOG] [Fast Refresh] done in 19ms @ http://localhost:3111/_next/static/chunks/node_modules_next_dist_1e8vcs8._.js:776
[   21707ms] [LOG] [Fast Refresh] done in 19ms @ http://localhost:3111/_next/static/chunks/node_modules_next_dist_1e8vcs8._.js:776
[   21755ms] [LOG] [Fast Refresh] done in 19ms @ http://localhost:3111/_next/static/chunks/node_modules_next_dist_1e8vcs8._.js:776
[   21817ms] [LOG] [Fast Refresh] done in 19ms @ http://localhost:3111/_next/static/chunks/node_modules_next_dist_1e8vcs8._.js:776
[   21872ms] [LOG] [Fast Refresh] done in 19ms @ http://localhost:3111/_next/static/chunks/node_modules_next_dist_1e8vcs8._.js:776
[   21924ms] [LOG] [Fast Refresh] done in 19ms @ http://localhost:3111/_next/static/chunks/node_modules_next_dist_1e8vcs8._.js:776
[   21987ms] [LOG] [Fast Refresh] done in 19ms @ http://localhost:3111/_next/static/chunks/node_modules_next_dist_1e8vcs8._.js:776
[   22035ms] [LOG] [Fast Refresh] done in 19ms @ http://localhost:3111/_next/static/chunks/node_modules_next_dist_1e8vcs8._.js:776
[   22098ms] [LOG] [Fast Refresh] done in 19ms @ http://localhost:3111/_next/static/chunks/node_modules_next_dist_1e8vcs8._.js:776
[   22147ms] [LOG] [Fast Refresh] done in 19ms @ http://localhost:3111/_next/static/chunks/node_modules_next_dist_1e8vcs8._.js:776
[   22196ms] [LOG] [Fast Refresh] done in 19ms @ http://localhost:3111/_next/static/chunks/node_modules_next_dist_1e8vcs8._.js:776
[   22260ms] [LOG] [Fast Refresh] done in 19ms @ http://localhost:3111/_next/static/chunks/node_modules_next_dist_1e8vcs8._.js:776
[   22307ms] [LOG] [Fast Refresh] done in 19ms @ http://localhost:3111/_next/static/chunks/node_modules_next_dist_1e8vcs8._.js:776
[   22355ms] [LOG] [Fast Refresh] done in 19ms @ http://localhost:3111/_next/static/chunks/node_modules_next_dist_1e8vcs8._.js:776
[   22405ms] [LOG] [Fast Refresh] done in 19ms @ http://localhost:3111/_next/static/chunks/node_modules_next_dist_1e8vcs8._.js:776
[   22456ms] [LOG] [Fast Refresh] done in 19ms @ http://localhost:3111/_next/static/chunks/node_modules_next_dist_1e8vcs8._.js:776
[   22519ms] [LOG] [Fast Refresh] done in 19ms @ http://localhost:3111/_next/static/chunks/node_modules_next_dist_1e8vcs8._.js:776
[   22583ms] [LOG] [Fast Refresh] done in 19ms @ http://localhost:3111/_next/static/chunks/node_modules_next_dist_1e8vcs8._.js:776
[   22646ms] [LOG] [Fast Refresh] done in 19ms @ http://localhost:3111/_next/static/chunks/node_modules_next_dist_1e8vcs8._.js:776
[   22708ms] [LOG] [Fast Refresh] done in 19ms @ http://localhost:3111/_next/static/chunks/node_modules_next_dist_1e8vcs8._.js:776
[   22756ms] [LOG] [Fast Refresh] done in 19ms @ http://localhost:3111/_next/static/chunks/node_modules_next_dist_1e8vcs8._.js:776
[   22819ms] [LOG] [Fast Refresh] done in 19ms @ http://localhost:3111/_next/static/chunks/node_modules_next_dist_1e8vcs8._.js:776
[   22872ms] [LOG] [Fast Refresh] done in 19ms @ http://localhost:3111/_next/static/chunks/node_modules_next_dist_1e8vcs8._.js:776
[   22924ms] [LOG] [Fast Refresh] done in 19ms @ http://localhost:3111/_next/static/chunks/node_modules_next_dist_1e8vcs8._.js:776
[   22985ms] [LOG] [Fast Refresh] done in 19ms @ http://localhost:3111/_next/static/chunks/node_modules_next_dist_1e8vcs8._.js:776
[   23049ms] [LOG] [Fast Refresh] done in 19ms @ http://localhost:3111/_next/static/chunks/node_modules_next_dist_1e8vcs8._.js:776
[   23114ms] [LOG] [Fast Refresh] done in 19ms @ http://localhost:3111/_next/static/chunks/node_modules_next_dist_1e8vcs8._.js:776
[   23165ms] [LOG] [Fast Refresh] done in 19ms @ http://localhost:3111/_next/static/chunks/node_modules_next_dist_1e8vcs8._.js:776
[   23212ms] [LOG] [Fast Refresh] done in 19ms @ http://localhost:3111/_next/static/chunks/node_modules_next_dist_1e8vcs8._.js:776
[   23275ms] [LOG] [Fast Refresh] done in 19ms @ http://localhost:3111/_next/static/chunks/node_modules_next_dist_1e8vcs8._.js:776
[   23338ms] [LOG] [Fast Refresh] done in 19ms @ http://localhost:3111/_next/static/chunks/node_modules_next_dist_1e8vcs8._.js:776
[   23388ms] [LOG] [Fast Refresh] done in 19ms @ http://localhost:3111/_next/static/chunks/node_modules_next_dist_1e8vcs8._.js:776
[   23440ms] [LOG] [Fast Refresh] done in 19ms @ http://localhost:3111/_next/static/chunks/node_modules_next_dist_1e8vcs8._.js:776
[   23486ms] [LOG] [Fast Refresh] done in 19ms @ http://localhost:3111/_next/static/chunks/node_modules_next_dist_1e8vcs8._.js:776
[   23533ms] [LOG] [Fast Refresh] done in 19ms @ http://localhost:3111/_next/static/chunks/node_modules_next_dist_1e8vcs8._.js:776
[   23581ms] [LOG] [Fast Refresh] done in 19ms @ http://localhost:3111/_next/static/chunks/node_modules_next_dist_1e8vcs8._.js:776
[   23644ms] [LOG] [Fast Refresh] done in 19ms @ http://localhost:3111/_next/static/chunks/node_modules_next_dist_1e8vcs8._.js:776
[   23707ms] [LOG] [Fast Refresh] done in 19ms @ http://localhost:3111/_next/static/chunks/node_modules_next_dist_1e8vcs8._.js:776
[   23771ms] [LOG] [Fast Refresh] done in 19ms @ http://localhost:3111/_next/static/chunks/node_modules_next_dist_1e8vcs8._.js:776
[   23834ms] [LOG] [Fast Refresh] done in 19ms @ http://localhost:3111/_next/static/chunks/node_modules_next_dist_1e8vcs8._.js:776
[   23888ms] [LOG] [Fast Refresh] done in 19ms @ http://localhost:3111/_next/static/chunks/node_modules_next_dist_1e8vcs8._.js:776
[   23947ms] [LOG] [Fast Refresh] done in 19ms @ http://localhost:3111/_next/static/chunks/node_modules_next_dist_1e8vcs8._.js:776
[   24010ms] [LOG] [Fast Refresh] done in 19ms @ http://localhost:3111/_next/static/chunks/node_modules_next_dist_1e8vcs8._.js:776
[   24074ms] [LOG] [Fast Refresh] done in 19ms @ http://localhost:3111/_next/static/chunks/node_modules_next_dist_1e8vcs8._.js:776
[   24137ms] [LOG] [Fast Refresh] done in 19ms @ http://localhost:3111/_next/static/chunks/node_modules_next_dist_1e8vcs8._.js:776
[   24184ms] [LOG] [Fast Refresh] done in 19ms @ http://localhost:3111/_next/static/chunks/node_modules_next_dist_1e8vcs8._.js:776
[   24247ms] [LOG] [Fast Refresh] done in 19ms @ http://localhost:3111/_next/static/chunks/node_modules_next_dist_1e8vcs8._.js:776
[   24295ms] [LOG] [Fast Refresh] done in 19ms @ http://localhost:3111/_next/static/chunks/node_modules_next_dist_1e8vcs8._.js:776
[   24357ms] [LOG] [Fast Refresh] done in 19ms @ http://localhost:3111/_next/static/chunks/node_modules_next_dist_1e8vcs8._.js:776
[   24405ms] [LOG] [Fast Refresh] done in 19ms @ http://localhost:3111/_next/static/chunks/node_modules_next_dist_1e8vcs8._.js:776
[   24460ms] [LOG] [Fast Refresh] done in 19ms @ http://localhost:3111/_next/static/chunks/node_modules_next_dist_1e8vcs8._.js:776
[   24507ms] [LOG] [Fast Refresh] done in 19ms @ http://localhost:3111/_next/static/chunks/node_modules_next_dist_1e8vcs8._.js:776
[   24570ms] [LOG] [Fast Refresh] done in 19ms @ http://localhost:3111/_next/static/chunks/node_modules_next_dist_1e8vcs8._.js:776
[   24618ms] [LOG] [Fast Refresh] done in 19ms @ http://localhost:3111/_next/static/chunks/node_modules_next_dist_1e8vcs8._.js:776
[   24681ms] [LOG] [Fast Refresh] done in 19ms @ http://localhost:3111/_next/static/chunks/node_modules_next_dist_1e8vcs8._.js:776
[   24729ms] [LOG] [Fast Refresh] done in 19ms @ http://localhost:3111/_next/static/chunks/node_modules_next_dist_1e8vcs8._.js:776
[   24792ms] [LOG] [Fast Refresh] done in 19ms @ http://localhost:3111/_next/static/chunks/node_modules_next_dist_1e8vcs8._.js:776
[   24856ms] [LOG] [Fast Refresh] done in 19ms @ http://localhost:3111/_next/static/chunks/node_modules_next_dist_1e8vcs8._.js:776
[   24905ms] [LOG] [Fast Refresh] done in 19ms @ http://localhost:3111/_next/static/chunks/node_modules_next_dist_1e8vcs8._.js:776
[   24955ms] [LOG] [Fast Refresh] done in 19ms @ http://localhost:3111/_next/static/chunks/node_modules_next_dist_1e8vcs8._.js:776
[   25019ms] [LOG] [Fast Refresh] done in 19ms @ http://localhost:3111/_next/static/chunks/node_modules_next_dist_1e8vcs8._.js:776
[   25066ms] [LOG] [Fast Refresh] done in 19ms @ http://localhost:3111/_next/static/chunks/node_modules_next_dist_1e8vcs8._.js:776
[   25130ms] [LOG] [Fast Refresh] done in 19ms @ http://localhost:3111/_next/static/chunks/node_modules_next_dist_1e8vcs8._.js:776
[   25177ms] [LOG] [Fast Refresh] done in 19ms @ http://localhost:3111/_next/static/chunks/node_modules_next_dist_1e8vcs8._.js:776
[   25241ms] [LOG] [Fast Refresh] done in 19ms @ http://localhost:3111/_next/static/chunks/node_modules_next_dist_1e8vcs8._.js:776
[   25294ms] [LOG] [Fast Refresh] done in 19ms @ http://localhost:3111/_next/static/chunks/node_modules_next_dist_1e8vcs8._.js:776
[   25357ms] [LOG] [Fast Refresh] done in 19ms @ http://localhost:3111/_next/static/chunks/node_modules_next_dist_1e8vcs8._.js:776
[   25424ms] [LOG] [Fast Refresh] done in 19ms @ http://localhost:3111/_next/static/chunks/node_modules_next_dist_1e8vcs8._.js:776
[   25472ms] [LOG] [Fast Refresh] done in 19ms @ http://localhost:3111/_next/static/chunks/node_modules_next_dist_1e8vcs8._.js:776
[   25534ms] [LOG] [Fast Refresh] done in 19ms @ http://localhost:3111/_next/static/chunks/node_modules_next_dist_1e8vcs8._.js:776
[   25581ms] [LOG] [Fast Refresh] done in 19ms @ http://localhost:3111/_next/static/chunks/node_modules_next_dist_1e8vcs8._.js:776
[   25644ms] [LOG] [Fast Refresh] done in 19ms @ http://localhost:3111/_next/static/chunks/node_modules_next_dist_1e8vcs8._.js:776
[   25707ms] [LOG] [Fast Refresh] done in 19ms @ http://localhost:3111/_next/static/chunks/node_modules_next_dist_1e8vcs8._.js:776
[   25769ms] [LOG] [Fast Refresh] done in 19ms @ http://localhost:3111/_next/static/chunks/node_modules_next_dist_1e8vcs8._.js:776
[   25833ms] [LOG] [Fast Refresh] done in 19ms @ http://localhost:3111/_next/static/chunks/node_modules_next_dist_1e8vcs8._.js:776
[   25889ms] [LOG] [Fast Refresh] done in 19ms @ http://localhost:3111/_next/static/chunks/node_modules_next_dist_1e8vcs8._.js:776
[   25953ms] [LOG] [Fast Refresh] done in 19ms @ http://localhost:3111/_next/static/chunks/node_modules_next_dist_1e8vcs8._.js:776
[   26015ms] [LOG] [Fast Refresh] done in 19ms @ http://localhost:3111/_next/static/chunks/node_modules_next_dist_1e8vcs8._.js:776
[   26063ms] [LOG] [Fast Refresh] done in 19ms @ http://localhost:3111/_next/static/chunks/node_modules_next_dist_1e8vcs8._.js:776
[   26110ms] [LOG] [Fast Refresh] done in 19ms @ http://localhost:3111/_next/static/chunks/node_modules_next_dist_1e8vcs8._.js:776
[   26174ms] [LOG] [Fast Refresh] done in 19ms @ http://localhost:3111/_next/static/chunks/node_modules_next_dist_1e8vcs8._.js:776
[   26237ms] [LOG] [Fast Refresh] done in 19ms @ http://localhost:3111/_next/static/chunks/node_modules_next_dist_1e8vcs8._.js:776
[   26299ms] [LOG] [Fast Refresh] done in 19ms @ http://localhost:3111/_next/static/chunks/node_modules_next_dist_1e8vcs8._.js:776
[   26347ms] [LOG] [Fast Refresh] done in 19ms @ http://localhost:3111/_next/static/chunks/node_modules_next_dist_1e8vcs8._.js:776
[   26388ms] [LOG] [Fast Refresh] done in 19ms @ http://localhost:3111/_next/static/chunks/node_modules_next_dist_1e8vcs8._.js:776
[   26437ms] [LOG] [Fast Refresh] done in 19ms @ http://localhost:3111/_next/static/chunks/node_modules_next_dist_1e8vcs8._.js:776
[   26485ms] [LOG] [Fast Refresh] done in 19ms @ http://localhost:3111/_next/static/chunks/node_modules_next_dist_1e8vcs8._.js:776
[   26532ms] [LOG] [Fast Refresh] done in 19ms @ http://localhost:3111/_next/static/chunks/node_modules_next_dist_1e8vcs8._.js:776
[   26595ms] [LOG] [Fast Refresh] done in 19ms @ http://localhost:3111/_next/static/chunks/node_modules_next_dist_1e8vcs8._.js:776
[   26657ms] [LOG] [Fast Refresh] done in 19ms @ http://localhost:3111/_next/static/chunks/node_modules_next_dist_1e8vcs8._.js:776
[   26720ms] [LOG] [Fast Refresh] done in 19ms @ http://localhost:3111/_next/static/chunks/node_modules_next_dist_1e8vcs8._.js:776
[   26768ms] [LOG] [Fast Refresh] done in 19ms @ http://localhost:3111/_next/static/chunks/node_modules_next_dist_1e8vcs8._.js:776
[   26831ms] [LOG] [Fast Refresh] done in 19ms @ http://localhost:3111/_next/static/chunks/node_modules_next_dist_1e8vcs8._.js:776
[   26888ms] [LOG] [Fast Refresh] done in 19ms @ http://localhost:3111/_next/static/chunks/node_modules_next_dist_1e8vcs8._.js:776
[   26961ms] [LOG] [Fast Refresh] done in 19ms @ http://localhost:3111/_next/static/chunks/node_modules_next_dist_1e8vcs8._.js:776
[   27024ms] [LOG] [Fast Refresh] done in 19ms @ http://localhost:3111/_next/static/chunks/node_modules_next_dist_1e8vcs8._.js:776
[   27087ms] [LOG] [Fast Refresh] done in 19ms @ http://localhost:3111/_next/static/chunks/node_modules_next_dist_1e8vcs8._.js:776
[   27134ms] [LOG] [Fast Refresh] done in 19ms @ http://localhost:3111/_next/static/chunks/node_modules_next_dist_1e8vcs8._.js:776
[   27195ms] [LOG] [Fast Refresh] done in 19ms @ http://localhost:3111/_next/static/chunks/node_modules_next_dist_1e8vcs8._.js:776
[   27243ms] [LOG] [Fast Refresh] done in 19ms @ http://localhost:3111/_next/static/chunks/node_modules_next_dist_1e8vcs8._.js:776
[   27290ms] [LOG] [Fast Refresh] done in 19ms @ http://localhost:3111/_next/static/chunks/node_modules_next_dist_1e8vcs8._.js:776
[   27338ms] [LOG] [Fast Refresh] done in 19ms @ http://localhost:3111/_next/static/chunks/node_modules_next_dist_1e8vcs8._.js:776
[   27389ms] [LOG] [Fast Refresh] done in 19ms @ http://localhost:3111/_next/static/chunks/node_modules_next_dist_1e8vcs8._.js:776
[   27439ms] [LOG] [Fast Refresh] done in 19ms @ http://localhost:3111/_next/static/chunks/node_modules_next_dist_1e8vcs8._.js:776
[   27502ms] [LOG] [Fast Refresh] done in 19ms @ http://localhost:3111/_next/static/chunks/node_modules_next_dist_1e8vcs8._.js:776
[   27550ms] [LOG] [Fast Refresh] done in 19ms @ http://localhost:3111/_next/static/chunks/node_modules_next_dist_1e8vcs8._.js:776
[   27598ms] [LOG] [Fast Refresh] done in 19ms @ http://localhost:3111/_next/static/chunks/node_modules_next_dist_1e8vcs8._.js:776
[   27646ms] [LOG] [Fast Refresh] done in 19ms @ http://localhost:3111/_next/static/chunks/node_modules_next_dist_1e8vcs8._.js:776
[   27693ms] [LOG] [Fast Refresh] done in 19ms @ http://localhost:3111/_next/static/chunks/node_modules_next_dist_1e8vcs8._.js:776
[   27740ms] [LOG] [Fast Refresh] done in 19ms @ http://localhost:3111/_next/static/chunks/node_modules_next_dist_1e8vcs8._.js:776
[   27788ms] [LOG] [Fast Refresh] done in 19ms @ http://localhost:3111/_next/static/chunks/node_modules_next_dist_1e8vcs8._.js:776
[   27836ms] [LOG] [Fast Refresh] done in 19ms @ http://localhost:3111/_next/static/chunks/node_modules_next_dist_1e8vcs8._.js:776
[   27887ms] [LOG] [Fast Refresh] done in 19ms @ http://localhost:3111/_next/static/chunks/node_modules_next_dist_1e8vcs8._.js:776
[   27951ms] [LOG] [Fast Refresh] done in 19ms @ http://localhost:3111/_next/static/chunks/node_modules_next_dist_1e8vcs8._.js:776
[   28014ms] [LOG] [Fast Refresh] done in 19ms @ http://localhost:3111/_next/static/chunks/node_modules_next_dist_1e8vcs8._.js:776
[   28078ms] [LOG] [Fast Refresh] done in 19ms @ http://localhost:3111/_next/static/chunks/node_modules_next_dist_1e8vcs8._.js:776
[   28126ms] [LOG] [Fast Refresh] done in 19ms @ http://localhost:3111/_next/static/chunks/node_modules_next_dist_1e8vcs8._.js:776
[   28190ms] [LOG] [Fast Refresh] done in 19ms @ http://localhost:3111/_next/static/chunks/node_modules_next_dist_1e8vcs8._.js:776
[   28252ms] [LOG] [Fast Refresh] done in 19ms @ http://localhost:3111/_next/static/chunks/node_modules_next_dist_1e8vcs8._.js:776
[   28300ms] [LOG] [Fast Refresh] done in 19ms @ http://localhost:3111/_next/static/chunks/node_modules_next_dist_1e8vcs8._.js:776
[   28356ms] [LOG] [Fast Refresh] done in 19ms @ http://localhost:3111/_next/static/chunks/node_modules_next_dist_1e8vcs8._.js:776
[   28406ms] [LOG] [Fast Refresh] done in 19ms @ http://localhost:3111/_next/static/chunks/node_modules_next_dist_1e8vcs8._.js:776
[   28470ms] [LOG] [Fast Refresh] done in 19ms @ http://localhost:3111/_next/static/chunks/node_modules_next_dist_1e8vcs8._.js:776
[   28533ms] [LOG] [Fast Refresh] done in 19ms @ http://localhost:3111/_next/static/chunks/node_modules_next_dist_1e8vcs8._.js:776
[   28597ms] [LOG] [Fast Refresh] done in 19ms @ http://localhost:3111/_next/static/chunks/node_modules_next_dist_1e8vcs8._.js:776
[   28644ms] [LOG] [Fast Refresh] done in 19ms @ http://localhost:3111/_next/static/chunks/node_modules_next_dist_1e8vcs8._.js:776
[   28707ms] [LOG] [Fast Refresh] done in 19ms @ http://localhost:3111/_next/static/chunks/node_modules_next_dist_1e8vcs8._.js:776
[   28755ms] [LOG] [Fast Refresh] done in 19ms @ http://localhost:3111/_next/static/chunks/node_modules_next_dist_1e8vcs8._.js:776
[   28818ms] [LOG] [Fast Refresh] done in 19ms @ http://localhost:3111/_next/static/chunks/node_modules_next_dist_1e8vcs8._.js:776
[   28871ms] [LOG] [Fast Refresh] done in 19ms @ http://localhost:3111/_next/static/chunks/node_modules_next_dist_1e8vcs8._.js:776
[   28922ms] [LOG] [Fast Refresh] done in 19ms @ http://localhost:3111/_next/static/chunks/node_modules_next_dist_1e8vcs8._.js:776
[   28970ms] [LOG] [Fast Refresh] done in 19ms @ http://localhost:3111/_next/static/chunks/node_modules_next_dist_1e8vcs8._.js:776
[   29033ms] [LOG] [Fast Refresh] done in 19ms @ http://localhost:3111/_next/static/chunks/node_modules_next_dist_1e8vcs8._.js:776
[   29095ms] [LOG] [Fast Refresh] done in 19ms @ http://localhost:3111/_next/static/chunks/node_modules_next_dist_1e8vcs8._.js:776
[   29142ms] [LOG] [Fast Refresh] done in 19ms @ http://localhost:3111/_next/static/chunks/node_modules_next_dist_1e8vcs8._.js:776
[   29207ms] [LOG] [Fast Refresh] done in 19ms @ http://localhost:3111/_next/static/chunks/node_modules_next_dist_1e8vcs8._.js:776
[   29268ms] [LOG] [Fast Refresh] done in 19ms @ http://localhost:3111/_next/static/chunks/node_modules_next_dist_1e8vcs8._.js:776
[   29330ms] [LOG] [Fast Refresh] done in 19ms @ http://localhost:3111/_next/static/chunks/node_modules_next_dist_1e8vcs8._.js:776
[   29388ms] [LOG] [Fast Refresh] done in 19ms @ http://localhost:3111/_next/static/chunks/node_modules_next_dist_1e8vcs8._.js:776
[   29453ms] [LOG] [Fast Refresh] done in 19ms @ http://localhost:3111/_next/static/chunks/node_modules_next_dist_1e8vcs8._.js:776
[   29501ms] [LOG] [Fast Refresh] done in 19ms @ http://localhost:3111/_next/static/chunks/node_modules_next_dist_1e8vcs8._.js:776
[   29560ms] [LOG] [Fast Refresh] done in 19ms @ http://localhost:3111/_next/static/chunks/node_modules_next_dist_1e8vcs8._.js:776
[   29624ms] [LOG] [Fast Refresh] done in 19ms @ http://localhost:3111/_next/static/chunks/node_modules_next_dist_1e8vcs8._.js:776
[   29671ms] [LOG] [Fast Refresh] done in 19ms @ http://localhost:3111/_next/static/chunks/node_modules_next_dist_1e8vcs8._.js:776
[   29734ms] [LOG] [Fast Refresh] done in 19ms @ http://localhost:3111/_next/static/chunks/node_modules_next_dist_1e8vcs8._.js:776
[   29798ms] [LOG] [Fast Refresh] done in 19ms @ http://localhost:3111/_next/static/chunks/node_modules_next_dist_1e8vcs8._.js:776
[   29857ms] [LOG] [Fast Refresh] done in 19ms @ http://localhost:3111/_next/static/chunks/node_modules_next_dist_1e8vcs8._.js:776
[   29906ms] [LOG] [Fast Refresh] done in 19ms @ http://localhost:3111/_next/static/chunks/node_modules_next_dist_1e8vcs8._.js:776
[   29969ms] [LOG] [Fast Refresh] done in 19ms @ http://localhost:3111/_next/static/chunks/node_modules_next_dist_1e8vcs8._.js:776
[   30033ms] [LOG] [Fast Refresh] done in 19ms @ http://localhost:3111/_next/static/chunks/node_modules_next_dist_1e8vcs8._.js:776
[   30095ms] [LOG] [Fast Refresh] done in 19ms @ http://localhost:3111/_next/static/chunks/node_modules_next_dist_1e8vcs8._.js:776
[   30159ms] [LOG] [Fast Refresh] done in 19ms @ http://localhost:3111/_next/static/chunks/node_modules_next_dist_1e8vcs8._.js:776
[   30206ms] [LOG] [Fast Refresh] done in 19ms @ http://localhost:3111/_next/static/chunks/node_modules_next_dist_1e8vcs8._.js:776
[   30255ms] [LOG] [Fast Refresh] done in 19ms @ http://localhost:3111/_next/static/chunks/node_modules_next_dist_1e8vcs8._.js:776
[   30318ms] [LOG] [Fast Refresh] done in 19ms @ http://localhost:3111/_next/static/chunks/node_modules_next_dist_1e8vcs8._.js:776
[   30371ms] [LOG] [Fast Refresh] done in 19ms @ http://localhost:3111/_next/static/chunks/node_modules_next_dist_1e8vcs8._.js:776
[   30423ms] [LOG] [Fast Refresh] done in 19ms @ http://localhost:3111/_next/static/chunks/node_modules_next_dist_1e8vcs8._.js:776
[   30470ms] [LOG] [Fast Refresh] done in 19ms @ http://localhost:3111/_next/static/chunks/node_modules_next_dist_1e8vcs8._.js:776
[   30533ms] [LOG] [Fast Refresh] done in 19ms @ http://localhost:3111/_next/static/chunks/node_modules_next_dist_1e8vcs8._.js:776
[   30581ms] [LOG] [Fast Refresh] done in 19ms @ http://localhost:3111/_next/static/chunks/node_modules_next_dist_1e8vcs8._.js:776
[   30645ms] [LOG] [Fast Refresh] done in 19ms @ http://localhost:3111/_next/static/chunks/node_modules_next_dist_1e8vcs8._.js:776
[   30707ms] [LOG] [Fast Refresh] done in 19ms @ http://localhost:3111/_next/static/chunks/node_modules_next_dist_1e8vcs8._.js:776
[   30755ms] [LOG] [Fast Refresh] done in 19ms @ http://localhost:3111/_next/static/chunks/node_modules_next_dist_1e8vcs8._.js:776
[   30818ms] [LOG] [Fast Refresh] done in 19ms @ http://localhost:3111/_next/static/chunks/node_modules_next_dist_1e8vcs8._.js:776
[   30880ms] [LOG] [Fast Refresh] done in 19ms @ http://localhost:3111/_next/static/chunks/node_modules_next_dist_1e8vcs8._.js:776
[   30938ms] [LOG] [Fast Refresh] done in 19ms @ http://localhost:3111/_next/static/chunks/node_modules_next_dist_1e8vcs8._.js:776
[   31002ms] [LOG] [Fast Refresh] done in 19ms @ http://localhost:3111/_next/static/chunks/node_modules_next_dist_1e8vcs8._.js:776
[   31063ms] [LOG] [Fast Refresh] done in 19ms @ http://localhost:3111/_next/static/chunks/node_modules_next_dist_1e8vcs8._.js:776
[   31126ms] [LOG] [Fast Refresh] done in 19ms @ http://localhost:3111/_next/static/chunks/node_modules_next_dist_1e8vcs8._.js:776
[   31190ms] [LOG] [Fast Refresh] done in 19ms @ http://localhost:3111/_next/static/chunks/node_modules_next_dist_1e8vcs8._.js:776
[   31237ms] [LOG] [Fast Refresh] done in 19ms @ http://localhost:3111/_next/static/chunks/node_modules_next_dist_1e8vcs8._.js:776
[   31285ms] [LOG] [Fast Refresh] done in 19ms @ http://localhost:3111/_next/static/chunks/node_modules_next_dist_1e8vcs8._.js:776
[   31333ms] [LOG] [Fast Refresh] done in 19ms @ http://localhost:3111/_next/static/chunks/node_modules_next_dist_1e8vcs8._.js:776
[   31387ms] [LOG] [Fast Refresh] done in 19ms @ http://localhost:3111/_next/static/chunks/node_modules_next_dist_1e8vcs8._.js:776
[   31453ms] [LOG] [Fast Refresh] done in 19ms @ http://localhost:3111/_next/static/chunks/node_modules_next_dist_1e8vcs8._.js:776
[   31517ms] [LOG] [Fast Refresh] done in 19ms @ http://localhost:3111/_next/static/chunks/node_modules_next_dist_1e8vcs8._.js:776
[   31581ms] [LOG] [Fast Refresh] done in 19ms @ http://localhost:3111/_next/static/chunks/node_modules_next_dist_1e8vcs8._.js:776
[   31629ms] [LOG] [Fast Refresh] done in 19ms @ http://localhost:3111/_next/static/chunks/node_modules_next_dist_1e8vcs8._.js:776
[   31676ms] [LOG] [Fast Refresh] done in 19ms @ http://localhost:3111/_next/static/chunks/node_modules_next_dist_1e8vcs8._.js:776
[   31740ms] [LOG] [Fast Refresh] done in 19ms @ http://localhost:3111/_next/static/chunks/node_modules_next_dist_1e8vcs8._.js:776
[   31802ms] [LOG] [Fast Refresh] done in 19ms @ http://localhost:3111/_next/static/chunks/node_modules_next_dist_1e8vcs8._.js:776
[   31856ms] [LOG] [Fast Refresh] done in 19ms @ http://localhost:3111/_next/static/chunks/node_modules_next_dist_1e8vcs8._.js:776
[   31905ms] [LOG] [Fast Refresh] done in 19ms @ http://localhost:3111/_next/static/chunks/node_modules_next_dist_1e8vcs8._.js:776
[   31954ms] [LOG] [Fast Refresh] done in 19ms @ http://localhost:3111/_next/static/chunks/node_modules_next_dist_1e8vcs8._.js:776
[   32016ms] [LOG] [Fast Refresh] done in 19ms @ http://localhost:3111/_next/static/chunks/node_modules_next_dist_1e8vcs8._.js:776
[   32079ms] [LOG] [Fast Refresh] done in 19ms @ http://localhost:3111/_next/static/chunks/node_modules_next_dist_1e8vcs8._.js:776
[   32142ms] [LOG] [Fast Refresh] done in 19ms @ http://localhost:3111/_next/static/chunks/node_modules_next_dist_1e8vcs8._.js:776
[   32204ms] [LOG] [Fast Refresh] done in 19ms @ http://localhost:3111/_next/static/chunks/node_modules_next_dist_1e8vcs8._.js:776
[   32252ms] [LOG] [Fast Refresh] done in 19ms @ http://localhost:3111/_next/static/chunks/node_modules_next_dist_1e8vcs8._.js:776
[   32301ms] [LOG] [Fast Refresh] done in 19ms @ http://localhost:3111/_next/static/chunks/node_modules_next_dist_1e8vcs8._.js:776
[   32349ms] [LOG] [Fast Refresh] done in 19ms @ http://localhost:3111/_next/static/chunks/node_modules_next_dist_1e8vcs8._.js:776
[   32402ms] [LOG] [Fast Refresh] done in 19ms @ http://localhost:3111/_next/static/chunks/node_modules_next_dist_1e8vcs8._.js:776
[   32452ms] [LOG] [Fast Refresh] done in 19ms @ http://localhost:3111/_next/static/chunks/node_modules_next_dist_1e8vcs8._.js:776
[   32500ms] [LOG] [Fast Refresh] done in 19ms @ http://localhost:3111/_next/static/chunks/node_modules_next_dist_1e8vcs8._.js:776
[   32564ms] [LOG] [Fast Refresh] done in 19ms @ http://localhost:3111/_next/static/chunks/node_modules_next_dist_1e8vcs8._.js:776
[   32612ms] [LOG] [Fast Refresh] done in 19ms @ http://localhost:3111/_next/static/chunks/node_modules_next_dist_1e8vcs8._.js:776
[   32659ms] [LOG] [Fast Refresh] done in 19ms @ http://localhost:3111/_next/static/chunks/node_modules_next_dist_1e8vcs8._.js:776
[   32723ms] [LOG] [Fast Refresh] done in 19ms @ http://localhost:3111/_next/static/chunks/node_modules_next_dist_1e8vcs8._.js:776
[   32785ms] [LOG] [Fast Refresh] done in 19ms @ http://localhost:3111/_next/static/chunks/node_modules_next_dist_1e8vcs8._.js:776
[   32848ms] [LOG] [Fast Refresh] done in 19ms @ http://localhost:3111/_next/static/chunks/node_modules_next_dist_1e8vcs8._.js:776
[   32889ms] [LOG] [Fast Refresh] done in 19ms @ http://localhost:3111/_next/static/chunks/node_modules_next_dist_1e8vcs8._.js:776
[   32953ms] [LOG] [Fast Refresh] done in 19ms @ http://localhost:3111/_next/static/chunks/node_modules_next_dist_1e8vcs8._.js:776
[   33016ms] [LOG] [Fast Refresh] done in 19ms @ http://localhost:3111/_next/static/chunks/node_modules_next_dist_1e8vcs8._.js:776
[   33079ms] [LOG] [Fast Refresh] done in 19ms @ http://localhost:3111/_next/static/chunks/node_modules_next_dist_1e8vcs8._.js:776
[   33127ms] [LOG] [Fast Refresh] done in 19ms @ http://localhost:3111/_next/static/chunks/node_modules_next_dist_1e8vcs8._.js:776
[   33174ms] [LOG] [Fast Refresh] done in 19ms @ http://localhost:3111/_next/static/chunks/node_modules_next_dist_1e8vcs8._.js:776
[   33238ms] [LOG] [Fast Refresh] done in 19ms @ http://localhost:3111/_next/static/chunks/node_modules_next_dist_1e8vcs8._.js:776
[   33286ms] [LOG] [Fast Refresh] done in 19ms @ http://localhost:3111/_next/static/chunks/node_modules_next_dist_1e8vcs8._.js:776
[   33333ms] [LOG] [Fast Refresh] done in 19ms @ http://localhost:3111/_next/static/chunks/node_modules_next_dist_1e8vcs8._.js:776
[   33387ms] [LOG] [Fast Refresh] done in 19ms @ http://localhost:3111/_next/static/chunks/node_modules_next_dist_1e8vcs8._.js:776
[   33438ms] [LOG] [Fast Refresh] done in 19ms @ http://localhost:3111/_next/static/chunks/node_modules_next_dist_1e8vcs8._.js:776
[   33501ms] [LOG] [Fast Refresh] done in 19ms @ http://localhost:3111/_next/static/chunks/node_modules_next_dist_1e8vcs8._.js:776
[   33564ms] [LOG] [Fast Refresh] done in 19ms @ http://localhost:3111/_next/static/chunks/node_modules_next_dist_1e8vcs8._.js:776
[   33627ms] [LOG] [Fast Refresh] done in 19ms @ http://localhost:3111/_next/static/chunks/node_modules_next_dist_1e8vcs8._.js:776
[   33676ms] [LOG] [Fast Refresh] done in 19ms @ http://localhost:3111/_next/static/chunks/node_modules_next_dist_1e8vcs8._.js:776
[   33740ms] [LOG] [Fast Refresh] done in 19ms @ http://localhost:3111/_next/static/chunks/node_modules_next_dist_1e8vcs8._.js:776
[   33786ms] [LOG] [Fast Refresh] done in 19ms @ http://localhost:3111/_next/static/chunks/node_modules_next_dist_1e8vcs8._.js:776
[   33850ms] [LOG] [Fast Refresh] done in 19ms @ http://localhost:3111/_next/static/chunks/node_modules_next_dist_1e8vcs8._.js:776
[   33902ms] [LOG] [Fast Refresh] done in 19ms @ http://localhost:3111/_next/static/chunks/node_modules_next_dist_1e8vcs8._.js:776
[   33937ms] [LOG] [Fast Refresh] done in 19ms @ http://localhost:3111/_next/static/chunks/node_modules_next_dist_1e8vcs8._.js:776
[   34001ms] [LOG] [Fast Refresh] done in 19ms @ http://localhost:3111/_next/static/chunks/node_modules_next_dist_1e8vcs8._.js:776
[   34048ms] [LOG] [Fast Refresh] done in 19ms @ http://localhost:3111/_next/static/chunks/node_modules_next_dist_1e8vcs8._.js:776
[   34095ms] [LOG] [Fast Refresh] done in 19ms @ http://localhost:3111/_next/static/chunks/node_modules_next_dist_1e8vcs8._.js:776
[   34158ms] [LOG] [Fast Refresh] done in 19ms @ http://localhost:3111/_next/static/chunks/node_modules_next_dist_1e8vcs8._.js:776
[   34206ms] [LOG] [Fast Refresh] done in 19ms @ http://localhost:3111/_next/static/chunks/node_modules_next_dist_1e8vcs8._.js:776
[   34254ms] [LOG] [Fast Refresh] done in 19ms @ http://localhost:3111/_next/static/chunks/node_modules_next_dist_1e8vcs8._.js:776
[   34301ms] [LOG] [Fast Refresh] done in 19ms @ http://localhost:3111/_next/static/chunks/node_modules_next_dist_1e8vcs8._.js:776
[   34356ms] [LOG] [Fast Refresh] done in 19ms @ http://localhost:3111/_next/static/chunks/node_modules_next_dist_1e8vcs8._.js:776
[   34404ms] [LOG] [Fast Refresh] done in 19ms @ http://localhost:3111/_next/static/chunks/node_modules_next_dist_1e8vcs8._.js:776
[   34470ms] [LOG] [Fast Refresh] done in 19ms @ http://localhost:3111/_next/static/chunks/node_modules_next_dist_1e8vcs8._.js:776
[   34533ms] [LOG] [Fast Refresh] done in 19ms @ http://localhost:3111/_next/static/chunks/node_modules_next_dist_1e8vcs8._.js:776
[   34582ms] [LOG] [Fast Refresh] done in 19ms @ http://localhost:3111/_next/static/chunks/node_modules_next_dist_1e8vcs8._.js:776
[   34645ms] [LOG] [Fast Refresh] done in 19ms @ http://localhost:3111/_next/static/chunks/node_modules_next_dist_1e8vcs8._.js:776
[   34708ms] [LOG] [Fast Refresh] done in 19ms @ http://localhost:3111/_next/static/chunks/node_modules_next_dist_1e8vcs8._.js:776
[   34772ms] [LOG] [Fast Refresh] done in 19ms @ http://localhost:3111/_next/static/chunks/node_modules_next_dist_1e8vcs8._.js:776
[   34820ms] [LOG] [Fast Refresh] done in 19ms @ http://localhost:3111/_next/static/chunks/node_modules_next_dist_1e8vcs8._.js:776
[   34870ms] [LOG] [Fast Refresh] done in 19ms @ http://localhost:3111/_next/static/chunks/node_modules_next_dist_1e8vcs8._.js:776
[   34920ms] [LOG] [Fast Refresh] done in 19ms @ http://localhost:3111/_next/static/chunks/node_modules_next_dist_1e8vcs8._.js:776
[   34969ms] [LOG] [Fast Refresh] done in 19ms @ http://localhost:3111/_next/static/chunks/node_modules_next_dist_1e8vcs8._.js:776
[   35032ms] [LOG] [Fast Refresh] done in 19ms @ http://localhost:3111/_next/static/chunks/node_modules_next_dist_1e8vcs8._.js:776
[   35095ms] [LOG] [Fast Refresh] done in 19ms @ http://localhost:3111/_next/static/chunks/node_modules_next_dist_1e8vcs8._.js:776
[   35157ms] [LOG] [Fast Refresh] done in 19ms @ http://localhost:3111/_next/static/chunks/node_modules_next_dist_1e8vcs8._.js:776
[   35220ms] [LOG] [Fast Refresh] done in 19ms @ http://localhost:3111/_next/static/chunks/node_modules_next_dist_1e8vcs8._.js:776
[   35283ms] [LOG] [Fast Refresh] done in 19ms @ http://localhost:3111/_next/static/chunks/node_modules_next_dist_1e8vcs8._.js:776
[   35345ms] [LOG] [Fast Refresh] done in 19ms @ http://localhost:3111/_next/static/chunks/node_modules_next_dist_1e8vcs8._.js:776
[   35403ms] [LOG] [Fast Refresh] done in 19ms @ http://localhost:3111/_next/static/chunks/node_modules_next_dist_1e8vcs8._.js:776
[   35468ms] [LOG] [Fast Refresh] done in 19ms @ http://localhost:3111/_next/static/chunks/node_modules_next_dist_1e8vcs8._.js:776
[   35532ms] [LOG] [Fast Refresh] done in 19ms @ http://localhost:3111/_next/static/chunks/node_modules_next_dist_1e8vcs8._.js:776
[   35579ms] [LOG] [Fast Refresh] done in 19ms @ http://localhost:3111/_next/static/chunks/node_modules_next_dist_1e8vcs8._.js:776
[   35628ms] [LOG] [Fast Refresh] done in 19ms @ http://localhost:3111/_next/static/chunks/node_modules_next_dist_1e8vcs8._.js:776
[   35675ms] [LOG] [Fast Refresh] done in 19ms @ http://localhost:3111/_next/static/chunks/node_modules_next_dist_1e8vcs8._.js:776
[   35738ms] [LOG] [Fast Refresh] done in 19ms @ http://localhost:3111/_next/static/chunks/node_modules_next_dist_1e8vcs8._.js:776
[   35803ms] [LOG] [Fast Refresh] done in 19ms @ http://localhost:3111/_next/static/chunks/node_modules_next_dist_1e8vcs8._.js:776
[   35851ms] [LOG] [Fast Refresh] done in 19ms @ http://localhost:3111/_next/static/chunks/node_modules_next_dist_1e8vcs8._.js:776
[   35904ms] [LOG] [Fast Refresh] done in 19ms @ http://localhost:3111/_next/static/chunks/node_modules_next_dist_1e8vcs8._.js:776
[   35954ms] [LOG] [Fast Refresh] done in 19ms @ http://localhost:3111/_next/static/chunks/node_modules_next_dist_1e8vcs8._.js:776
[   36017ms] [LOG] [Fast Refresh] done in 19ms @ http://localhost:3111/_next/static/chunks/node_modules_next_dist_1e8vcs8._.js:776
[   36073ms] [LOG] [Fast Refresh] done in 19ms @ http://localhost:3111/_next/static/chunks/node_modules_next_dist_1e8vcs8._.js:776
[   36122ms] [LOG] [Fast Refresh] done in 19ms @ http://localhost:3111/_next/static/chunks/node_modules_next_dist_1e8vcs8._.js:776
[   36171ms] [LOG] [Fast Refresh] done in 19ms @ http://localhost:3111/_next/static/chunks/node_modules_next_dist_1e8vcs8._.js:776
[   36223ms] [LOG] [Fast Refresh] done in 19ms @ http://localhost:3111/_next/static/chunks/node_modules_next_dist_1e8vcs8._.js:776
[   36271ms] [LOG] [Fast Refresh] done in 19ms @ http://localhost:3111/_next/static/chunks/node_modules_next_dist_1e8vcs8._.js:776
[   36323ms] [LOG] [Fast Refresh] done in 19ms @ http://localhost:3111/_next/static/chunks/node_modules_next_dist_1e8vcs8._.js:776
[   36373ms] [LOG] [Fast Refresh] done in 19ms @ http://localhost:3111/_next/static/chunks/node_modules_next_dist_1e8vcs8._.js:776
[   36423ms] [LOG] [Fast Refresh] done in 19ms @ http://localhost:3111/_next/static/chunks/node_modules_next_dist_1e8vcs8._.js:776
[   36473ms] [LOG] [Fast Refresh] done in 19ms @ http://localhost:3111/_next/static/chunks/node_modules_next_dist_1e8vcs8._.js:776
[   36522ms] [LOG] [Fast Refresh] done in 19ms @ http://localhost:3111/_next/static/chunks/node_modules_next_dist_1e8vcs8._.js:776
[   36572ms] [LOG] [Fast Refresh] done in 19ms @ http://localhost:3111/_next/static/chunks/node_modules_next_dist_1e8vcs8._.js:776
[   36622ms] [LOG] [Fast Refresh] done in 19ms @ http://localhost:3111/_next/static/chunks/node_modules_next_dist_1e8vcs8._.js:776
[   36673ms] [LOG] [Fast Refresh] done in 19ms @ http://localhost:3111/_next/static/chunks/node_modules_next_dist_1e8vcs8._.js:776
[   36724ms] [LOG] [Fast Refresh] done in 19ms @ http://localhost:3111/_next/static/chunks/node_modules_next_dist_1e8vcs8._.js:776
[   36774ms] [LOG] [Fast Refresh] done in 19ms @ http://localhost:3111/_next/static/chunks/node_modules_next_dist_1e8vcs8._.js:776
[   36823ms] [LOG] [Fast Refresh] done in 19ms @ http://localhost:3111/_next/static/chunks/node_modules_next_dist_1e8vcs8._.js:776
[   36873ms] [LOG] [Fast Refresh] done in 19ms @ http://localhost:3111/_next/static/chunks/node_modules_next_dist_1e8vcs8._.js:776
[   36921ms] [LOG] [Fast Refresh] done in 19ms @ http://localhost:3111/_next/static/chunks/node_modules_next_dist_1e8vcs8._.js:776
[   36972ms] [LOG] [Fast Refresh] done in 19ms @ http://localhost:3111/_next/static/chunks/node_modules_next_dist_1e8vcs8._.js:776
[   37022ms] [LOG] [Fast Refresh] done in 19ms @ http://localhost:3111/_next/static/chunks/node_modules_next_dist_1e8vcs8._.js:776
[   37073ms] [LOG] [Fast Refresh] done in 19ms @ http://localhost:3111/_next/static/chunks/node_modules_next_dist_1e8vcs8._.js:776
[   37123ms] [LOG] [Fast Refresh] done in 19ms @ http://localhost:3111/_next/static/chunks/node_modules_next_dist_1e8vcs8._.js:776
[   37173ms] [LOG] [Fast Refresh] done in 19ms @ http://localhost:3111/_next/static/chunks/node_modules_next_dist_1e8vcs8._.js:776
[   37222ms] [LOG] [Fast Refresh] done in 19ms @ http://localhost:3111/_next/static/chunks/node_modules_next_dist_1e8vcs8._.js:776
[   37273ms] [LOG] [Fast Refresh] done in 19ms @ http://localhost:3111/_next/static/chunks/node_modules_next_dist_1e8vcs8._.js:776
[   37322ms] [LOG] [Fast Refresh] done in 19ms @ http://localhost:3111/_next/static/chunks/node_modules_next_dist_1e8vcs8._.js:776
[   37372ms] [LOG] [Fast Refresh] done in 19ms @ http://localhost:3111/_next/static/chunks/node_modules_next_dist_1e8vcs8._.js:776
[   37420ms] [LOG] [Fast Refresh] done in 19ms @ http://localhost:3111/_next/static/chunks/node_modules_next_dist_1e8vcs8._.js:776
[   37472ms] [LOG] [Fast Refresh] done in 19ms @ http://localhost:3111/_next/static/chunks/node_modules_next_dist_1e8vcs8._.js:776
[   37520ms] [LOG] [Fast Refresh] done in 19ms @ http://localhost:3111/_next/static/chunks/node_modules_next_dist_1e8vcs8._.js:776
[   37571ms] [LOG] [Fast Refresh] done in 19ms @ http://localhost:3111/_next/static/chunks/node_modules_next_dist_1e8vcs8._.js:776
[   37624ms] [LOG] [Fast Refresh] done in 19ms @ http://localhost:3111/_next/static/chunks/node_modules_next_dist_1e8vcs8._.js:776
[   37674ms] [LOG] [Fast Refresh] done in 19ms @ http://localhost:3111/_next/static/chunks/node_modules_next_dist_1e8vcs8._.js:776
[   37723ms] [LOG] [Fast Refresh] done in 19ms @ http://localhost:3111/_next/static/chunks/node_modules_next_dist_1e8vcs8._.js:776
[   37774ms] [LOG] [Fast Refresh] done in 19ms @ http://localhost:3111/_next/static/chunks/node_modules_next_dist_1e8vcs8._.js:776
[   37824ms] [LOG] [Fast Refresh] done in 19ms @ http://localhost:3111/_next/static/chunks/node_modules_next_dist_1e8vcs8._.js:776
[   37873ms] [LOG] [Fast Refresh] done in 19ms @ http://localhost:3111/_next/static/chunks/node_modules_next_dist_1e8vcs8._.js:776
[   37924ms] [LOG] [Fast Refresh] done in 19ms @ http://localhost:3111/_next/static/chunks/node_modules_next_dist_1e8vcs8._.js:776
[   37973ms] [LOG] [Fast Refresh] done in 19ms @ http://localhost:3111/_next/static/chunks/node_modules_next_dist_1e8vcs8._.js:776
[   38022ms] [LOG] [Fast Refresh] done in 19ms @ http://localhost:3111/_next/static/chunks/node_modules_next_dist_1e8vcs8._.js:776
[   38073ms] [LOG] [Fast Refresh] done in 19ms @ http://localhost:3111/_next/static/chunks/node_modules_next_dist_1e8vcs8._.js:776
[   38121ms] [LOG] [Fast Refresh] done in 19ms @ http://localhost:3111/_next/static/chunks/node_modules_next_dist_1e8vcs8._.js:776
[   38171ms] [LOG] [Fast Refresh] done in 19ms @ http://localhost:3111/_next/static/chunks/node_modules_next_dist_1e8vcs8._.js:776
[   38222ms] [LOG] [Fast Refresh] done in 19ms @ http://localhost:3111/_next/static/chunks/node_modules_next_dist_1e8vcs8._.js:776
[   38272ms] [LOG] [Fast Refresh] done in 19ms @ http://localhost:3111/_next/static/chunks/node_modules_next_dist_1e8vcs8._.js:776
[   38320ms] [LOG] [Fast Refresh] done in 19ms @ http://localhost:3111/_next/static/chunks/node_modules_next_dist_1e8vcs8._.js:776
[   38370ms] [LOG] [Fast Refresh] done in 19ms @ http://localhost:3111/_next/static/chunks/node_modules_next_dist_1e8vcs8._.js:776
[   38422ms] [LOG] [Fast Refresh] done in 19ms @ http://localhost:3111/_next/static/chunks/node_modules_next_dist_1e8vcs8._.js:776
[   38472ms] [LOG] [Fast Refresh] done in 19ms @ http://localhost:3111/_next/static/chunks/node_modules_next_dist_1e8vcs8._.js:776
[   38522ms] [LOG] [Fast Refresh] done in 19ms @ http://localhost:3111/_next/static/chunks/node_modules_next_dist_1e8vcs8._.js:776
[   38571ms] [LOG] [Fast Refresh] done in 19ms @ http://localhost:3111/_next/static/chunks/node_modules_next_dist_1e8vcs8._.js:776
[   38625ms] [LOG] [Fast Refresh] done in 19ms @ http://localhost:3111/_next/static/chunks/node_modules_next_dist_1e8vcs8._.js:776
[   38673ms] [LOG] [Fast Refresh] done in 19ms @ http://localhost:3111/_next/static/chunks/node_modules_next_dist_1e8vcs8._.js:776
[   38722ms] [LOG] [Fast Refresh] done in 19ms @ http://localhost:3111/_next/static/chunks/node_modules_next_dist_1e8vcs8._.js:776
[   38772ms] [LOG] [Fast Refresh] done in 19ms @ http://localhost:3111/_next/static/chunks/node_modules_next_dist_1e8vcs8._.js:776
[   38822ms] [LOG] [Fast Refresh] done in 19ms @ http://localhost:3111/_next/static/chunks/node_modules_next_dist_1e8vcs8._.js:776
[   38877ms] [LOG] [Fast Refresh] done in 19ms @ http://localhost:3111/_next/static/chunks/node_modules_next_dist_1e8vcs8._.js:776
[   38923ms] [LOG] [Fast Refresh] done in 19ms @ http://localhost:3111/_next/static/chunks/node_modules_next_dist_1e8vcs8._.js:776
[   38973ms] [LOG] [Fast Refresh] done in 19ms @ http://localhost:3111/_next/static/chunks/node_modules_next_dist_1e8vcs8._.js:776
[   39027ms] [LOG] [Fast Refresh] done in 19ms @ http://localhost:3111/_next/static/chunks/node_modules_next_dist_1e8vcs8._.js:776
[   39072ms] [LOG] [Fast Refresh] done in 19ms @ http://localhost:3111/_next/static/chunks/node_modules_next_dist_1e8vcs8._.js:776
[   39146ms] [LOG] [Fast Refresh] done in 19ms @ http://localhost:3111/_next/static/chunks/node_modules_next_dist_1e8vcs8._.js:776
[   39222ms] [LOG] [Fast Refresh] done in 19ms @ http://localhost:3111/_next/static/chunks/node_modules_next_dist_1e8vcs8._.js:776
[   39272ms] [LOG] [Fast Refresh] done in 19ms @ http://localhost:3111/_next/static/chunks/node_modules_next_dist_1e8vcs8._.js:776
[   39322ms] [LOG] [Fast Refresh] done in 19ms @ http://localhost:3111/_next/static/chunks/node_modules_next_dist_1e8vcs8._.js:776
[   39379ms] [LOG] [Fast Refresh] done in 19ms @ http://localhost:3111/_next/static/chunks/node_modules_next_dist_1e8vcs8._.js:776
[   39423ms] [LOG] [Fast Refresh] done in 19ms @ http://localhost:3111/_next/static/chunks/node_modules_next_dist_1e8vcs8._.js:776
[   39473ms] [LOG] [Fast Refresh] done in 19ms @ http://localhost:3111/_next/static/chunks/node_modules_next_dist_1e8vcs8._.js:776
[   39523ms] [LOG] [Fast Refresh] done in 19ms @ http://localhost:3111/_next/static/chunks/node_modules_next_dist_1e8vcs8._.js:776
[   39573ms] [LOG] [Fast Refresh] done in 19ms @ http://localhost:3111/_next/static/chunks/node_modules_next_dist_1e8vcs8._.js:776
[   39637ms] [LOG] [Fast Refresh] done in 19ms @ http://localhost:3111/_next/static/chunks/node_modules_next_dist_1e8vcs8._.js:776
[   39703ms] [LOG] [Fast Refresh] done in 19ms @ http://localhost:3111/_next/static/chunks/node_modules_next_dist_1e8vcs8._.js:776
[   39755ms] [LOG] [Fast Refresh] done in 19ms @ http://localhost:3111/_next/static/chunks/node_modules_next_dist_1e8vcs8._.js:776
[   39809ms] [LOG] [Fast Refresh] done in 19ms @ http://localhost:3111/_next/static/chunks/node_modules_next_dist_1e8vcs8._.js:776
[   39856ms] [LOG] [Fast Refresh] done in 19ms @ http://localhost:3111/_next/static/chunks/node_modules_next_dist_1e8vcs8._.js:776
[   39902ms] [LOG] [Fast Refresh] done in 19ms @ http://localhost:3111/_next/static/chunks/node_modules_next_dist_1e8vcs8._.js:776
[   39956ms] [LOG] [Fast Refresh] done in 19ms @ http://localhost:3111/_next/static/chunks/node_modules_next_dist_1e8vcs8._.js:776
[   40009ms] [LOG] [Fast Refresh] done in 19ms @ http://localhost:3111/_next/static/chunks/node_modules_next_dist_1e8vcs8._.js:776
[   40083ms] [INFO] %cDownload the React DevTools for a better development experience: https://react.dev/link/react-devtools font-weight:bold @ http://localhost:3111/_next/static/chunks/node_modules_next_dist_1e8vcs8._.js:776
[   40101ms] [LOG] [HMR] connected @ http://localhost:3111/_next/static/chunks/node_modules_next_dist_1e8vcs8._.js:776
[  236582ms] [LOG] [Fast Refresh] rebuilding @ http://localhost:3111/_next/static/chunks/node_modules_next_dist_1e8vcs8._.js:776
[  236678ms] [LOG] [Fast Refresh] done in 94ms @ http://localhost:3111/_next/static/chunks/node_modules_next_dist_1e8vcs8._.js:776
[  236797ms] [LOG] [Fast Refresh] done in 94ms @ http://localhost:3111/_next/static/chunks/node_modules_next_dist_1e8vcs8._.js:776
[  236870ms] [LOG] [Fast Refresh] done in 94ms @ http://localhost:3111/_next/static/chunks/node_modules_next_dist_1e8vcs8._.js:776
[  236928ms] [LOG] [Fast Refresh] done in 94ms @ http://localhost:3111/_next/static/chunks/node_modules_next_dist_1e8vcs8._.js:776
[  236995ms] [LOG] [Fast Refresh] done in 94ms @ http://localhost:3111/_next/static/chunks/node_modules_next_dist_1e8vcs8._.js:776
[  237033ms] [LOG] [Fast Refresh] done in 94ms @ http://localhost:3111/_next/static/chunks/node_modules_next_dist_1e8vcs8._.js:776
[  237085ms] [LOG] [Fast Refresh] done in 94ms @ http://localhost:3111/_next/static/chunks/node_modules_next_dist_1e8vcs8._.js:776
[  237141ms] [LOG] [Fast Refresh] done in 94ms @ http://localhost:3111/_next/static/chunks/node_modules_next_dist_1e8vcs8._.js:776
[  237185ms] [LOG] [Fast Refresh] done in 94ms @ http://localhost:3111/_next/static/chunks/node_modules_next_dist_1e8vcs8._.js:776
[  237234ms] [LOG] [Fast Refresh] done in 94ms @ http://localhost:3111/_next/static/chunks/node_modules_next_dist_1e8vcs8._.js:776
[  237287ms] [LOG] [Fast Refresh] done in 94ms @ http://localhost:3111/_next/static/chunks/node_modules_next_dist_1e8vcs8._.js:776
[  237342ms] [LOG] [Fast Refresh] done in 94ms @ http://localhost:3111/_next/static/chunks/node_modules_next_dist_1e8vcs8._.js:776
[  237387ms] [LOG] [Fast Refresh] done in 94ms @ http://localhost:3111/_next/static/chunks/node_modules_next_dist_1e8vcs8._.js:776
[  237435ms] [LOG] [Fast Refresh] done in 94ms @ http://localhost:3111/_next/static/chunks/node_modules_next_dist_1e8vcs8._.js:776
[  237484ms] [LOG] [Fast Refresh] done in 94ms @ http://localhost:3111/_next/static/chunks/node_modules_next_dist_1e8vcs8._.js:776
[  237535ms] [LOG] [Fast Refresh] done in 94ms @ http://localhost:3111/_next/static/chunks/node_modules_next_dist_1e8vcs8._.js:776
[  237587ms] [LOG] [Fast Refresh] done in 94ms @ http://localhost:3111/_next/static/chunks/node_modules_next_dist_1e8vcs8._.js:776
[  237637ms] [LOG] [Fast Refresh] done in 94ms @ http://localhost:3111/_next/static/chunks/node_modules_next_dist_1e8vcs8._.js:776
[  237687ms] [LOG] [Fast Refresh] done in 94ms @ http://localhost:3111/_next/static/chunks/node_modules_next_dist_1e8vcs8._.js:776
[  237737ms] [LOG] [Fast Refresh] done in 94ms @ http://localhost:3111/_next/static/chunks/node_modules_next_dist_1e8vcs8._.js:776
[  237786ms] [LOG] [Fast Refresh] done in 94ms @ http://localhost:3111/_next/static/chunks/node_modules_next_dist_1e8vcs8._.js:776
[  237836ms] [LOG] [Fast Refresh] done in 94ms @ http://localhost:3111/_next/static/chunks/node_modules_next_dist_1e8vcs8._.js:776
[  237885ms] [LOG] [Fast Refresh] done in 94ms @ http://localhost:3111/_next/static/chunks/node_modules_next_dist_1e8vcs8._.js:776
[  237937ms] [LOG] [Fast Refresh] done in 94ms @ http://localhost:3111/_next/static/chunks/node_modules_next_dist_1e8vcs8._.js:776
[  238006ms] [LOG] [Fast Refresh] done in 94ms @ http://localhost:3111/_next/static/chunks/node_modules_next_dist_1e8vcs8._.js:776
[  238065ms] [LOG] [Fast Refresh] done in 94ms @ http://localhost:3111/_next/static/chunks/node_modules_next_dist_1e8vcs8._.js:776
[  238117ms] [LOG] [Fast Refresh] done in 94ms @ http://localhost:3111/_next/static/chunks/node_modules_next_dist_1e8vcs8._.js:776
[  238254ms] [LOG] [Fast Refresh] done in 94ms @ http://localhost:3111/_next/static/chunks/node_modules_next_dist_1e8vcs8._.js:776
[  238342ms] [LOG] [Fast Refresh] done in 94ms @ http://localhost:3111/_next/static/chunks/node_modules_next_dist_1e8vcs8._.js:776
[  238386ms] [LOG] [Fast Refresh] done in 94ms @ http://localhost:3111/_next/static/chunks/node_modules_next_dist_1e8vcs8._.js:776
[  238434ms] [LOG] [Fast Refresh] done in 94ms @ http://localhost:3111/_next/static/chunks/node_modules_next_dist_1e8vcs8._.js:776
[  238470ms] [LOG] [Fast Refresh] done in 94ms @ http://localhost:3111/_next/static/chunks/node_modules_next_dist_1e8vcs8._.js:776
[  238519ms] [LOG] [Fast Refresh] done in 94ms @ http://localhost:3111/_next/static/chunks/node_modules_next_dist_1e8vcs8._.js:776
[  238569ms] [LOG] [Fast Refresh] done in 94ms @ http://localhost:3111/_next/static/chunks/node_modules_next_dist_1e8vcs8._.js:776
[  238636ms] [LOG] [Fast Refresh] done in 94ms @ http://localhost:3111/_next/static/chunks/node_modules_next_dist_1e8vcs8._.js:776
[  238717ms] [LOG] [Fast Refresh] done in 94ms @ http://localhost:3111/_next/static/chunks/node_modules_next_dist_1e8vcs8._.js:776
[  238759ms] [LOG] [Fast Refresh] done in 94ms @ http://localhost:3111/_next/static/chunks/node_modules_next_dist_1e8vcs8._.js:776
[  238802ms] [LOG] [Fast Refresh] done in 94ms @ http://localhost:3111/_next/static/chunks/node_modules_next_dist_1e8vcs8._.js:776
[  238852ms] [LOG] [Fast Refresh] done in 94ms @ http://localhost:3111/_next/static/chunks/node_modules_next_dist_1e8vcs8._.js:776
[  238915ms] [LOG] [Fast Refresh] done in 94ms @ http://localhost:3111/_next/static/chunks/node_modules_next_dist_1e8vcs8._.js:776
[  238973ms] [LOG] [Fast Refresh] done in 94ms @ http://localhost:3111/_next/static/chunks/node_modules_next_dist_1e8vcs8._.js:776
[  239020ms] [LOG] [Fast Refresh] done in 94ms @ http://localhost:3111/_next/static/chunks/node_modules_next_dist_1e8vcs8._.js:776
[  239069ms] [LOG] [Fast Refresh] done in 94ms @ http://localhost:3111/_next/static/chunks/node_modules_next_dist_1e8vcs8._.js:776
[  239118ms] [LOG] [Fast Refresh] done in 94ms @ http://localhost:3111/_next/static/chunks/node_modules_next_dist_1e8vcs8._.js:776
[  239171ms] [LOG] [Fast Refresh] done in 94ms @ http://localhost:3111/_next/static/chunks/node_modules_next_dist_1e8vcs8._.js:776
[  239224ms] [LOG] [Fast Refresh] done in 94ms @ http://localhost:3111/_next/static/chunks/node_modules_next_dist_1e8vcs8._.js:776
[  239545ms] [LOG] [Fast Refresh] done in 94ms @ http://localhost:3111/_next/static/chunks/node_modules_next_dist_1e8vcs8._.js:776
[  239617ms] [LOG] [Fast Refresh] done in 94ms @ http://localhost:3111/_next/static/chunks/node_modules_next_dist_1e8vcs8._.js:776
[  239669ms] [LOG] [Fast Refresh] done in 94ms @ http://localhost:3111/_next/static/chunks/node_modules_next_dist_1e8vcs8._.js:776
[  239732ms] [LOG] [Fast Refresh] done in 94ms @ http://localhost:3111/_next/static/chunks/node_modules_next_dist_1e8vcs8._.js:776
[  239784ms] [LOG] [Fast Refresh] done in 94ms @ http://localhost:3111/_next/static/chunks/node_modules_next_dist_1e8vcs8._.js:776
[  239834ms] [LOG] [Fast Refresh] done in 94ms @ http://localhost:3111/_next/static/chunks/node_modules_next_dist_1e8vcs8._.js:776
[  239883ms] [LOG] [Fast Refresh] done in 94ms @ http://localhost:3111/_next/static/chunks/node_modules_next_dist_1e8vcs8._.js:776
[  239932ms] [LOG] [Fast Refresh] done in 94ms @ http://localhost:3111/_next/static/chunks/node_modules_next_dist_1e8vcs8._.js:776
[  239967ms] [LOG] [Fast Refresh] done in 94ms @ http://localhost:3111/_next/static/chunks/node_modules_next_dist_1e8vcs8._.js:776
[  240017ms] [LOG] [Fast Refresh] done in 94ms @ http://localhost:3111/_next/static/chunks/node_modules_next_dist_1e8vcs8._.js:776
[  240085ms] [LOG] [Fast Refresh] done in 94ms @ http://localhost:3111/_next/static/chunks/node_modules_next_dist_1e8vcs8._.js:776
[  240135ms] [LOG] [Fast Refresh] done in 94ms @ http://localhost:3111/_next/static/chunks/node_modules_next_dist_1e8vcs8._.js:776
[  240184ms] [LOG] [Fast Refresh] done in 94ms @ http://localhost:3111/_next/static/chunks/node_modules_next_dist_1e8vcs8._.js:776
[  240233ms] [LOG] [Fast Refresh] done in 94ms @ http://localhost:3111/_next/static/chunks/node_modules_next_dist_1e8vcs8._.js:776
[  240284ms] [LOG] [Fast Refresh] done in 94ms @ http://localhost:3111/_next/static/chunks/node_modules_next_dist_1e8vcs8._.js:776
[  240335ms] [LOG] [Fast Refresh] done in 94ms @ http://localhost:3111/_next/static/chunks/node_modules_next_dist_1e8vcs8._.js:776
[  240383ms] [LOG] [Fast Refresh] done in 94ms @ http://localhost:3111/_next/static/chunks/node_modules_next_dist_1e8vcs8._.js:776
[  240436ms] [LOG] [Fast Refresh] done in 94ms @ http://localhost:3111/_next/static/chunks/node_modules_next_dist_1e8vcs8._.js:776
[  240486ms] [LOG] [Fast Refresh] done in 94ms @ http://localhost:3111/_next/static/chunks/node_modules_next_dist_1e8vcs8._.js:776
[  240548ms] [LOG] [Fast Refresh] done in 94ms @ http://localhost:3111/_next/static/chunks/node_modules_next_dist_1e8vcs8._.js:776
[  240601ms] [LOG] [Fast Refresh] done in 94ms @ http://localhost:3111/_next/static/chunks/node_modules_next_dist_1e8vcs8._.js:776
[  240669ms] [LOG] [Fast Refresh] done in 94ms @ http://localhost:3111/_next/static/chunks/node_modules_next_dist_1e8vcs8._.js:776
[  240719ms] [LOG] [Fast Refresh] done in 94ms @ http://localhost:3111/_next/static/chunks/node_modules_next_dist_1e8vcs8._.js:776
[  240769ms] [LOG] [Fast Refresh] done in 94ms @ http://localhost:3111/_next/static/chunks/node_modules_next_dist_1e8vcs8._.js:776
[  240817ms] [LOG] [Fast Refresh] done in 94ms @ http://localhost:3111/_next/static/chunks/node_modules_next_dist_1e8vcs8._.js:776
[  240882ms] [LOG] [Fast Refresh] done in 94ms @ http://localhost:3111/_next/static/chunks/node_modules_next_dist_1e8vcs8._.js:776
[  240933ms] [LOG] [Fast Refresh] done in 94ms @ http://localhost:3111/_next/static/chunks/node_modules_next_dist_1e8vcs8._.js:776
[  240983ms] [LOG] [Fast Refresh] done in 94ms @ http://localhost:3111/_next/static/chunks/node_modules_next_dist_1e8vcs8._.js:776
[  241034ms] [LOG] [Fast Refresh] done in 94ms @ http://localhost:3111/_next/static/chunks/node_modules_next_dist_1e8vcs8._.js:776
[  241085ms] [LOG] [Fast Refresh] done in 94ms @ http://localhost:3111/_next/static/chunks/node_modules_next_dist_1e8vcs8._.js:776
[  241152ms] [LOG] [Fast Refresh] done in 94ms @ http://localhost:3111/_next/static/chunks/node_modules_next_dist_1e8vcs8._.js:776
[  241202ms] [LOG] [Fast Refresh] done in 94ms @ http://localhost:3111/_next/static/chunks/node_modules_next_dist_1e8vcs8._.js:776
[  241252ms] [LOG] [Fast Refresh] done in 94ms @ http://localhost:3111/_next/static/chunks/node_modules_next_dist_1e8vcs8._.js:776
[  241302ms] [LOG] [Fast Refresh] done in 94ms @ http://localhost:3111/_next/static/chunks/node_modules_next_dist_1e8vcs8._.js:776
[  241352ms] [LOG] [Fast Refresh] done in 94ms @ http://localhost:3111/_next/static/chunks/node_modules_next_dist_1e8vcs8._.js:776
[  241400ms] [LOG] [Fast Refresh] done in 94ms @ http://localhost:3111/_next/static/chunks/node_modules_next_dist_1e8vcs8._.js:776
[  241451ms] [LOG] [Fast Refresh] done in 94ms @ http://localhost:3111/_next/static/chunks/node_modules_next_dist_1e8vcs8._.js:776
[  241501ms] [LOG] [Fast Refresh] done in 94ms @ http://localhost:3111/_next/static/chunks/node_modules_next_dist_1e8vcs8._.js:776
[  241550ms] [LOG] [Fast Refresh] done in 94ms @ http://localhost:3111/_next/static/chunks/node_modules_next_dist_1e8vcs8._.js:776
[  241600ms] [LOG] [Fast Refresh] done in 94ms @ http://localhost:3111/_next/static/chunks/node_modules_next_dist_1e8vcs8._.js:776
[  241652ms] [LOG] [Fast Refresh] done in 94ms @ http://localhost:3111/_next/static/chunks/node_modules_next_dist_1e8vcs8._.js:776
[  241700ms] [LOG] [Fast Refresh] done in 94ms @ http://localhost:3111/_next/static/chunks/node_modules_next_dist_1e8vcs8._.js:776
[  241750ms] [LOG] [Fast Refresh] done in 94ms @ http://localhost:3111/_next/static/chunks/node_modules_next_dist_1e8vcs8._.js:776
[  241802ms] [LOG] [Fast Refresh] done in 94ms @ http://localhost:3111/_next/static/chunks/node_modules_next_dist_1e8vcs8._.js:776
[  241850ms] [LOG] [Fast Refresh] done in 94ms @ http://localhost:3111/_next/static/chunks/node_modules_next_dist_1e8vcs8._.js:776
[  241900ms] [LOG] [Fast Refresh] done in 94ms @ http://localhost:3111/_next/static/chunks/node_modules_next_dist_1e8vcs8._.js:776
[  241952ms] [LOG] [Fast Refresh] done in 94ms @ http://localhost:3111/_next/static/chunks/node_modules_next_dist_1e8vcs8._.js:776
[  242000ms] [LOG] [Fast Refresh] done in 94ms @ http://localhost:3111/_next/static/chunks/node_modules_next_dist_1e8vcs8._.js:776
[  242050ms] [LOG] [Fast Refresh] done in 94ms @ http://localhost:3111/_next/static/chunks/node_modules_next_dist_1e8vcs8._.js:776
[  242099ms] [LOG] [Fast Refresh] done in 94ms @ http://localhost:3111/_next/static/chunks/node_modules_next_dist_1e8vcs8._.js:776
[  242152ms] [LOG] [Fast Refresh] done in 94ms @ http://localhost:3111/_next/static/chunks/node_modules_next_dist_1e8vcs8._.js:776
[  242199ms] [LOG] [Fast Refresh] done in 94ms @ http://localhost:3111/_next/static/chunks/node_modules_next_dist_1e8vcs8._.js:776
[  242252ms] [LOG] [Fast Refresh] done in 94ms @ http://localhost:3111/_next/static/chunks/node_modules_next_dist_1e8vcs8._.js:776
[  242318ms] [LOG] [Fast Refresh] done in 94ms @ http://localhost:3111/_next/static/chunks/node_modules_next_dist_1e8vcs8._.js:776
[  242367ms] [LOG] [Fast Refresh] done in 94ms @ http://localhost:3111/_next/static/chunks/node_modules_next_dist_1e8vcs8._.js:776
[  242419ms] [LOG] [Fast Refresh] done in 94ms @ http://localhost:3111/_next/static/chunks/node_modules_next_dist_1e8vcs8._.js:776
[  242467ms] [LOG] [Fast Refresh] done in 94ms @ http://localhost:3111/_next/static/chunks/node_modules_next_dist_1e8vcs8._.js:776
[  242517ms] [LOG] [Fast Refresh] done in 94ms @ http://localhost:3111/_next/static/chunks/node_modules_next_dist_1e8vcs8._.js:776
[  242567ms] [LOG] [Fast Refresh] done in 94ms @ http://localhost:3111/_next/static/chunks/node_modules_next_dist_1e8vcs8._.js:776
[  242618ms] [LOG] [Fast Refresh] done in 94ms @ http://localhost:3111/_next/static/chunks/node_modules_next_dist_1e8vcs8._.js:776
[  242667ms] [LOG] [Fast Refresh] done in 94ms @ http://localhost:3111/_next/static/chunks/node_modules_next_dist_1e8vcs8._.js:776
[  242717ms] [LOG] [Fast Refresh] done in 94ms @ http://localhost:3111/_next/static/chunks/node_modules_next_dist_1e8vcs8._.js:776
[  242772ms] [LOG] [Fast Refresh] done in 94ms @ http://localhost:3111/_next/static/chunks/node_modules_next_dist_1e8vcs8._.js:776
[  242838ms] [LOG] [Fast Refresh] done in 94ms @ http://localhost:3111/_next/static/chunks/node_modules_next_dist_1e8vcs8._.js:776
[  242907ms] [LOG] [Fast Refresh] done in 94ms @ http://localhost:3111/_next/static/chunks/node_modules_next_dist_1e8vcs8._.js:776
[  242953ms] [LOG] [Fast Refresh] done in 94ms @ http://localhost:3111/_next/static/chunks/node_modules_next_dist_1e8vcs8._.js:776
[  243003ms] [LOG] [Fast Refresh] done in 94ms @ http://localhost:3111/_next/static/chunks/node_modules_next_dist_1e8vcs8._.js:776
[  243069ms] [LOG] [Fast Refresh] done in 94ms @ http://localhost:3111/_next/static/chunks/node_modules_next_dist_1e8vcs8._.js:776
[  243129ms] [LOG] [Fast Refresh] done in 94ms @ http://localhost:3111/_next/static/chunks/node_modules_next_dist_1e8vcs8._.js:776
[  243226ms] [LOG] [Fast Refresh] done in 94ms @ http://localhost:3111/_next/static/chunks/node_modules_next_dist_1e8vcs8._.js:776
[  243269ms] [LOG] [Fast Refresh] done in 94ms @ http://localhost:3111/_next/static/chunks/node_modules_next_dist_1e8vcs8._.js:776
[  243335ms] [LOG] [Fast Refresh] done in 94ms @ http://localhost:3111/_next/static/chunks/node_modules_next_dist_1e8vcs8._.js:776
[  243404ms] [LOG] [Fast Refresh] done in 94ms @ http://localhost:3111/_next/static/chunks/node_modules_next_dist_1e8vcs8._.js:776
[  243464ms] [LOG] [Fast Refresh] done in 94ms @ http://localhost:3111/_next/static/chunks/node_modules_next_dist_1e8vcs8._.js:776
[  243520ms] [LOG] [Fast Refresh] done in 94ms @ http://localhost:3111/_next/static/chunks/node_modules_next_dist_1e8vcs8._.js:776
[  243574ms] [LOG] [Fast Refresh] done in 94ms @ http://localhost:3111/_next/static/chunks/node_modules_next_dist_1e8vcs8._.js:776
[  243621ms] [LOG] [Fast Refresh] done in 94ms @ http://localhost:3111/_next/static/chunks/node_modules_next_dist_1e8vcs8._.js:776
[  243671ms] [LOG] [Fast Refresh] done in 94ms @ http://localhost:3111/_next/static/chunks/node_modules_next_dist_1e8vcs8._.js:776
[  243719ms] [LOG] [Fast Refresh] done in 94ms @ http://localhost:3111/_next/static/chunks/node_modules_next_dist_1e8vcs8._.js:776
[  243770ms] [LOG] [Fast Refresh] done in 94ms @ http://localhost:3111/_next/static/chunks/node_modules_next_dist_1e8vcs8._.js:776
[  243818ms] [LOG] [Fast Refresh] done in 94ms @ http://localhost:3111/_next/static/chunks/node_modules_next_dist_1e8vcs8._.js:776
[  243892ms] [LOG] [Fast Refresh] done in 94ms @ http://localhost:3111/_next/static/chunks/node_modules_next_dist_1e8vcs8._.js:776
[  243952ms] [LOG] [Fast Refresh] done in 94ms @ http://localhost:3111/_next/static/chunks/node_modules_next_dist_1e8vcs8._.js:776
[  244002ms] [LOG] [Fast Refresh] done in 94ms @ http://localhost:3111/_next/static/chunks/node_modules_next_dist_1e8vcs8._.js:776
[  244051ms] [LOG] [Fast Refresh] done in 94ms @ http://localhost:3111/_next/static/chunks/node_modules_next_dist_1e8vcs8._.js:776
[  244100ms] [LOG] [Fast Refresh] done in 94ms @ http://localhost:3111/_next/static/chunks/node_modules_next_dist_1e8vcs8._.js:776
[  244150ms] [LOG] [Fast Refresh] done in 94ms @ http://localhost:3111/_next/static/chunks/node_modules_next_dist_1e8vcs8._.js:776
[  244199ms] [LOG] [Fast Refresh] done in 94ms @ http://localhost:3111/_next/static/chunks/node_modules_next_dist_1e8vcs8._.js:776
[  244250ms] [LOG] [Fast Refresh] done in 94ms @ http://localhost:3111/_next/static/chunks/node_modules_next_dist_1e8vcs8._.js:776
[  244300ms] [LOG] [Fast Refresh] done in 94ms @ http://localhost:3111/_next/static/chunks/node_modules_next_dist_1e8vcs8._.js:776
[  244349ms] [LOG] [Fast Refresh] done in 94ms @ http://localhost:3111/_next/static/chunks/node_modules_next_dist_1e8vcs8._.js:776
[  244418ms] [LOG] [Fast Refresh] done in 94ms @ http://localhost:3111/_next/static/chunks/node_modules_next_dist_1e8vcs8._.js:776
[  244468ms] [LOG] [Fast Refresh] done in 94ms @ http://localhost:3111/_next/static/chunks/node_modules_next_dist_1e8vcs8._.js:776
[  244516ms] [LOG] [Fast Refresh] done in 94ms @ http://localhost:3111/_next/static/chunks/node_modules_next_dist_1e8vcs8._.js:776
[  244568ms] [LOG] [Fast Refresh] done in 94ms @ http://localhost:3111/_next/static/chunks/node_modules_next_dist_1e8vcs8._.js:776
[  244617ms] [LOG] [Fast Refresh] done in 94ms @ http://localhost:3111/_next/static/chunks/node_modules_next_dist_1e8vcs8._.js:776
[  244668ms] [LOG] [Fast Refresh] done in 94ms @ http://localhost:3111/_next/static/chunks/node_modules_next_dist_1e8vcs8._.js:776
[  244702ms] [LOG] [Fast Refresh] done in 94ms @ http://localhost:3111/_next/static/chunks/node_modules_next_dist_1e8vcs8._.js:776
[  244749ms] [LOG] [Fast Refresh] done in 94ms @ http://localhost:3111/_next/static/chunks/node_modules_next_dist_1e8vcs8._.js:776
[  244800ms] [LOG] [Fast Refresh] done in 94ms @ http://localhost:3111/_next/static/chunks/node_modules_next_dist_1e8vcs8._.js:776
[  244850ms] [LOG] [Fast Refresh] done in 94ms @ http://localhost:3111/_next/static/chunks/node_modules_next_dist_1e8vcs8._.js:776
[  244899ms] [LOG] [Fast Refresh] done in 94ms @ http://localhost:3111/_next/static/chunks/node_modules_next_dist_1e8vcs8._.js:776
[  244949ms] [LOG] [Fast Refresh] done in 94ms @ http://localhost:3111/_next/static/chunks/node_modules_next_dist_1e8vcs8._.js:776
[  245000ms] [LOG] [Fast Refresh] done in 94ms @ http://localhost:3111/_next/static/chunks/node_modules_next_dist_1e8vcs8._.js:776
[  245052ms] [LOG] [Fast Refresh] done in 94ms @ http://localhost:3111/_next/static/chunks/node_modules_next_dist_1e8vcs8._.js:776
[  245099ms] [LOG] [Fast Refresh] done in 94ms @ http://localhost:3111/_next/static/chunks/node_modules_next_dist_1e8vcs8._.js:776
[  245150ms] [LOG] [Fast Refresh] done in 94ms @ http://localhost:3111/_next/static/chunks/node_modules_next_dist_1e8vcs8._.js:776
[  245199ms] [LOG] [Fast Refresh] done in 94ms @ http://localhost:3111/_next/static/chunks/node_modules_next_dist_1e8vcs8._.js:776
[  245249ms] [LOG] [Fast Refresh] done in 94ms @ http://localhost:3111/_next/static/chunks/node_modules_next_dist_1e8vcs8._.js:776
[  245299ms] [LOG] [Fast Refresh] done in 94ms @ http://localhost:3111/_next/static/chunks/node_modules_next_dist_1e8vcs8._.js:776
[  245351ms] [LOG] [Fast Refresh] done in 94ms @ http://localhost:3111/_next/static/chunks/node_modules_next_dist_1e8vcs8._.js:776
[  245399ms] [LOG] [Fast Refresh] done in 94ms @ http://localhost:3111/_next/static/chunks/node_modules_next_dist_1e8vcs8._.js:776
[  245449ms] [LOG] [Fast Refresh] done in 94ms @ http://localhost:3111/_next/static/chunks/node_modules_next_dist_1e8vcs8._.js:776
[  245499ms] [LOG] [Fast Refresh] done in 94ms @ http://localhost:3111/_next/static/chunks/node_modules_next_dist_1e8vcs8._.js:776
[  245552ms] [LOG] [Fast Refresh] done in 94ms @ http://localhost:3111/_next/static/chunks/node_modules_next_dist_1e8vcs8._.js:776
[  245601ms] [LOG] [Fast Refresh] done in 94ms @ http://localhost:3111/_next/static/chunks/node_modules_next_dist_1e8vcs8._.js:776
[  245649ms] [LOG] [Fast Refresh] done in 94ms @ http://localhost:3111/_next/static/chunks/node_modules_next_dist_1e8vcs8._.js:776
[  245699ms] [LOG] [Fast Refresh] done in 94ms @ http://localhost:3111/_next/static/chunks/node_modules_next_dist_1e8vcs8._.js:776
[  245750ms] [LOG] [Fast Refresh] done in 94ms @ http://localhost:3111/_next/static/chunks/node_modules_next_dist_1e8vcs8._.js:776
[  245800ms] [LOG] [Fast Refresh] done in 94ms @ http://localhost:3111/_next/static/chunks/node_modules_next_dist_1e8vcs8._.js:776
[  245850ms] [LOG] [Fast Refresh] done in 94ms @ http://localhost:3111/_next/static/chunks/node_modules_next_dist_1e8vcs8._.js:776
[  245903ms] [LOG] [Fast Refresh] done in 94ms @ http://localhost:3111/_next/static/chunks/node_modules_next_dist_1e8vcs8._.js:776
[  245954ms] [LOG] [Fast Refresh] done in 94ms @ http://localhost:3111/_next/static/chunks/node_modules_next_dist_1e8vcs8._.js:776
[  246004ms] [LOG] [Fast Refresh] done in 94ms @ http://localhost:3111/_next/static/chunks/node_modules_next_dist_1e8vcs8._.js:776
[  246052ms] [LOG] [Fast Refresh] done in 94ms @ http://localhost:3111/_next/static/chunks/node_modules_next_dist_1e8vcs8._.js:776
[  246103ms] [LOG] [Fast Refresh] done in 94ms @ http://localhost:3111/_next/static/chunks/node_modules_next_dist_1e8vcs8._.js:776
[  246155ms] [LOG] [Fast Refresh] done in 94ms @ http://localhost:3111/_next/static/chunks/node_modules_next_dist_1e8vcs8._.js:776
[  246208ms] [LOG] [Fast Refresh] done in 94ms @ http://localhost:3111/_next/static/chunks/node_modules_next_dist_1e8vcs8._.js:776
[  246253ms] [LOG] [Fast Refresh] done in 94ms @ http://localhost:3111/_next/static/chunks/node_modules_next_dist_1e8vcs8._.js:776
[  246306ms] [LOG] [Fast Refresh] done in 94ms @ http://localhost:3111/_next/static/chunks/node_modules_next_dist_1e8vcs8._.js:776
[  246372ms] [LOG] [Fast Refresh] done in 94ms @ http://localhost:3111/_next/static/chunks/node_modules_next_dist_1e8vcs8._.js:776
[  246436ms] [LOG] [Fast Refresh] done in 94ms @ http://localhost:3111/_next/static/chunks/node_modules_next_dist_1e8vcs8._.js:776
[  246485ms] [LOG] [Fast Refresh] done in 94ms @ http://localhost:3111/_next/static/chunks/node_modules_next_dist_1e8vcs8._.js:776
[  246536ms] [LOG] [Fast Refresh] done in 94ms @ http://localhost:3111/_next/static/chunks/node_modules_next_dist_1e8vcs8._.js:776
[  246585ms] [LOG] [Fast Refresh] done in 94ms @ http://localhost:3111/_next/static/chunks/node_modules_next_dist_1e8vcs8._.js:776
[  246635ms] [LOG] [Fast Refresh] done in 94ms @ http://localhost:3111/_next/static/chunks/node_modules_next_dist_1e8vcs8._.js:776
[  246689ms] [LOG] [Fast Refresh] done in 94ms @ http://localhost:3111/_next/static/chunks/node_modules_next_dist_1e8vcs8._.js:776
[  246736ms] [LOG] [Fast Refresh] done in 94ms @ http://localhost:3111/_next/static/chunks/node_modules_next_dist_1e8vcs8._.js:776
[  246786ms] [LOG] [Fast Refresh] done in 94ms @ http://localhost:3111/_next/static/chunks/node_modules_next_dist_1e8vcs8._.js:776
[  246835ms] [LOG] [Fast Refresh] done in 94ms @ http://localhost:3111/_next/static/chunks/node_modules_next_dist_1e8vcs8._.js:776
[  246885ms] [LOG] [Fast Refresh] done in 94ms @ http://localhost:3111/_next/static/chunks/node_modules_next_dist_1e8vcs8._.js:776
[  246935ms] [LOG] [Fast Refresh] done in 94ms @ http://localhost:3111/_next/static/chunks/node_modules_next_dist_1e8vcs8._.js:776
[  246986ms] [LOG] [Fast Refresh] done in 94ms @ http://localhost:3111/_next/static/chunks/node_modules_next_dist_1e8vcs8._.js:776
[  247032ms] [LOG] [Fast Refresh] done in 94ms @ http://localhost:3111/_next/static/chunks/node_modules_next_dist_1e8vcs8._.js:776
[  247096ms] [LOG] [Fast Refresh] done in 94ms @ http://localhost:3111/_next/static/chunks/node_modules_next_dist_1e8vcs8._.js:776
[  247144ms] [LOG] [Fast Refresh] done in 94ms @ http://localhost:3111/_next/static/chunks/node_modules_next_dist_1e8vcs8._.js:776
[  247206ms] [LOG] [Fast Refresh] done in 94ms @ http://localhost:3111/_next/static/chunks/node_modules_next_dist_1e8vcs8._.js:776
[  247254ms] [LOG] [Fast Refresh] done in 94ms @ http://localhost:3111/_next/static/chunks/node_modules_next_dist_1e8vcs8._.js:776
[  247319ms] [LOG] [Fast Refresh] done in 94ms @ http://localhost:3111/_next/static/chunks/node_modules_next_dist_1e8vcs8._.js:776
[  247368ms] [LOG] [Fast Refresh] done in 94ms @ http://localhost:3111/_next/static/chunks/node_modules_next_dist_1e8vcs8._.js:776
[  247415ms] [LOG] [Fast Refresh] done in 94ms @ http://localhost:3111/_next/static/chunks/node_modules_next_dist_1e8vcs8._.js:776
[  247481ms] [LOG] [Fast Refresh] done in 94ms @ http://localhost:3111/_next/static/chunks/node_modules_next_dist_1e8vcs8._.js:776
[  247544ms] [LOG] [Fast Refresh] done in 94ms @ http://localhost:3111/_next/static/chunks/node_modules_next_dist_1e8vcs8._.js:776
[  247593ms] [LOG] [Fast Refresh] done in 94ms @ http://localhost:3111/_next/static/chunks/node_modules_next_dist_1e8vcs8._.js:776
[  247655ms] [LOG] [Fast Refresh] done in 94ms @ http://localhost:3111/_next/static/chunks/node_modules_next_dist_1e8vcs8._.js:776
[  247718ms] [LOG] [Fast Refresh] done in 94ms @ http://localhost:3111/_next/static/chunks/node_modules_next_dist_1e8vcs8._.js:776
[  247782ms] [LOG] [Fast Refresh] done in 94ms @ http://localhost:3111/_next/static/chunks/node_modules_next_dist_1e8vcs8._.js:776
[  247846ms] [LOG] [Fast Refresh] done in 94ms @ http://localhost:3111/_next/static/chunks/node_modules_next_dist_1e8vcs8._.js:776
[  247885ms] [LOG] [Fast Refresh] done in 94ms @ http://localhost:3111/_next/static/chunks/node_modules_next_dist_1e8vcs8._.js:776
[  247946ms] [LOG] [Fast Refresh] done in 94ms @ http://localhost:3111/_next/static/chunks/node_modules_next_dist_1e8vcs8._.js:776
[  247994ms] [LOG] [Fast Refresh] done in 94ms @ http://localhost:3111/_next/static/chunks/node_modules_next_dist_1e8vcs8._.js:776
[  248057ms] [LOG] [Fast Refresh] done in 94ms @ http://localhost:3111/_next/static/chunks/node_modules_next_dist_1e8vcs8._.js:776
[  248119ms] [LOG] [Fast Refresh] done in 94ms @ http://localhost:3111/_next/static/chunks/node_modules_next_dist_1e8vcs8._.js:776
[  248182ms] [LOG] [Fast Refresh] done in 94ms @ http://localhost:3111/_next/static/chunks/node_modules_next_dist_1e8vcs8._.js:776
[  248231ms] [LOG] [Fast Refresh] done in 94ms @ http://localhost:3111/_next/static/chunks/node_modules_next_dist_1e8vcs8._.js:776
[  248294ms] [LOG] [Fast Refresh] done in 94ms @ http://localhost:3111/_next/static/chunks/node_modules_next_dist_1e8vcs8._.js:776
[  248358ms] [LOG] [Fast Refresh] done in 94ms @ http://localhost:3111/_next/static/chunks/node_modules_next_dist_1e8vcs8._.js:776
[  248414ms] [LOG] [Fast Refresh] done in 94ms @ http://localhost:3111/_next/static/chunks/node_modules_next_dist_1e8vcs8._.js:776
[  248465ms] [LOG] [Fast Refresh] done in 94ms @ http://localhost:3111/_next/static/chunks/node_modules_next_dist_1e8vcs8._.js:776
[  248514ms] [LOG] [Fast Refresh] done in 94ms @ http://localhost:3111/_next/static/chunks/node_modules_next_dist_1e8vcs8._.js:776
[  248577ms] [LOG] [Fast Refresh] done in 94ms @ http://localhost:3111/_next/static/chunks/node_modules_next_dist_1e8vcs8._.js:776
[  248625ms] [LOG] [Fast Refresh] done in 94ms @ http://localhost:3111/_next/static/chunks/node_modules_next_dist_1e8vcs8._.js:776
[  248688ms] [LOG] [Fast Refresh] done in 94ms @ http://localhost:3111/_next/static/chunks/node_modules_next_dist_1e8vcs8._.js:776
[  248751ms] [LOG] [Fast Refresh] done in 94ms @ http://localhost:3111/_next/static/chunks/node_modules_next_dist_1e8vcs8._.js:776
[  248797ms] [LOG] [Fast Refresh] done in 94ms @ http://localhost:3111/_next/static/chunks/node_modules_next_dist_1e8vcs8._.js:776
[  248845ms] [LOG] [Fast Refresh] done in 94ms @ http://localhost:3111/_next/static/chunks/node_modules_next_dist_1e8vcs8._.js:776
[  248900ms] [LOG] [Fast Refresh] done in 94ms @ http://localhost:3111/_next/static/chunks/node_modules_next_dist_1e8vcs8._.js:776
[  248949ms] [LOG] [Fast Refresh] done in 94ms @ http://localhost:3111/_next/static/chunks/node_modules_next_dist_1e8vcs8._.js:776
[  249012ms] [LOG] [Fast Refresh] done in 94ms @ http://localhost:3111/_next/static/chunks/node_modules_next_dist_1e8vcs8._.js:776
[  249060ms] [LOG] [Fast Refresh] done in 94ms @ http://localhost:3111/_next/static/chunks/node_modules_next_dist_1e8vcs8._.js:776
[  249122ms] [LOG] [Fast Refresh] done in 94ms @ http://localhost:3111/_next/static/chunks/node_modules_next_dist_1e8vcs8._.js:776
[  249185ms] [LOG] [Fast Refresh] done in 94ms @ http://localhost:3111/_next/static/chunks/node_modules_next_dist_1e8vcs8._.js:776
[  249248ms] [LOG] [Fast Refresh] done in 94ms @ http://localhost:3111/_next/static/chunks/node_modules_next_dist_1e8vcs8._.js:776
[  249295ms] [LOG] [Fast Refresh] done in 94ms @ http://localhost:3111/_next/static/chunks/node_modules_next_dist_1e8vcs8._.js:776
[  249358ms] [LOG] [Fast Refresh] done in 94ms @ http://localhost:3111/_next/static/chunks/node_modules_next_dist_1e8vcs8._.js:776
[  249399ms] [LOG] [Fast Refresh] done in 94ms @ http://localhost:3111/_next/static/chunks/node_modules_next_dist_1e8vcs8._.js:776
[  249450ms] [LOG] [Fast Refresh] done in 94ms @ http://localhost:3111/_next/static/chunks/node_modules_next_dist_1e8vcs8._.js:776
[  249514ms] [LOG] [Fast Refresh] done in 94ms @ http://localhost:3111/_next/static/chunks/node_modules_next_dist_1e8vcs8._.js:776
[  249561ms] [LOG] [Fast Refresh] done in 94ms @ http://localhost:3111/_next/static/chunks/node_modules_next_dist_1e8vcs8._.js:776
[  249609ms] [LOG] [Fast Refresh] done in 94ms @ http://localhost:3111/_next/static/chunks/node_modules_next_dist_1e8vcs8._.js:776
[  249671ms] [LOG] [Fast Refresh] done in 94ms @ http://localhost:3111/_next/static/chunks/node_modules_next_dist_1e8vcs8._.js:776
[  249719ms] [LOG] [Fast Refresh] done in 94ms @ http://localhost:3111/_next/static/chunks/node_modules_next_dist_1e8vcs8._.js:776
[  249767ms] [LOG] [Fast Refresh] done in 94ms @ http://localhost:3111/_next/static/chunks/node_modules_next_dist_1e8vcs8._.js:776
[  249831ms] [LOG] [Fast Refresh] done in 94ms @ http://localhost:3111/_next/static/chunks/node_modules_next_dist_1e8vcs8._.js:776
[  249879ms] [LOG] [Fast Refresh] done in 94ms @ http://localhost:3111/_next/static/chunks/node_modules_next_dist_1e8vcs8._.js:776
[  249918ms] [LOG] [Fast Refresh] done in 94ms @ http://localhost:3111/_next/static/chunks/node_modules_next_dist_1e8vcs8._.js:776
[  249981ms] [LOG] [Fast Refresh] done in 94ms @ http://localhost:3111/_next/static/chunks/node_modules_next_dist_1e8vcs8._.js:776
[  250044ms] [LOG] [Fast Refresh] done in 94ms @ http://localhost:3111/_next/static/chunks/node_modules_next_dist_1e8vcs8._.js:776
[  250091ms] [LOG] [Fast Refresh] done in 94ms @ http://localhost:3111/_next/static/chunks/node_modules_next_dist_1e8vcs8._.js:776
[  250139ms] [LOG] [Fast Refresh] done in 94ms @ http://localhost:3111/_next/static/chunks/node_modules_next_dist_1e8vcs8._.js:776
[  250202ms] [LOG] [Fast Refresh] done in 94ms @ http://localhost:3111/_next/static/chunks/node_modules_next_dist_1e8vcs8._.js:776
[  250266ms] [LOG] [Fast Refresh] done in 94ms @ http://localhost:3111/_next/static/chunks/node_modules_next_dist_1e8vcs8._.js:776
[  250329ms] [LOG] [Fast Refresh] done in 94ms @ http://localhost:3111/_next/static/chunks/node_modules_next_dist_1e8vcs8._.js:776
[  250382ms] [LOG] [Fast Refresh] done in 94ms @ http://localhost:3111/_next/static/chunks/node_modules_next_dist_1e8vcs8._.js:776
[  250432ms] [LOG] [Fast Refresh] done in 94ms @ http://localhost:3111/_next/static/chunks/node_modules_next_dist_1e8vcs8._.js:776
[  250494ms] [LOG] [Fast Refresh] done in 94ms @ http://localhost:3111/_next/static/chunks/node_modules_next_dist_1e8vcs8._.js:776
[  250542ms] [LOG] [Fast Refresh] done in 94ms @ http://localhost:3111/_next/static/chunks/node_modules_next_dist_1e8vcs8._.js:776
[  250604ms] [LOG] [Fast Refresh] done in 94ms @ http://localhost:3111/_next/static/chunks/node_modules_next_dist_1e8vcs8._.js:776
[  250668ms] [LOG] [Fast Refresh] done in 94ms @ http://localhost:3111/_next/static/chunks/node_modules_next_dist_1e8vcs8._.js:776
[  250731ms] [LOG] [Fast Refresh] done in 94ms @ http://localhost:3111/_next/static/chunks/node_modules_next_dist_1e8vcs8._.js:776
[  250794ms] [LOG] [Fast Refresh] done in 94ms @ http://localhost:3111/_next/static/chunks/node_modules_next_dist_1e8vcs8._.js:776
[  250842ms] [LOG] [Fast Refresh] done in 94ms @ http://localhost:3111/_next/static/chunks/node_modules_next_dist_1e8vcs8._.js:776
[  250899ms] [LOG] [Fast Refresh] done in 94ms @ http://localhost:3111/_next/static/chunks/node_modules_next_dist_1e8vcs8._.js:776
[  250950ms] [LOG] [Fast Refresh] done in 94ms @ http://localhost:3111/_next/static/chunks/node_modules_next_dist_1e8vcs8._.js:776
[  250997ms] [LOG] [Fast Refresh] done in 94ms @ http://localhost:3111/_next/static/chunks/node_modules_next_dist_1e8vcs8._.js:776
[  251045ms] [LOG] [Fast Refresh] done in 94ms @ http://localhost:3111/_next/static/chunks/node_modules_next_dist_1e8vcs8._.js:776
[  251108ms] [LOG] [Fast Refresh] done in 94ms @ http://localhost:3111/_next/static/chunks/node_modules_next_dist_1e8vcs8._.js:776
[  251170ms] [LOG] [Fast Refresh] done in 94ms @ http://localhost:3111/_next/static/chunks/node_modules_next_dist_1e8vcs8._.js:776
[  251234ms] [LOG] [Fast Refresh] done in 94ms @ http://localhost:3111/_next/static/chunks/node_modules_next_dist_1e8vcs8._.js:776
[  251297ms] [LOG] [Fast Refresh] done in 94ms @ http://localhost:3111/_next/static/chunks/node_modules_next_dist_1e8vcs8._.js:776
[  251346ms] [LOG] [Fast Refresh] done in 94ms @ http://localhost:3111/_next/static/chunks/node_modules_next_dist_1e8vcs8._.js:776
[  251382ms] [LOG] [Fast Refresh] done in 94ms @ http://localhost:3111/_next/static/chunks/node_modules_next_dist_1e8vcs8._.js:776
[  251447ms] [LOG] [Fast Refresh] done in 94ms @ http://localhost:3111/_next/static/chunks/node_modules_next_dist_1e8vcs8._.js:776
[  251496ms] [LOG] [Fast Refresh] done in 94ms @ http://localhost:3111/_next/static/chunks/node_modules_next_dist_1e8vcs8._.js:776
[  251558ms] [LOG] [Fast Refresh] done in 94ms @ http://localhost:3111/_next/static/chunks/node_modules_next_dist_1e8vcs8._.js:776
[  251622ms] [LOG] [Fast Refresh] done in 94ms @ http://localhost:3111/_next/static/chunks/node_modules_next_dist_1e8vcs8._.js:776
[  251685ms] [LOG] [Fast Refresh] done in 94ms @ http://localhost:3111/_next/static/chunks/node_modules_next_dist_1e8vcs8._.js:776
[  251734ms] [LOG] [Fast Refresh] done in 94ms @ http://localhost:3111/_next/static/chunks/node_modules_next_dist_1e8vcs8._.js:776
[  251782ms] [LOG] [Fast Refresh] done in 94ms @ http://localhost:3111/_next/static/chunks/node_modules_next_dist_1e8vcs8._.js:776
[  251845ms] [LOG] [Fast Refresh] done in 94ms @ http://localhost:3111/_next/static/chunks/node_modules_next_dist_1e8vcs8._.js:776
[  251896ms] [LOG] [Fast Refresh] done in 94ms @ http://localhost:3111/_next/static/chunks/node_modules_next_dist_1e8vcs8._.js:776
[  251932ms] [LOG] [Fast Refresh] done in 94ms @ http://localhost:3111/_next/static/chunks/node_modules_next_dist_1e8vcs8._.js:776
[  251994ms] [LOG] [Fast Refresh] done in 94ms @ http://localhost:3111/_next/static/chunks/node_modules_next_dist_1e8vcs8._.js:776
[  252041ms] [LOG] [Fast Refresh] done in 94ms @ http://localhost:3111/_next/static/chunks/node_modules_next_dist_1e8vcs8._.js:776
[  252089ms] [LOG] [Fast Refresh] done in 94ms @ http://localhost:3111/_next/static/chunks/node_modules_next_dist_1e8vcs8._.js:776
[  252137ms] [LOG] [Fast Refresh] done in 94ms @ http://localhost:3111/_next/static/chunks/node_modules_next_dist_1e8vcs8._.js:776
[  252202ms] [LOG] [Fast Refresh] done in 94ms @ http://localhost:3111/_next/static/chunks/node_modules_next_dist_1e8vcs8._.js:776
[  252247ms] [LOG] [Fast Refresh] done in 94ms @ http://localhost:3111/_next/static/chunks/node_modules_next_dist_1e8vcs8._.js:776
[  252310ms] [LOG] [Fast Refresh] done in 94ms @ http://localhost:3111/_next/static/chunks/node_modules_next_dist_1e8vcs8._.js:776
[  252367ms] [LOG] [Fast Refresh] done in 94ms @ http://localhost:3111/_next/static/chunks/node_modules_next_dist_1e8vcs8._.js:776
[  252416ms] [LOG] [Fast Refresh] done in 94ms @ http://localhost:3111/_next/static/chunks/node_modules_next_dist_1e8vcs8._.js:776
[  252478ms] [LOG] [Fast Refresh] done in 94ms @ http://localhost:3111/_next/static/chunks/node_modules_next_dist_1e8vcs8._.js:776
[  252542ms] [LOG] [Fast Refresh] done in 94ms @ http://localhost:3111/_next/static/chunks/node_modules_next_dist_1e8vcs8._.js:776
[  252605ms] [LOG] [Fast Refresh] done in 94ms @ http://localhost:3111/_next/static/chunks/node_modules_next_dist_1e8vcs8._.js:776
[  252653ms] [LOG] [Fast Refresh] done in 94ms @ http://localhost:3111/_next/static/chunks/node_modules_next_dist_1e8vcs8._.js:776
[  252706ms] [LOG] [Fast Refresh] done in 94ms @ http://localhost:3111/_next/static/chunks/node_modules_next_dist_1e8vcs8._.js:776
[  252764ms] [LOG] [Fast Refresh] done in 94ms @ http://localhost:3111/_next/static/chunks/node_modules_next_dist_1e8vcs8._.js:776
[  252811ms] [LOG] [Fast Refresh] done in 94ms @ http://localhost:3111/_next/static/chunks/node_modules_next_dist_1e8vcs8._.js:776
[  252868ms] [LOG] [Fast Refresh] done in 94ms @ http://localhost:3111/_next/static/chunks/node_modules_next_dist_1e8vcs8._.js:776
[  252916ms] [LOG] [Fast Refresh] done in 94ms @ http://localhost:3111/_next/static/chunks/node_modules_next_dist_1e8vcs8._.js:776
[  252979ms] [LOG] [Fast Refresh] done in 94ms @ http://localhost:3111/_next/static/chunks/node_modules_next_dist_1e8vcs8._.js:776
[  253026ms] [LOG] [Fast Refresh] done in 94ms @ http://localhost:3111/_next/static/chunks/node_modules_next_dist_1e8vcs8._.js:776
[  253074ms] [LOG] [Fast Refresh] done in 94ms @ http://localhost:3111/_next/static/chunks/node_modules_next_dist_1e8vcs8._.js:776
[  253122ms] [LOG] [Fast Refresh] done in 94ms @ http://localhost:3111/_next/static/chunks/node_modules_next_dist_1e8vcs8._.js:776
[  253170ms] [LOG] [Fast Refresh] done in 94ms @ http://localhost:3111/_next/static/chunks/node_modules_next_dist_1e8vcs8._.js:776
[  253249ms] [LOG] [Fast Refresh] done in 94ms @ http://localhost:3111/_next/static/chunks/node_modules_next_dist_1e8vcs8._.js:776
[  253313ms] [LOG] [Fast Refresh] done in 94ms @ http://localhost:3111/_next/static/chunks/node_modules_next_dist_1e8vcs8._.js:776
[  253367ms] [LOG] [Fast Refresh] done in 94ms @ http://localhost:3111/_next/static/chunks/node_modules_next_dist_1e8vcs8._.js:776
[  253416ms] [LOG] [Fast Refresh] done in 94ms @ http://localhost:3111/_next/static/chunks/node_modules_next_dist_1e8vcs8._.js:776
[  253479ms] [LOG] [Fast Refresh] done in 94ms @ http://localhost:3111/_next/static/chunks/node_modules_next_dist_1e8vcs8._.js:776
[  253527ms] [LOG] [Fast Refresh] done in 94ms @ http://localhost:3111/_next/static/chunks/node_modules_next_dist_1e8vcs8._.js:776
[  253591ms] [LOG] [Fast Refresh] done in 94ms @ http://localhost:3111/_next/static/chunks/node_modules_next_dist_1e8vcs8._.js:776
[  253654ms] [LOG] [Fast Refresh] done in 94ms @ http://localhost:3111/_next/static/chunks/node_modules_next_dist_1e8vcs8._.js:776
[  253701ms] [LOG] [Fast Refresh] done in 94ms @ http://localhost:3111/_next/static/chunks/node_modules_next_dist_1e8vcs8._.js:776
[  253764ms] [LOG] [Fast Refresh] done in 94ms @ http://localhost:3111/_next/static/chunks/node_modules_next_dist_1e8vcs8._.js:776
[  253842ms] [LOG] [Fast Refresh] done in 94ms @ http://localhost:3111/_next/static/chunks/node_modules_next_dist_1e8vcs8._.js:776
[  253882ms] [LOG] [Fast Refresh] done in 94ms @ http://localhost:3111/_next/static/chunks/node_modules_next_dist_1e8vcs8._.js:776
[  253932ms] [LOG] [Fast Refresh] done in 94ms @ http://localhost:3111/_next/static/chunks/node_modules_next_dist_1e8vcs8._.js:776
[  253995ms] [LOG] [Fast Refresh] done in 94ms @ http://localhost:3111/_next/static/chunks/node_modules_next_dist_1e8vcs8._.js:776
[  254058ms] [LOG] [Fast Refresh] done in 94ms @ http://localhost:3111/_next/static/chunks/node_modules_next_dist_1e8vcs8._.js:776
[  254107ms] [LOG] [Fast Refresh] done in 94ms @ http://localhost:3111/_next/static/chunks/node_modules_next_dist_1e8vcs8._.js:776
[  254170ms] [LOG] [Fast Refresh] done in 94ms @ http://localhost:3111/_next/static/chunks/node_modules_next_dist_1e8vcs8._.js:776
[  254232ms] [LOG] [Fast Refresh] done in 94ms @ http://localhost:3111/_next/static/chunks/node_modules_next_dist_1e8vcs8._.js:776
[  254296ms] [LOG] [Fast Refresh] done in 94ms @ http://localhost:3111/_next/static/chunks/node_modules_next_dist_1e8vcs8._.js:776
[  254344ms] [LOG] [Fast Refresh] done in 94ms @ http://localhost:3111/_next/static/chunks/node_modules_next_dist_1e8vcs8._.js:776
[  254382ms] [LOG] [Fast Refresh] done in 94ms @ http://localhost:3111/_next/static/chunks/node_modules_next_dist_1e8vcs8._.js:776
[  254432ms] [LOG] [Fast Refresh] done in 94ms @ http://localhost:3111/_next/static/chunks/node_modules_next_dist_1e8vcs8._.js:776
[  254496ms] [LOG] [Fast Refresh] done in 94ms @ http://localhost:3111/_next/static/chunks/node_modules_next_dist_1e8vcs8._.js:776
[  254560ms] [LOG] [Fast Refresh] done in 94ms @ http://localhost:3111/_next/static/chunks/node_modules_next_dist_1e8vcs8._.js:776
[  254622ms] [LOG] [Fast Refresh] done in 94ms @ http://localhost:3111/_next/static/chunks/node_modules_next_dist_1e8vcs8._.js:776
[  254685ms] [LOG] [Fast Refresh] done in 94ms @ http://localhost:3111/_next/static/chunks/node_modules_next_dist_1e8vcs8._.js:776
[  254748ms] [LOG] [Fast Refresh] done in 94ms @ http://localhost:3111/_next/static/chunks/node_modules_next_dist_1e8vcs8._.js:776
[  254811ms] [LOG] [Fast Refresh] done in 94ms @ http://localhost:3111/_next/static/chunks/node_modules_next_dist_1e8vcs8._.js:776
[  254874ms] [LOG] [Fast Refresh] done in 94ms @ http://localhost:3111/_next/static/chunks/node_modules_next_dist_1e8vcs8._.js:776
[  254931ms] [LOG] [Fast Refresh] done in 94ms @ http://localhost:3111/_next/static/chunks/node_modules_next_dist_1e8vcs8._.js:776
[  254978ms] [LOG] [Fast Refresh] done in 94ms @ http://localhost:3111/_next/static/chunks/node_modules_next_dist_1e8vcs8._.js:776
[  255042ms] [LOG] [Fast Refresh] done in 94ms @ http://localhost:3111/_next/static/chunks/node_modules_next_dist_1e8vcs8._.js:776
[  255089ms] [LOG] [Fast Refresh] done in 94ms @ http://localhost:3111/_next/static/chunks/node_modules_next_dist_1e8vcs8._.js:776
[  255151ms] [LOG] [Fast Refresh] done in 94ms @ http://localhost:3111/_next/static/chunks/node_modules_next_dist_1e8vcs8._.js:776
[  255199ms] [LOG] [Fast Refresh] done in 94ms @ http://localhost:3111/_next/static/chunks/node_modules_next_dist_1e8vcs8._.js:776
[  255263ms] [LOG] [Fast Refresh] done in 94ms @ http://localhost:3111/_next/static/chunks/node_modules_next_dist_1e8vcs8._.js:776
[  255311ms] [LOG] [Fast Refresh] done in 94ms @ http://localhost:3111/_next/static/chunks/node_modules_next_dist_1e8vcs8._.js:776
[  255359ms] [LOG] [Fast Refresh] done in 94ms @ http://localhost:3111/_next/static/chunks/node_modules_next_dist_1e8vcs8._.js:776
[  255400ms] [LOG] [Fast Refresh] done in 94ms @ http://localhost:3111/_next/static/chunks/node_modules_next_dist_1e8vcs8._.js:776
[  255448ms] [LOG] [Fast Refresh] done in 94ms @ http://localhost:3111/_next/static/chunks/node_modules_next_dist_1e8vcs8._.js:776
[  255512ms] [LOG] [Fast Refresh] done in 94ms @ http://localhost:3111/_next/static/chunks/node_modules_next_dist_1e8vcs8._.js:776
[  255560ms] [LOG] [Fast Refresh] done in 94ms @ http://localhost:3111/_next/static/chunks/node_modules_next_dist_1e8vcs8._.js:776
[  255608ms] [LOG] [Fast Refresh] done in 94ms @ http://localhost:3111/_next/static/chunks/node_modules_next_dist_1e8vcs8._.js:776
[  255672ms] [LOG] [Fast Refresh] done in 94ms @ http://localhost:3111/_next/static/chunks/node_modules_next_dist_1e8vcs8._.js:776
[  255719ms] [LOG] [Fast Refresh] done in 94ms @ http://localhost:3111/_next/static/chunks/node_modules_next_dist_1e8vcs8._.js:776
[  255784ms] [LOG] [Fast Refresh] done in 94ms @ http://localhost:3111/_next/static/chunks/node_modules_next_dist_1e8vcs8._.js:776
[  255831ms] [LOG] [Fast Refresh] done in 94ms @ http://localhost:3111/_next/static/chunks/node_modules_next_dist_1e8vcs8._.js:776
[  255882ms] [LOG] [Fast Refresh] done in 94ms @ http://localhost:3111/_next/static/chunks/node_modules_next_dist_1e8vcs8._.js:776
[  255934ms] [LOG] [Fast Refresh] done in 94ms @ http://localhost:3111/_next/static/chunks/node_modules_next_dist_1e8vcs8._.js:776
[  255981ms] [LOG] [Fast Refresh] done in 94ms @ http://localhost:3111/_next/static/chunks/node_modules_next_dist_1e8vcs8._.js:776
[  256044ms] [LOG] [Fast Refresh] done in 94ms @ http://localhost:3111/_next/static/chunks/node_modules_next_dist_1e8vcs8._.js:776
[  256108ms] [LOG] [Fast Refresh] done in 94ms @ http://localhost:3111/_next/static/chunks/node_modules_next_dist_1e8vcs8._.js:776
[  256156ms] [LOG] [Fast Refresh] done in 94ms @ http://localhost:3111/_next/static/chunks/node_modules_next_dist_1e8vcs8._.js:776
[  256219ms] [LOG] [Fast Refresh] done in 94ms @ http://localhost:3111/_next/static/chunks/node_modules_next_dist_1e8vcs8._.js:776
[  256268ms] [LOG] [Fast Refresh] done in 94ms @ http://localhost:3111/_next/static/chunks/node_modules_next_dist_1e8vcs8._.js:776
[  256330ms] [LOG] [Fast Refresh] done in 94ms @ http://localhost:3111/_next/static/chunks/node_modules_next_dist_1e8vcs8._.js:776
[  256392ms] [LOG] [Fast Refresh] done in 94ms @ http://localhost:3111/_next/static/chunks/node_modules_next_dist_1e8vcs8._.js:776
[  256448ms] [LOG] [Fast Refresh] done in 94ms @ http://localhost:3111/_next/static/chunks/node_modules_next_dist_1e8vcs8._.js:776
[  256496ms] [LOG] [Fast Refresh] done in 94ms @ http://localhost:3111/_next/static/chunks/node_modules_next_dist_1e8vcs8._.js:776
[  256543ms] [LOG] [Fast Refresh] done in 94ms @ http://localhost:3111/_next/static/chunks/node_modules_next_dist_1e8vcs8._.js:776
[  256606ms] [LOG] [Fast Refresh] done in 94ms @ http://localhost:3111/_next/static/chunks/node_modules_next_dist_1e8vcs8._.js:776
[  256669ms] [LOG] [Fast Refresh] done in 94ms @ http://localhost:3111/_next/static/chunks/node_modules_next_dist_1e8vcs8._.js:776
[  256734ms] [LOG] [Fast Refresh] done in 94ms @ http://localhost:3111/_next/static/chunks/node_modules_next_dist_1e8vcs8._.js:776
[  256797ms] [LOG] [Fast Refresh] done in 94ms @ http://localhost:3111/_next/static/chunks/node_modules_next_dist_1e8vcs8._.js:776
[  256850ms] [LOG] [Fast Refresh] done in 94ms @ http://localhost:3111/_next/static/chunks/node_modules_next_dist_1e8vcs8._.js:776
[  256899ms] [LOG] [Fast Refresh] done in 94ms @ http://localhost:3111/_next/static/chunks/node_modules_next_dist_1e8vcs8._.js:776
[  256946ms] [LOG] [Fast Refresh] done in 94ms @ http://localhost:3111/_next/static/chunks/node_modules_next_dist_1e8vcs8._.js:776
[  256994ms] [LOG] [Fast Refresh] done in 94ms @ http://localhost:3111/_next/static/chunks/node_modules_next_dist_1e8vcs8._.js:776
[  257042ms] [LOG] [Fast Refresh] done in 94ms @ http://localhost:3111/_next/static/chunks/node_modules_next_dist_1e8vcs8._.js:776
[  257106ms] [LOG] [Fast Refresh] done in 94ms @ http://localhost:3111/_next/static/chunks/node_modules_next_dist_1e8vcs8._.js:776
[  257154ms] [LOG] [Fast Refresh] done in 94ms @ http://localhost:3111/_next/static/chunks/node_modules_next_dist_1e8vcs8._.js:776
[  257217ms] [LOG] [Fast Refresh] done in 94ms @ http://localhost:3111/_next/static/chunks/node_modules_next_dist_1e8vcs8._.js:776
[  257279ms] [LOG] [Fast Refresh] done in 94ms @ http://localhost:3111/_next/static/chunks/node_modules_next_dist_1e8vcs8._.js:776
[  257327ms] [LOG] [Fast Refresh] done in 94ms @ http://localhost:3111/_next/static/chunks/node_modules_next_dist_1e8vcs8._.js:776
[  257381ms] [LOG] [Fast Refresh] done in 94ms @ http://localhost:3111/_next/static/chunks/node_modules_next_dist_1e8vcs8._.js:776
[  257433ms] [LOG] [Fast Refresh] done in 94ms @ http://localhost:3111/_next/static/chunks/node_modules_next_dist_1e8vcs8._.js:776
[  257496ms] [LOG] [Fast Refresh] done in 94ms @ http://localhost:3111/_next/static/chunks/node_modules_next_dist_1e8vcs8._.js:776
[  257559ms] [LOG] [Fast Refresh] done in 94ms @ http://localhost:3111/_next/static/chunks/node_modules_next_dist_1e8vcs8._.js:776
[  257620ms] [LOG] [Fast Refresh] done in 94ms @ http://localhost:3111/_next/static/chunks/node_modules_next_dist_1e8vcs8._.js:776
[  257667ms] [LOG] [Fast Refresh] done in 94ms @ http://localhost:3111/_next/static/chunks/node_modules_next_dist_1e8vcs8._.js:776
[  257715ms] [LOG] [Fast Refresh] done in 94ms @ http://localhost:3111/_next/static/chunks/node_modules_next_dist_1e8vcs8._.js:776
[  257762ms] [LOG] [Fast Refresh] done in 94ms @ http://localhost:3111/_next/static/chunks/node_modules_next_dist_1e8vcs8._.js:776
[  257826ms] [LOG] [Fast Refresh] done in 94ms @ http://localhost:3111/_next/static/chunks/node_modules_next_dist_1e8vcs8._.js:776
[  257881ms] [LOG] [Fast Refresh] done in 94ms @ http://localhost:3111/_next/static/chunks/node_modules_next_dist_1e8vcs8._.js:776
[  257934ms] [LOG] [Fast Refresh] done in 94ms @ http://localhost:3111/_next/static/chunks/node_modules_next_dist_1e8vcs8._.js:776
[  257979ms] [LOG] [Fast Refresh] done in 94ms @ http://localhost:3111/_next/static/chunks/node_modules_next_dist_1e8vcs8._.js:776
[  258027ms] [LOG] [Fast Refresh] done in 94ms @ http://localhost:3111/_next/static/chunks/node_modules_next_dist_1e8vcs8._.js:776
[  258091ms] [LOG] [Fast Refresh] done in 94ms @ http://localhost:3111/_next/static/chunks/node_modules_next_dist_1e8vcs8._.js:776
[  258153ms] [LOG] [Fast Refresh] done in 94ms @ http://localhost:3111/_next/static/chunks/node_modules_next_dist_1e8vcs8._.js:776
[  258233ms] [LOG] [Fast Refresh] done in 94ms @ http://localhost:3111/_next/static/chunks/node_modules_next_dist_1e8vcs8._.js:776
[  258295ms] [LOG] [Fast Refresh] done in 94ms @ http://localhost:3111/_next/static/chunks/node_modules_next_dist_1e8vcs8._.js:776
[  258358ms] [LOG] [Fast Refresh] done in 94ms @ http://localhost:3111/_next/static/chunks/node_modules_next_dist_1e8vcs8._.js:776
[  258417ms] [LOG] [Fast Refresh] done in 94ms @ http://localhost:3111/_next/static/chunks/node_modules_next_dist_1e8vcs8._.js:776
[  258481ms] [LOG] [Fast Refresh] done in 94ms @ http://localhost:3111/_next/static/chunks/node_modules_next_dist_1e8vcs8._.js:776
[  258528ms] [LOG] [Fast Refresh] done in 94ms @ http://localhost:3111/_next/static/chunks/node_modules_next_dist_1e8vcs8._.js:776
[  258575ms] [LOG] [Fast Refresh] done in 94ms @ http://localhost:3111/_next/static/chunks/node_modules_next_dist_1e8vcs8._.js:776
[  258622ms] [LOG] [Fast Refresh] done in 94ms @ http://localhost:3111/_next/static/chunks/node_modules_next_dist_1e8vcs8._.js:776
[  258686ms] [LOG] [Fast Refresh] done in 94ms @ http://localhost:3111/_next/static/chunks/node_modules_next_dist_1e8vcs8._.js:776
[  258749ms] [LOG] [Fast Refresh] done in 94ms @ http://localhost:3111/_next/static/chunks/node_modules_next_dist_1e8vcs8._.js:776
[  258812ms] [LOG] [Fast Refresh] done in 94ms @ http://localhost:3111/_next/static/chunks/node_modules_next_dist_1e8vcs8._.js:776
[  258867ms] [LOG] [Fast Refresh] done in 94ms @ http://localhost:3111/_next/static/chunks/node_modules_next_dist_1e8vcs8._.js:776
[  258917ms] [LOG] [Fast Refresh] done in 94ms @ http://localhost:3111/_next/static/chunks/node_modules_next_dist_1e8vcs8._.js:776
[  258965ms] [LOG] [Fast Refresh] done in 94ms @ http://localhost:3111/_next/static/chunks/node_modules_next_dist_1e8vcs8._.js:776
[  259012ms] [LOG] [Fast Refresh] done in 94ms @ http://localhost:3111/_next/static/chunks/node_modules_next_dist_1e8vcs8._.js:776
[  259060ms] [LOG] [Fast Refresh] done in 94ms @ http://localhost:3111/_next/static/chunks/node_modules_next_dist_1e8vcs8._.js:776
[  259108ms] [LOG] [Fast Refresh] done in 94ms @ http://localhost:3111/_next/static/chunks/node_modules_next_dist_1e8vcs8._.js:776
[  259156ms] [LOG] [Fast Refresh] done in 94ms @ http://localhost:3111/_next/static/chunks/node_modules_next_dist_1e8vcs8._.js:776
[  259203ms] [LOG] [Fast Refresh] done in 94ms @ http://localhost:3111/_next/static/chunks/node_modules_next_dist_1e8vcs8._.js:776
[  259266ms] [LOG] [Fast Refresh] done in 94ms @ http://localhost:3111/_next/static/chunks/node_modules_next_dist_1e8vcs8._.js:776
[  259314ms] [LOG] [Fast Refresh] done in 94ms @ http://localhost:3111/_next/static/chunks/node_modules_next_dist_1e8vcs8._.js:776
[  259361ms] [LOG] [Fast Refresh] done in 94ms @ http://localhost:3111/_next/static/chunks/node_modules_next_dist_1e8vcs8._.js:776
[  259414ms] [LOG] [Fast Refresh] done in 94ms @ http://localhost:3111/_next/static/chunks/node_modules_next_dist_1e8vcs8._.js:776
[  259480ms] [LOG] [Fast Refresh] done in 94ms @ http://localhost:3111/_next/static/chunks/node_modules_next_dist_1e8vcs8._.js:776
[  259543ms] [LOG] [Fast Refresh] done in 94ms @ http://localhost:3111/_next/static/chunks/node_modules_next_dist_1e8vcs8._.js:776
[  259607ms] [LOG] [Fast Refresh] done in 94ms @ http://localhost:3111/_next/static/chunks/node_modules_next_dist_1e8vcs8._.js:776
[  259671ms] [LOG] [Fast Refresh] done in 94ms @ http://localhost:3111/_next/static/chunks/node_modules_next_dist_1e8vcs8._.js:776
[  259719ms] [LOG] [Fast Refresh] done in 94ms @ http://localhost:3111/_next/static/chunks/node_modules_next_dist_1e8vcs8._.js:776
[  259781ms] [LOG] [Fast Refresh] done in 94ms @ http://localhost:3111/_next/static/chunks/node_modules_next_dist_1e8vcs8._.js:776
[  259845ms] [LOG] [Fast Refresh] done in 94ms @ http://localhost:3111/_next/static/chunks/node_modules_next_dist_1e8vcs8._.js:776
[  259897ms] [LOG] [Fast Refresh] done in 94ms @ http://localhost:3111/_next/static/chunks/node_modules_next_dist_1e8vcs8._.js:776
[  259948ms] [LOG] [Fast Refresh] done in 94ms @ http://localhost:3111/_next/static/chunks/node_modules_next_dist_1e8vcs8._.js:776
[  260011ms] [LOG] [Fast Refresh] done in 94ms @ http://localhost:3111/_next/static/chunks/node_modules_next_dist_1e8vcs8._.js:776
[  260057ms] [LOG] [Fast Refresh] done in 94ms @ http://localhost:3111/_next/static/chunks/node_modules_next_dist_1e8vcs8._.js:776
[  260106ms] [LOG] [Fast Refresh] done in 94ms @ http://localhost:3111/_next/static/chunks/node_modules_next_dist_1e8vcs8._.js:776
[  260169ms] [LOG] [Fast Refresh] done in 94ms @ http://localhost:3111/_next/static/chunks/node_modules_next_dist_1e8vcs8._.js:776
[  260217ms] [LOG] [Fast Refresh] done in 94ms @ http://localhost:3111/_next/static/chunks/node_modules_next_dist_1e8vcs8._.js:776
[  260264ms] [LOG] [Fast Refresh] done in 94ms @ http://localhost:3111/_next/static/chunks/node_modules_next_dist_1e8vcs8._.js:776
[  260312ms] [LOG] [Fast Refresh] done in 94ms @ http://localhost:3111/_next/static/chunks/node_modules_next_dist_1e8vcs8._.js:776
[  260365ms] [LOG] [Fast Refresh] done in 94ms @ http://localhost:3111/_next/static/chunks/node_modules_next_dist_1e8vcs8._.js:776
[  260417ms] [LOG] [Fast Refresh] done in 94ms @ http://localhost:3111/_next/static/chunks/node_modules_next_dist_1e8vcs8._.js:776
[  260464ms] [LOG] [Fast Refresh] done in 94ms @ http://localhost:3111/_next/static/chunks/node_modules_next_dist_1e8vcs8._.js:776
[  260511ms] [LOG] [Fast Refresh] done in 94ms @ http://localhost:3111/_next/static/chunks/node_modules_next_dist_1e8vcs8._.js:776
[  260574ms] [LOG] [Fast Refresh] done in 94ms @ http://localhost:3111/_next/static/chunks/node_modules_next_dist_1e8vcs8._.js:776
[  260637ms] [LOG] [Fast Refresh] done in 94ms @ http://localhost:3111/_next/static/chunks/node_modules_next_dist_1e8vcs8._.js:776
[  260685ms] [LOG] [Fast Refresh] done in 94ms @ http://localhost:3111/_next/static/chunks/node_modules_next_dist_1e8vcs8._.js:776
[  260733ms] [LOG] [Fast Refresh] done in 94ms @ http://localhost:3111/_next/static/chunks/node_modules_next_dist_1e8vcs8._.js:776
[  260780ms] [LOG] [Fast Refresh] done in 94ms @ http://localhost:3111/_next/static/chunks/node_modules_next_dist_1e8vcs8._.js:776
[  260828ms] [LOG] [Fast Refresh] done in 94ms @ http://localhost:3111/_next/static/chunks/node_modules_next_dist_1e8vcs8._.js:776
[  260881ms] [LOG] [Fast Refresh] done in 94ms @ http://localhost:3111/_next/static/chunks/node_modules_next_dist_1e8vcs8._.js:776
[  260947ms] [LOG] [Fast Refresh] done in 94ms @ http://localhost:3111/_next/static/chunks/node_modules_next_dist_1e8vcs8._.js:776
[  261010ms] [LOG] [Fast Refresh] done in 94ms @ http://localhost:3111/_next/static/chunks/node_modules_next_dist_1e8vcs8._.js:776
[  261073ms] [LOG] [Fast Refresh] done in 94ms @ http://localhost:3111/_next/static/chunks/node_modules_next_dist_1e8vcs8._.js:776
[  261137ms] [LOG] [Fast Refresh] done in 94ms @ http://localhost:3111/_next/static/chunks/node_modules_next_dist_1e8vcs8._.js:776
[  261200ms] [LOG] [Fast Refresh] done in 94ms @ http://localhost:3111/_next/static/chunks/node_modules_next_dist_1e8vcs8._.js:776
[  261263ms] [LOG] [Fast Refresh] done in 94ms @ http://localhost:3111/_next/static/chunks/node_modules_next_dist_1e8vcs8._.js:776
[  261311ms] [LOG] [Fast Refresh] done in 94ms @ http://localhost:3111/_next/static/chunks/node_modules_next_dist_1e8vcs8._.js:776
[  261366ms] [LOG] [Fast Refresh] done in 94ms @ http://localhost:3111/_next/static/chunks/node_modules_next_dist_1e8vcs8._.js:776
[  261417ms] [LOG] [Fast Refresh] done in 94ms @ http://localhost:3111/_next/static/chunks/node_modules_next_dist_1e8vcs8._.js:776
[  261463ms] [LOG] [Fast Refresh] done in 94ms @ http://localhost:3111/_next/static/chunks/node_modules_next_dist_1e8vcs8._.js:776
[  261526ms] [LOG] [Fast Refresh] done in 94ms @ http://localhost:3111/_next/static/chunks/node_modules_next_dist_1e8vcs8._.js:776
[  261589ms] [LOG] [Fast Refresh] done in 94ms @ http://localhost:3111/_next/static/chunks/node_modules_next_dist_1e8vcs8._.js:776
[  261652ms] [LOG] [Fast Refresh] done in 94ms @ http://localhost:3111/_next/static/chunks/node_modules_next_dist_1e8vcs8._.js:776
[  261715ms] [LOG] [Fast Refresh] done in 94ms @ http://localhost:3111/_next/static/chunks/node_modules_next_dist_1e8vcs8._.js:776
[  261779ms] [LOG] [Fast Refresh] done in 94ms @ http://localhost:3111/_next/static/chunks/node_modules_next_dist_1e8vcs8._.js:776
[  261841ms] [LOG] [Fast Refresh] done in 94ms @ http://localhost:3111/_next/static/chunks/node_modules_next_dist_1e8vcs8._.js:776
[  261898ms] [LOG] [Fast Refresh] done in 94ms @ http://localhost:3111/_next/static/chunks/node_modules_next_dist_1e8vcs8._.js:776
[  261948ms] [LOG] [Fast Refresh] done in 94ms @ http://localhost:3111/_next/static/chunks/node_modules_next_dist_1e8vcs8._.js:776
[  262010ms] [LOG] [Fast Refresh] done in 94ms @ http://localhost:3111/_next/static/chunks/node_modules_next_dist_1e8vcs8._.js:776
[  262073ms] [LOG] [Fast Refresh] done in 94ms @ http://localhost:3111/_next/static/chunks/node_modules_next_dist_1e8vcs8._.js:776
[  262135ms] [LOG] [Fast Refresh] done in 94ms @ http://localhost:3111/_next/static/chunks/node_modules_next_dist_1e8vcs8._.js:776
[  262199ms] [LOG] [Fast Refresh] done in 94ms @ http://localhost:3111/_next/static/chunks/node_modules_next_dist_1e8vcs8._.js:776
[  262247ms] [LOG] [Fast Refresh] done in 94ms @ http://localhost:3111/_next/static/chunks/node_modules_next_dist_1e8vcs8._.js:776
[  262310ms] [LOG] [Fast Refresh] done in 94ms @ http://localhost:3111/_next/static/chunks/node_modules_next_dist_1e8vcs8._.js:776
[  262358ms] [LOG] [Fast Refresh] done in 94ms @ http://localhost:3111/_next/static/chunks/node_modules_next_dist_1e8vcs8._.js:776
[  262413ms] [LOG] [Fast Refresh] done in 94ms @ http://localhost:3111/_next/static/chunks/node_modules_next_dist_1e8vcs8._.js:776
[  262479ms] [LOG] [Fast Refresh] done in 94ms @ http://localhost:3111/_next/static/chunks/node_modules_next_dist_1e8vcs8._.js:776
[  262526ms] [LOG] [Fast Refresh] done in 94ms @ http://localhost:3111/_next/static/chunks/node_modules_next_dist_1e8vcs8._.js:776
[  262592ms] [LOG] [Fast Refresh] done in 94ms @ http://localhost:3111/_next/static/chunks/node_modules_next_dist_1e8vcs8._.js:776
[  262653ms] [LOG] [Fast Refresh] done in 94ms @ http://localhost:3111/_next/static/chunks/node_modules_next_dist_1e8vcs8._.js:776
[  262715ms] [LOG] [Fast Refresh] done in 94ms @ http://localhost:3111/_next/static/chunks/node_modules_next_dist_1e8vcs8._.js:776
[  262763ms] [LOG] [Fast Refresh] done in 94ms @ http://localhost:3111/_next/static/chunks/node_modules_next_dist_1e8vcs8._.js:776
[  262811ms] [LOG] [Fast Refresh] done in 94ms @ http://localhost:3111/_next/static/chunks/node_modules_next_dist_1e8vcs8._.js:776
[  262866ms] [LOG] [Fast Refresh] done in 94ms @ http://localhost:3111/_next/static/chunks/node_modules_next_dist_1e8vcs8._.js:776
[  262916ms] [LOG] [Fast Refresh] done in 94ms @ http://localhost:3111/_next/static/chunks/node_modules_next_dist_1e8vcs8._.js:776
[  262963ms] [LOG] [Fast Refresh] done in 94ms @ http://localhost:3111/_next/static/chunks/node_modules_next_dist_1e8vcs8._.js:776
[  263026ms] [LOG] [Fast Refresh] done in 94ms @ http://localhost:3111/_next/static/chunks/node_modules_next_dist_1e8vcs8._.js:776
[  263073ms] [LOG] [Fast Refresh] done in 94ms @ http://localhost:3111/_next/static/chunks/node_modules_next_dist_1e8vcs8._.js:776
[  263136ms] [LOG] [Fast Refresh] done in 94ms @ http://localhost:3111/_next/static/chunks/node_modules_next_dist_1e8vcs8._.js:776
[  263200ms] [LOG] [Fast Refresh] done in 94ms @ http://localhost:3111/_next/static/chunks/node_modules_next_dist_1e8vcs8._.js:776
[  263262ms] [LOG] [Fast Refresh] done in 94ms @ http://localhost:3111/_next/static/chunks/node_modules_next_dist_1e8vcs8._.js:776
[  263326ms] [LOG] [Fast Refresh] done in 94ms @ http://localhost:3111/_next/static/chunks/node_modules_next_dist_1e8vcs8._.js:776
[  263383ms] [LOG] [Fast Refresh] done in 94ms @ http://localhost:3111/_next/static/chunks/node_modules_next_dist_1e8vcs8._.js:776
[  263432ms] [LOG] [Fast Refresh] done in 94ms @ http://localhost:3111/_next/static/chunks/node_modules_next_dist_1e8vcs8._.js:776
[  263495ms] [LOG] [Fast Refresh] done in 94ms @ http://localhost:3111/_next/static/chunks/node_modules_next_dist_1e8vcs8._.js:776
[  263557ms] [LOG] [Fast Refresh] done in 94ms @ http://localhost:3111/_next/static/chunks/node_modules_next_dist_1e8vcs8._.js:776
[  263620ms] [LOG] [Fast Refresh] done in 94ms @ http://localhost:3111/_next/static/chunks/node_modules_next_dist_1e8vcs8._.js:776
[  263683ms] [LOG] [Fast Refresh] done in 94ms @ http://localhost:3111/_next/static/chunks/node_modules_next_dist_1e8vcs8._.js:776
[  263730ms] [LOG] [Fast Refresh] done in 94ms @ http://localhost:3111/_next/static/chunks/node_modules_next_dist_1e8vcs8._.js:776
[  263779ms] [LOG] [Fast Refresh] done in 94ms @ http://localhost:3111/_next/static/chunks/node_modules_next_dist_1e8vcs8._.js:776
[  263826ms] [LOG] [Fast Refresh] done in 94ms @ http://localhost:3111/_next/static/chunks/node_modules_next_dist_1e8vcs8._.js:776
[  263881ms] [LOG] [Fast Refresh] done in 94ms @ http://localhost:3111/_next/static/chunks/node_modules_next_dist_1e8vcs8._.js:776
[  263933ms] [LOG] [Fast Refresh] done in 94ms @ http://localhost:3111/_next/static/chunks/node_modules_next_dist_1e8vcs8._.js:776
[  263996ms] [LOG] [Fast Refresh] done in 94ms @ http://localhost:3111/_next/static/chunks/node_modules_next_dist_1e8vcs8._.js:776
[  264044ms] [LOG] [Fast Refresh] done in 94ms @ http://localhost:3111/_next/static/chunks/node_modules_next_dist_1e8vcs8._.js:776
[  264107ms] [LOG] [Fast Refresh] done in 94ms @ http://localhost:3111/_next/static/chunks/node_modules_next_dist_1e8vcs8._.js:776
[  264170ms] [LOG] [Fast Refresh] done in 94ms @ http://localhost:3111/_next/static/chunks/node_modules_next_dist_1e8vcs8._.js:776
[  264233ms] [LOG] [Fast Refresh] done in 94ms @ http://localhost:3111/_next/static/chunks/node_modules_next_dist_1e8vcs8._.js:776
[  264281ms] [LOG] [Fast Refresh] done in 94ms @ http://localhost:3111/_next/static/chunks/node_modules_next_dist_1e8vcs8._.js:776
[  264345ms] [LOG] [Fast Refresh] done in 94ms @ http://localhost:3111/_next/static/chunks/node_modules_next_dist_1e8vcs8._.js:776
[  264397ms] [LOG] [Fast Refresh] done in 94ms @ http://localhost:3111/_next/static/chunks/node_modules_next_dist_1e8vcs8._.js:776
[  264447ms] [LOG] [Fast Refresh] done in 94ms @ http://localhost:3111/_next/static/chunks/node_modules_next_dist_1e8vcs8._.js:776
[  264511ms] [LOG] [Fast Refresh] done in 94ms @ http://localhost:3111/_next/static/chunks/node_modules_next_dist_1e8vcs8._.js:776
[  264558ms] [LOG] [Fast Refresh] done in 94ms @ http://localhost:3111/_next/static/chunks/node_modules_next_dist_1e8vcs8._.js:776
[  264605ms] [LOG] [Fast Refresh] done in 94ms @ http://localhost:3111/_next/static/chunks/node_modules_next_dist_1e8vcs8._.js:776
[  264667ms] [LOG] [Fast Refresh] done in 94ms @ http://localhost:3111/_next/static/chunks/node_modules_next_dist_1e8vcs8._.js:776
[  264731ms] [LOG] [Fast Refresh] done in 94ms @ http://localhost:3111/_next/static/chunks/node_modules_next_dist_1e8vcs8._.js:776
[  264794ms] [LOG] [Fast Refresh] done in 94ms @ http://localhost:3111/_next/static/chunks/node_modules_next_dist_1e8vcs8._.js:776
[  264842ms] [LOG] [Fast Refresh] done in 94ms @ http://localhost:3111/_next/static/chunks/node_modules_next_dist_1e8vcs8._.js:776
[  264897ms] [LOG] [Fast Refresh] done in 94ms @ http://localhost:3111/_next/static/chunks/node_modules_next_dist_1e8vcs8._.js:776
[  264947ms] [LOG] [Fast Refresh] done in 94ms @ http://localhost:3111/_next/static/chunks/node_modules_next_dist_1e8vcs8._.js:776
[  265009ms] [LOG] [Fast Refresh] done in 94ms @ http://localhost:3111/_next/static/chunks/node_modules_next_dist_1e8vcs8._.js:776
[  265057ms] [LOG] [Fast Refresh] done in 94ms @ http://localhost:3111/_next/static/chunks/node_modules_next_dist_1e8vcs8._.js:776
[  265105ms] [LOG] [Fast Refresh] done in 94ms @ http://localhost:3111/_next/static/chunks/node_modules_next_dist_1e8vcs8._.js:776
[  265167ms] [LOG] [Fast Refresh] done in 94ms @ http://localhost:3111/_next/static/chunks/node_modules_next_dist_1e8vcs8._.js:776
[  265231ms] [LOG] [Fast Refresh] done in 94ms @ http://localhost:3111/_next/static/chunks/node_modules_next_dist_1e8vcs8._.js:776
[  265278ms] [LOG] [Fast Refresh] done in 94ms @ http://localhost:3111/_next/static/chunks/node_modules_next_dist_1e8vcs8._.js:776
[  265341ms] [LOG] [Fast Refresh] done in 94ms @ http://localhost:3111/_next/static/chunks/node_modules_next_dist_1e8vcs8._.js:776
[  265396ms] [LOG] [Fast Refresh] done in 94ms @ http://localhost:3111/_next/static/chunks/node_modules_next_dist_1e8vcs8._.js:776
[  265446ms] [LOG] [Fast Refresh] done in 94ms @ http://localhost:3111/_next/static/chunks/node_modules_next_dist_1e8vcs8._.js:776
[  265509ms] [LOG] [Fast Refresh] done in 94ms @ http://localhost:3111/_next/static/chunks/node_modules_next_dist_1e8vcs8._.js:776
[  265557ms] [LOG] [Fast Refresh] done in 94ms @ http://localhost:3111/_next/static/chunks/node_modules_next_dist_1e8vcs8._.js:776
[  265620ms] [LOG] [Fast Refresh] done in 94ms @ http://localhost:3111/_next/static/chunks/node_modules_next_dist_1e8vcs8._.js:776
[  265682ms] [LOG] [Fast Refresh] done in 94ms @ http://localhost:3111/_next/static/chunks/node_modules_next_dist_1e8vcs8._.js:776
[  265746ms] [LOG] [Fast Refresh] done in 94ms @ http://localhost:3111/_next/static/chunks/node_modules_next_dist_1e8vcs8._.js:776
[  265809ms] [LOG] [Fast Refresh] done in 94ms @ http://localhost:3111/_next/static/chunks/node_modules_next_dist_1e8vcs8._.js:776
[  265866ms] [LOG] [Fast Refresh] done in 94ms @ http://localhost:3111/_next/static/chunks/node_modules_next_dist_1e8vcs8._.js:776
[  265914ms] [LOG] [Fast Refresh] done in 94ms @ http://localhost:3111/_next/static/chunks/node_modules_next_dist_1e8vcs8._.js:776
[  265979ms] [LOG] [Fast Refresh] done in 94ms @ http://localhost:3111/_next/static/chunks/node_modules_next_dist_1e8vcs8._.js:776
[  266027ms] [LOG] [Fast Refresh] done in 94ms @ http://localhost:3111/_next/static/chunks/node_modules_next_dist_1e8vcs8._.js:776
[  266090ms] [LOG] [Fast Refresh] done in 94ms @ http://localhost:3111/_next/static/chunks/node_modules_next_dist_1e8vcs8._.js:776
[  266152ms] [LOG] [Fast Refresh] done in 94ms @ http://localhost:3111/_next/static/chunks/node_modules_next_dist_1e8vcs8._.js:776
[  266214ms] [LOG] [Fast Refresh] done in 94ms @ http://localhost:3111/_next/static/chunks/node_modules_next_dist_1e8vcs8._.js:776
[  266277ms] [LOG] [Fast Refresh] done in 94ms @ http://localhost:3111/_next/static/chunks/node_modules_next_dist_1e8vcs8._.js:776
[  266325ms] [LOG] [Fast Refresh] done in 94ms @ http://localhost:3111/_next/static/chunks/node_modules_next_dist_1e8vcs8._.js:776
[  266381ms] [LOG] [Fast Refresh] done in 94ms @ http://localhost:3111/_next/static/chunks/node_modules_next_dist_1e8vcs8._.js:776
[  266430ms] [LOG] [Fast Refresh] done in 94ms @ http://localhost:3111/_next/static/chunks/node_modules_next_dist_1e8vcs8._.js:776
[  266494ms] [LOG] [Fast Refresh] done in 94ms @ http://localhost:3111/_next/static/chunks/node_modules_next_dist_1e8vcs8._.js:776
[  266540ms] [LOG] [Fast Refresh] done in 94ms @ http://localhost:3111/_next/static/chunks/node_modules_next_dist_1e8vcs8._.js:776
[  266589ms] [LOG] [Fast Refresh] done in 94ms @ http://localhost:3111/_next/static/chunks/node_modules_next_dist_1e8vcs8._.js:776
[  266650ms] [LOG] [Fast Refresh] done in 94ms @ http://localhost:3111/_next/static/chunks/node_modules_next_dist_1e8vcs8._.js:776
[  266698ms] [LOG] [Fast Refresh] done in 94ms @ http://localhost:3111/_next/static/chunks/node_modules_next_dist_1e8vcs8._.js:776
[  266760ms] [LOG] [Fast Refresh] done in 94ms @ http://localhost:3111/_next/static/chunks/node_modules_next_dist_1e8vcs8._.js:776
[  266807ms] [LOG] [Fast Refresh] done in 94ms @ http://localhost:3111/_next/static/chunks/node_modules_next_dist_1e8vcs8._.js:776
[  266866ms] [LOG] [Fast Refresh] done in 94ms @ http://localhost:3111/_next/static/chunks/node_modules_next_dist_1e8vcs8._.js:776
[  266929ms] [LOG] [Fast Refresh] done in 94ms @ http://localhost:3111/_next/static/chunks/node_modules_next_dist_1e8vcs8._.js:776
[  266992ms] [LOG] [Fast Refresh] done in 94ms @ http://localhost:3111/_next/static/chunks/node_modules_next_dist_1e8vcs8._.js:776
[  267055ms] [LOG] [Fast Refresh] done in 94ms @ http://localhost:3111/_next/static/chunks/node_modules_next_dist_1e8vcs8._.js:776
[  267117ms] [LOG] [Fast Refresh] done in 94ms @ http://localhost:3111/_next/static/chunks/node_modules_next_dist_1e8vcs8._.js:776
[  267166ms] [LOG] [Fast Refresh] done in 94ms @ http://localhost:3111/_next/static/chunks/node_modules_next_dist_1e8vcs8._.js:776
[  267213ms] [LOG] [Fast Refresh] done in 94ms @ http://localhost:3111/_next/static/chunks/node_modules_next_dist_1e8vcs8._.js:776
[  267260ms] [LOG] [Fast Refresh] done in 94ms @ http://localhost:3111/_next/static/chunks/node_modules_next_dist_1e8vcs8._.js:776
[  267323ms] [LOG] [Fast Refresh] done in 94ms @ http://localhost:3111/_next/static/chunks/node_modules_next_dist_1e8vcs8._.js:776
[  267380ms] [LOG] [Fast Refresh] done in 94ms @ http://localhost:3111/_next/static/chunks/node_modules_next_dist_1e8vcs8._.js:776
[  267431ms] [LOG] [Fast Refresh] done in 94ms @ http://localhost:3111/_next/static/chunks/node_modules_next_dist_1e8vcs8._.js:776
[  267493ms] [LOG] [Fast Refresh] done in 94ms @ http://localhost:3111/_next/static/chunks/node_modules_next_dist_1e8vcs8._.js:776
[  267555ms] [LOG] [Fast Refresh] done in 94ms @ http://localhost:3111/_next/static/chunks/node_modules_next_dist_1e8vcs8._.js:776
[  267616ms] [LOG] [Fast Refresh] done in 94ms @ http://localhost:3111/_next/static/chunks/node_modules_next_dist_1e8vcs8._.js:776
[  267679ms] [LOG] [Fast Refresh] done in 94ms @ http://localhost:3111/_next/static/chunks/node_modules_next_dist_1e8vcs8._.js:776
[  267742ms] [LOG] [Fast Refresh] done in 94ms @ http://localhost:3111/_next/static/chunks/node_modules_next_dist_1e8vcs8._.js:776
[  267805ms] [LOG] [Fast Refresh] done in 94ms @ http://localhost:3111/_next/static/chunks/node_modules_next_dist_1e8vcs8._.js:776
[  267866ms] [LOG] [Fast Refresh] done in 94ms @ http://localhost:3111/_next/static/chunks/node_modules_next_dist_1e8vcs8._.js:776
[  267916ms] [LOG] [Fast Refresh] done in 94ms @ http://localhost:3111/_next/static/chunks/node_modules_next_dist_1e8vcs8._.js:776
[  267964ms] [LOG] [Fast Refresh] done in 94ms @ http://localhost:3111/_next/static/chunks/node_modules_next_dist_1e8vcs8._.js:776
[  268026ms] [LOG] [Fast Refresh] done in 94ms @ http://localhost:3111/_next/static/chunks/node_modules_next_dist_1e8vcs8._.js:776
[  268074ms] [LOG] [Fast Refresh] done in 94ms @ http://localhost:3111/_next/static/chunks/node_modules_next_dist_1e8vcs8._.js:776
[  268122ms] [LOG] [Fast Refresh] done in 94ms @ http://localhost:3111/_next/static/chunks/node_modules_next_dist_1e8vcs8._.js:776
[  268184ms] [LOG] [Fast Refresh] done in 94ms @ http://localhost:3111/_next/static/chunks/node_modules_next_dist_1e8vcs8._.js:776
[  268247ms] [LOG] [Fast Refresh] done in 94ms @ http://localhost:3111/_next/static/chunks/node_modules_next_dist_1e8vcs8._.js:776
[  268296ms] [LOG] [Fast Refresh] done in 94ms @ http://localhost:3111/_next/static/chunks/node_modules_next_dist_1e8vcs8._.js:776
[  268344ms] [LOG] [Fast Refresh] done in 94ms @ http://localhost:3111/_next/static/chunks/node_modules_next_dist_1e8vcs8._.js:776
[  268397ms] [LOG] [Fast Refresh] done in 94ms @ http://localhost:3111/_next/static/chunks/node_modules_next_dist_1e8vcs8._.js:776
[  268449ms] [LOG] [Fast Refresh] done in 94ms @ http://localhost:3111/_next/static/chunks/node_modules_next_dist_1e8vcs8._.js:776
[  268511ms] [LOG] [Fast Refresh] done in 94ms @ http://localhost:3111/_next/static/chunks/node_modules_next_dist_1e8vcs8._.js:776
[  268573ms] [LOG] [Fast Refresh] done in 94ms @ http://localhost:3111/_next/static/chunks/node_modules_next_dist_1e8vcs8._.js:776
[  268637ms] [LOG] [Fast Refresh] done in 94ms @ http://localhost:3111/_next/static/chunks/node_modules_next_dist_1e8vcs8._.js:776
[  268699ms] [LOG] [Fast Refresh] done in 94ms @ http://localhost:3111/_next/static/chunks/node_modules_next_dist_1e8vcs8._.js:776
[  268747ms] [LOG] [Fast Refresh] done in 94ms @ http://localhost:3111/_next/static/chunks/node_modules_next_dist_1e8vcs8._.js:776
[  268794ms] [LOG] [Fast Refresh] done in 94ms @ http://localhost:3111/_next/static/chunks/node_modules_next_dist_1e8vcs8._.js:776
[  268843ms] [LOG] [Fast Refresh] done in 94ms @ http://localhost:3111/_next/static/chunks/node_modules_next_dist_1e8vcs8._.js:776
[  268895ms] [LOG] [Fast Refresh] done in 94ms @ http://localhost:3111/_next/static/chunks/node_modules_next_dist_1e8vcs8._.js:776
[  268949ms] [LOG] [Fast Refresh] done in 94ms @ http://localhost:3111/_next/static/chunks/node_modules_next_dist_1e8vcs8._.js:776
[  269011ms] [LOG] [Fast Refresh] done in 94ms @ http://localhost:3111/_next/static/chunks/node_modules_next_dist_1e8vcs8._.js:776
[  269075ms] [LOG] [Fast Refresh] done in 94ms @ http://localhost:3111/_next/static/chunks/node_modules_next_dist_1e8vcs8._.js:776
[  269123ms] [LOG] [Fast Refresh] done in 94ms @ http://localhost:3111/_next/static/chunks/node_modules_next_dist_1e8vcs8._.js:776
[  269170ms] [LOG] [Fast Refresh] done in 94ms @ http://localhost:3111/_next/static/chunks/node_modules_next_dist_1e8vcs8._.js:776
[  269233ms] [LOG] [Fast Refresh] done in 94ms @ http://localhost:3111/_next/static/chunks/node_modules_next_dist_1e8vcs8._.js:776
[  269283ms] [LOG] [Fast Refresh] done in 94ms @ http://localhost:3111/_next/static/chunks/node_modules_next_dist_1e8vcs8._.js:776
[  269344ms] [LOG] [Fast Refresh] done in 94ms @ http://localhost:3111/_next/static/chunks/node_modules_next_dist_1e8vcs8._.js:776
[  269398ms] [LOG] [Fast Refresh] done in 94ms @ http://localhost:3111/_next/static/chunks/node_modules_next_dist_1e8vcs8._.js:776
[  269447ms] [LOG] [Fast Refresh] done in 94ms @ http://localhost:3111/_next/static/chunks/node_modules_next_dist_1e8vcs8._.js:776
[  269496ms] [LOG] [Fast Refresh] done in 94ms @ http://localhost:3111/_next/static/chunks/node_modules_next_dist_1e8vcs8._.js:776
[  269559ms] [LOG] [Fast Refresh] done in 94ms @ http://localhost:3111/_next/static/chunks/node_modules_next_dist_1e8vcs8._.js:776
[  269607ms] [LOG] [Fast Refresh] done in 94ms @ http://localhost:3111/_next/static/chunks/node_modules_next_dist_1e8vcs8._.js:776
[  269669ms] [LOG] [Fast Refresh] done in 94ms @ http://localhost:3111/_next/static/chunks/node_modules_next_dist_1e8vcs8._.js:776
[  269717ms] [LOG] [Fast Refresh] done in 94ms @ http://localhost:3111/_next/static/chunks/node_modules_next_dist_1e8vcs8._.js:776
[  269779ms] [LOG] [Fast Refresh] done in 94ms @ http://localhost:3111/_next/static/chunks/node_modules_next_dist_1e8vcs8._.js:776
[  269827ms] [LOG] [Fast Refresh] done in 94ms @ http://localhost:3111/_next/static/chunks/node_modules_next_dist_1e8vcs8._.js:776
[  269880ms] [LOG] [Fast Refresh] done in 94ms @ http://localhost:3111/_next/static/chunks/node_modules_next_dist_1e8vcs8._.js:776
[  269931ms] [LOG] [Fast Refresh] done in 94ms @ http://localhost:3111/_next/static/chunks/node_modules_next_dist_1e8vcs8._.js:776
[  269978ms] [LOG] [Fast Refresh] done in 94ms @ http://localhost:3111/_next/static/chunks/node_modules_next_dist_1e8vcs8._.js:776
[  270043ms] [LOG] [Fast Refresh] done in 94ms @ http://localhost:3111/_next/static/chunks/node_modules_next_dist_1e8vcs8._.js:776
[  270106ms] [LOG] [Fast Refresh] done in 94ms @ http://localhost:3111/_next/static/chunks/node_modules_next_dist_1e8vcs8._.js:776
[  270153ms] [LOG] [Fast Refresh] done in 94ms @ http://localhost:3111/_next/static/chunks/node_modules_next_dist_1e8vcs8._.js:776
[  270216ms] [LOG] [Fast Refresh] done in 94ms @ http://localhost:3111/_next/static/chunks/node_modules_next_dist_1e8vcs8._.js:776
[  270263ms] [LOG] [Fast Refresh] done in 94ms @ http://localhost:3111/_next/static/chunks/node_modules_next_dist_1e8vcs8._.js:776
[  270310ms] [LOG] [Fast Refresh] done in 94ms @ http://localhost:3111/_next/static/chunks/node_modules_next_dist_1e8vcs8._.js:776
[  270366ms] [LOG] [Fast Refresh] done in 94ms @ http://localhost:3111/_next/static/chunks/node_modules_next_dist_1e8vcs8._.js:776
[  270415ms] [LOG] [Fast Refresh] done in 94ms @ http://localhost:3111/_next/static/chunks/node_modules_next_dist_1e8vcs8._.js:776
[  270479ms] [LOG] [Fast Refresh] done in 94ms @ http://localhost:3111/_next/static/chunks/node_modules_next_dist_1e8vcs8._.js:776
[  270527ms] [LOG] [Fast Refresh] done in 94ms @ http://localhost:3111/_next/static/chunks/node_modules_next_dist_1e8vcs8._.js:776
[  270590ms] [LOG] [Fast Refresh] done in 94ms @ http://localhost:3111/_next/static/chunks/node_modules_next_dist_1e8vcs8._.js:776
[  270652ms] [LOG] [Fast Refresh] done in 94ms @ http://localhost:3111/_next/static/chunks/node_modules_next_dist_1e8vcs8._.js:776
[  270700ms] [LOG] [Fast Refresh] done in 94ms @ http://localhost:3111/_next/static/chunks/node_modules_next_dist_1e8vcs8._.js:776
[  270749ms] [LOG] [Fast Refresh] done in 94ms @ http://localhost:3111/_next/static/chunks/node_modules_next_dist_1e8vcs8._.js:776
[  270796ms] [LOG] [Fast Refresh] done in 94ms @ http://localhost:3111/_next/static/chunks/node_modules_next_dist_1e8vcs8._.js:776
[  270844ms] [LOG] [Fast Refresh] done in 94ms @ http://localhost:3111/_next/static/chunks/node_modules_next_dist_1e8vcs8._.js:776
[  270881ms] [LOG] [Fast Refresh] done in 94ms @ http://localhost:3111/_next/static/chunks/node_modules_next_dist_1e8vcs8._.js:776
[  270929ms] [LOG] [Fast Refresh] done in 94ms @ http://localhost:3111/_next/static/chunks/node_modules_next_dist_1e8vcs8._.js:776
[  270976ms] [LOG] [Fast Refresh] done in 94ms @ http://localhost:3111/_next/static/chunks/node_modules_next_dist_1e8vcs8._.js:776
[  271024ms] [LOG] [Fast Refresh] done in 94ms @ http://localhost:3111/_next/static/chunks/node_modules_next_dist_1e8vcs8._.js:776
[  271088ms] [LOG] [Fast Refresh] done in 94ms @ http://localhost:3111/_next/static/chunks/node_modules_next_dist_1e8vcs8._.js:776
[  271151ms] [LOG] [Fast Refresh] done in 94ms @ http://localhost:3111/_next/static/chunks/node_modules_next_dist_1e8vcs8._.js:776
[  271214ms] [LOG] [Fast Refresh] done in 94ms @ http://localhost:3111/_next/static/chunks/node_modules_next_dist_1e8vcs8._.js:776
[  271277ms] [LOG] [Fast Refresh] done in 94ms @ http://localhost:3111/_next/static/chunks/node_modules_next_dist_1e8vcs8._.js:776
[  271340ms] [LOG] [Fast Refresh] done in 94ms @ http://localhost:3111/_next/static/chunks/node_modules_next_dist_1e8vcs8._.js:776
[  271399ms] [LOG] [Fast Refresh] done in 94ms @ http://localhost:3111/_next/static/chunks/node_modules_next_dist_1e8vcs8._.js:776
[  271447ms] [LOG] [Fast Refresh] done in 94ms @ http://localhost:3111/_next/static/chunks/node_modules_next_dist_1e8vcs8._.js:776
[  271510ms] [LOG] [Fast Refresh] done in 94ms @ http://localhost:3111/_next/static/chunks/node_modules_next_dist_1e8vcs8._.js:776
[  271572ms] [LOG] [Fast Refresh] done in 94ms @ http://localhost:3111/_next/static/chunks/node_modules_next_dist_1e8vcs8._.js:776
[  271620ms] [LOG] [Fast Refresh] done in 94ms @ http://localhost:3111/_next/static/chunks/node_modules_next_dist_1e8vcs8._.js:776
[  271668ms] [LOG] [Fast Refresh] done in 94ms @ http://localhost:3111/_next/static/chunks/node_modules_next_dist_1e8vcs8._.js:776
[  271732ms] [LOG] [Fast Refresh] done in 94ms @ http://localhost:3111/_next/static/chunks/node_modules_next_dist_1e8vcs8._.js:776
[  271779ms] [LOG] [Fast Refresh] done in 94ms @ http://localhost:3111/_next/static/chunks/node_modules_next_dist_1e8vcs8._.js:776
[  271842ms] [LOG] [Fast Refresh] done in 94ms @ http://localhost:3111/_next/static/chunks/node_modules_next_dist_1e8vcs8._.js:776
[  271896ms] [LOG] [Fast Refresh] done in 94ms @ http://localhost:3111/_next/static/chunks/node_modules_next_dist_1e8vcs8._.js:776
[  271947ms] [LOG] [Fast Refresh] done in 94ms @ http://localhost:3111/_next/static/chunks/node_modules_next_dist_1e8vcs8._.js:776
[  272010ms] [LOG] [Fast Refresh] done in 94ms @ http://localhost:3111/_next/static/chunks/node_modules_next_dist_1e8vcs8._.js:776
[  272057ms] [LOG] [Fast Refresh] done in 94ms @ http://localhost:3111/_next/static/chunks/node_modules_next_dist_1e8vcs8._.js:776
[  272120ms] [LOG] [Fast Refresh] done in 94ms @ http://localhost:3111/_next/static/chunks/node_modules_next_dist_1e8vcs8._.js:776
[  272182ms] [LOG] [Fast Refresh] done in 94ms @ http://localhost:3111/_next/static/chunks/node_modules_next_dist_1e8vcs8._.js:776
[  272246ms] [LOG] [Fast Refresh] done in 94ms @ http://localhost:3111/_next/static/chunks/node_modules_next_dist_1e8vcs8._.js:776
[  272293ms] [LOG] [Fast Refresh] done in 94ms @ http://localhost:3111/_next/static/chunks/node_modules_next_dist_1e8vcs8._.js:776
[  272341ms] [LOG] [Fast Refresh] done in 94ms @ http://localhost:3111/_next/static/chunks/node_modules_next_dist_1e8vcs8._.js:776
[  272396ms] [LOG] [Fast Refresh] done in 94ms @ http://localhost:3111/_next/static/chunks/node_modules_next_dist_1e8vcs8._.js:776
[  272447ms] [LOG] [Fast Refresh] done in 94ms @ http://localhost:3111/_next/static/chunks/node_modules_next_dist_1e8vcs8._.js:776
[  272497ms] [LOG] [Fast Refresh] done in 94ms @ http://localhost:3111/_next/static/chunks/node_modules_next_dist_1e8vcs8._.js:776
[  272548ms] [LOG] [Fast Refresh] done in 94ms @ http://localhost:3111/_next/static/chunks/node_modules_next_dist_1e8vcs8._.js:776
[  272611ms] [LOG] [Fast Refresh] done in 94ms @ http://localhost:3111/_next/static/chunks/node_modules_next_dist_1e8vcs8._.js:776
[  272674ms] [LOG] [Fast Refresh] done in 94ms @ http://localhost:3111/_next/static/chunks/node_modules_next_dist_1e8vcs8._.js:776
[  272721ms] [LOG] [Fast Refresh] done in 94ms @ http://localhost:3111/_next/static/chunks/node_modules_next_dist_1e8vcs8._.js:776
[  272770ms] [LOG] [Fast Refresh] done in 94ms @ http://localhost:3111/_next/static/chunks/node_modules_next_dist_1e8vcs8._.js:776
[  272817ms] [LOG] [Fast Refresh] done in 94ms @ http://localhost:3111/_next/static/chunks/node_modules_next_dist_1e8vcs8._.js:776
[  272866ms] [LOG] [Fast Refresh] done in 94ms @ http://localhost:3111/_next/static/chunks/node_modules_next_dist_1e8vcs8._.js:776
[  272913ms] [LOG] [Fast Refresh] done in 94ms @ http://localhost:3111/_next/static/chunks/node_modules_next_dist_1e8vcs8._.js:776
[  272980ms] [LOG] [Fast Refresh] done in 94ms @ http://localhost:3111/_next/static/chunks/node_modules_next_dist_1e8vcs8._.js:776
[  273042ms] [LOG] [Fast Refresh] done in 94ms @ http://localhost:3111/_next/static/chunks/node_modules_next_dist_1e8vcs8._.js:776
[  273105ms] [LOG] [Fast Refresh] done in 94ms @ http://localhost:3111/_next/static/chunks/node_modules_next_dist_1e8vcs8._.js:776
[  273168ms] [LOG] [Fast Refresh] done in 94ms @ http://localhost:3111/_next/static/chunks/node_modules_next_dist_1e8vcs8._.js:776
[  273221ms] [LOG] [Fast Refresh] done in 94ms @ http://localhost:3111/_next/static/chunks/node_modules_next_dist_1e8vcs8._.js:776
[  273269ms] [LOG] [Fast Refresh] done in 94ms @ http://localhost:3111/_next/static/chunks/node_modules_next_dist_1e8vcs8._.js:776
[  273332ms] [LOG] [Fast Refresh] done in 94ms @ http://localhost:3111/_next/static/chunks/node_modules_next_dist_1e8vcs8._.js:776
[  273382ms] [LOG] [Fast Refresh] done in 94ms @ http://localhost:3111/_next/static/chunks/node_modules_next_dist_1e8vcs8._.js:776
[  273432ms] [LOG] [Fast Refresh] done in 94ms @ http://localhost:3111/_next/static/chunks/node_modules_next_dist_1e8vcs8._.js:776
[  273479ms] [LOG] [Fast Refresh] done in 94ms @ http://localhost:3111/_next/static/chunks/node_modules_next_dist_1e8vcs8._.js:776
[  273541ms] [LOG] [Fast Refresh] done in 94ms @ http://localhost:3111/_next/static/chunks/node_modules_next_dist_1e8vcs8._.js:776
[  273590ms] [LOG] [Fast Refresh] done in 94ms @ http://localhost:3111/_next/static/chunks/node_modules_next_dist_1e8vcs8._.js:776
[  273650ms] [LOG] [Fast Refresh] done in 94ms @ http://localhost:3111/_next/static/chunks/node_modules_next_dist_1e8vcs8._.js:776
[  273699ms] [LOG] [Fast Refresh] done in 94ms @ http://localhost:3111/_next/static/chunks/node_modules_next_dist_1e8vcs8._.js:776
[  273750ms] [LOG] [Fast Refresh] done in 94ms @ http://localhost:3111/_next/static/chunks/node_modules_next_dist_1e8vcs8._.js:776
[  273816ms] [LOG] [Fast Refresh] done in 94ms @ http://localhost:3111/_next/static/chunks/node_modules_next_dist_1e8vcs8._.js:776
[  273866ms] [LOG] [Fast Refresh] done in 94ms @ http://localhost:3111/_next/static/chunks/node_modules_next_dist_1e8vcs8._.js:776
[  273917ms] [LOG] [Fast Refresh] done in 94ms @ http://localhost:3111/_next/static/chunks/node_modules_next_dist_1e8vcs8._.js:776
[  273966ms] [LOG] [Fast Refresh] done in 94ms @ http://localhost:3111/_next/static/chunks/node_modules_next_dist_1e8vcs8._.js:776
[  274016ms] [LOG] [Fast Refresh] done in 94ms @ http://localhost:3111/_next/static/chunks/node_modules_next_dist_1e8vcs8._.js:776
[  274066ms] [LOG] [Fast Refresh] done in 94ms @ http://localhost:3111/_next/static/chunks/node_modules_next_dist_1e8vcs8._.js:776
[  274116ms] [LOG] [Fast Refresh] done in 94ms @ http://localhost:3111/_next/static/chunks/node_modules_next_dist_1e8vcs8._.js:776
[  274166ms] [LOG] [Fast Refresh] done in 94ms @ http://localhost:3111/_next/static/chunks/node_modules_next_dist_1e8vcs8._.js:776
[  274217ms] [LOG] [Fast Refresh] done in 94ms @ http://localhost:3111/_next/static/chunks/node_modules_next_dist_1e8vcs8._.js:776
[  274266ms] [LOG] [Fast Refresh] done in 94ms @ http://localhost:3111/_next/static/chunks/node_modules_next_dist_1e8vcs8._.js:776
[  274316ms] [LOG] [Fast Refresh] done in 94ms @ http://localhost:3111/_next/static/chunks/node_modules_next_dist_1e8vcs8._.js:776
[  274366ms] [LOG] [Fast Refresh] done in 94ms @ http://localhost:3111/_next/static/chunks/node_modules_next_dist_1e8vcs8._.js:776
[  274413ms] [LOG] [Fast Refresh] done in 94ms @ http://localhost:3111/_next/static/chunks/node_modules_next_dist_1e8vcs8._.js:776
[  274466ms] [LOG] [Fast Refresh] done in 94ms @ http://localhost:3111/_next/static/chunks/node_modules_next_dist_1e8vcs8._.js:776
[  274516ms] [LOG] [Fast Refresh] done in 94ms @ http://localhost:3111/_next/static/chunks/node_modules_next_dist_1e8vcs8._.js:776
[  274566ms] [LOG] [Fast Refresh] done in 94ms @ http://localhost:3111/_next/static/chunks/node_modules_next_dist_1e8vcs8._.js:776
[  274614ms] [LOG] [Fast Refresh] done in 94ms @ http://localhost:3111/_next/static/chunks/node_modules_next_dist_1e8vcs8._.js:776
[  274681ms] [LOG] [Fast Refresh] done in 94ms @ http://localhost:3111/_next/static/chunks/node_modules_next_dist_1e8vcs8._.js:776
[  274732ms] [LOG] [Fast Refresh] done in 94ms @ http://localhost:3111/_next/static/chunks/node_modules_next_dist_1e8vcs8._.js:776
[  274782ms] [LOG] [Fast Refresh] done in 94ms @ http://localhost:3111/_next/static/chunks/node_modules_next_dist_1e8vcs8._.js:776
[  274832ms] [LOG] [Fast Refresh] done in 94ms @ http://localhost:3111/_next/static/chunks/node_modules_next_dist_1e8vcs8._.js:776
[  274882ms] [LOG] [Fast Refresh] done in 94ms @ http://localhost:3111/_next/static/chunks/node_modules_next_dist_1e8vcs8._.js:776
[  274931ms] [LOG] [Fast Refresh] done in 94ms @ http://localhost:3111/_next/static/chunks/node_modules_next_dist_1e8vcs8._.js:776
[  274981ms] [LOG] [Fast Refresh] done in 94ms @ http://localhost:3111/_next/static/chunks/node_modules_next_dist_1e8vcs8._.js:776
[  275030ms] [LOG] [Fast Refresh] done in 94ms @ http://localhost:3111/_next/static/chunks/node_modules_next_dist_1e8vcs8._.js:776
[  275080ms] [LOG] [Fast Refresh] done in 94ms @ http://localhost:3111/_next/static/chunks/node_modules_next_dist_1e8vcs8._.js:776
[  275132ms] [LOG] [Fast Refresh] done in 94ms @ http://localhost:3111/_next/static/chunks/node_modules_next_dist_1e8vcs8._.js:776
[  275182ms] [LOG] [Fast Refresh] done in 94ms @ http://localhost:3111/_next/static/chunks/node_modules_next_dist_1e8vcs8._.js:776
[  275232ms] [LOG] [Fast Refresh] done in 94ms @ http://localhost:3111/_next/static/chunks/node_modules_next_dist_1e8vcs8._.js:776
[  275281ms] [LOG] [Fast Refresh] done in 94ms @ http://localhost:3111/_next/static/chunks/node_modules_next_dist_1e8vcs8._.js:776
[  275330ms] [LOG] [Fast Refresh] done in 94ms @ http://localhost:3111/_next/static/chunks/node_modules_next_dist_1e8vcs8._.js:776
[  275382ms] [LOG] [Fast Refresh] done in 94ms @ http://localhost:3111/_next/static/chunks/node_modules_next_dist_1e8vcs8._.js:776
[  275432ms] [LOG] [Fast Refresh] done in 94ms @ http://localhost:3111/_next/static/chunks/node_modules_next_dist_1e8vcs8._.js:776
[  275482ms] [LOG] [Fast Refresh] done in 94ms @ http://localhost:3111/_next/static/chunks/node_modules_next_dist_1e8vcs8._.js:776
[  275532ms] [LOG] [Fast Refresh] done in 94ms @ http://localhost:3111/_next/static/chunks/node_modules_next_dist_1e8vcs8._.js:776
[  275582ms] [LOG] [Fast Refresh] done in 94ms @ http://localhost:3111/_next/static/chunks/node_modules_next_dist_1e8vcs8._.js:776
[  275630ms] [LOG] [Fast Refresh] done in 94ms @ http://localhost:3111/_next/static/chunks/node_modules_next_dist_1e8vcs8._.js:776
[  275680ms] [LOG] [Fast Refresh] done in 94ms @ http://localhost:3111/_next/static/chunks/node_modules_next_dist_1e8vcs8._.js:776
[  275733ms] [LOG] [Fast Refresh] done in 94ms @ http://localhost:3111/_next/static/chunks/node_modules_next_dist_1e8vcs8._.js:776
[  275783ms] [LOG] [Fast Refresh] done in 94ms @ http://localhost:3111/_next/static/chunks/node_modules_next_dist_1e8vcs8._.js:776
[  275833ms] [LOG] [Fast Refresh] done in 94ms @ http://localhost:3111/_next/static/chunks/node_modules_next_dist_1e8vcs8._.js:776
[  275896ms] [LOG] [Fast Refresh] done in 94ms @ http://localhost:3111/_next/static/chunks/node_modules_next_dist_1e8vcs8._.js:776
[  275949ms] [LOG] [Fast Refresh] done in 94ms @ http://localhost:3111/_next/static/chunks/node_modules_next_dist_1e8vcs8._.js:776
[  275999ms] [LOG] [Fast Refresh] done in 94ms @ http://localhost:3111/_next/static/chunks/node_modules_next_dist_1e8vcs8._.js:776
[  276063ms] [LOG] [Fast Refresh] done in 94ms @ http://localhost:3111/_next/static/chunks/node_modules_next_dist_1e8vcs8._.js:776
[  276116ms] [LOG] [Fast Refresh] done in 94ms @ http://localhost:3111/_next/static/chunks/node_modules_next_dist_1e8vcs8._.js:776
[  276166ms] [LOG] [Fast Refresh] done in 94ms @ http://localhost:3111/_next/static/chunks/node_modules_next_dist_1e8vcs8._.js:776
[  276216ms] [LOG] [Fast Refresh] done in 94ms @ http://localhost:3111/_next/static/chunks/node_modules_next_dist_1e8vcs8._.js:776
[  276266ms] [LOG] [Fast Refresh] done in 94ms @ http://localhost:3111/_next/static/chunks/node_modules_next_dist_1e8vcs8._.js:776
[  276333ms] [LOG] [Fast Refresh] done in 94ms @ http://localhost:3111/_next/static/chunks/node_modules_next_dist_1e8vcs8._.js:776
[  276395ms] [LOG] [Fast Refresh] done in 94ms @ http://localhost:3111/_next/static/chunks/node_modules_next_dist_1e8vcs8._.js:776
[  276449ms] [LOG] [Fast Refresh] done in 94ms @ http://localhost:3111/_next/static/chunks/node_modules_next_dist_1e8vcs8._.js:776
[  276499ms] [LOG] [Fast Refresh] done in 94ms @ http://localhost:3111/_next/static/chunks/node_modules_next_dist_1e8vcs8._.js:776
[  276550ms] [LOG] [Fast Refresh] done in 94ms @ http://localhost:3111/_next/static/chunks/node_modules_next_dist_1e8vcs8._.js:776
[  276600ms] [LOG] [Fast Refresh] done in 94ms @ http://localhost:3111/_next/static/chunks/node_modules_next_dist_1e8vcs8._.js:776
[  276650ms] [LOG] [Fast Refresh] done in 94ms @ http://localhost:3111/_next/static/chunks/node_modules_next_dist_1e8vcs8._.js:776
[  276699ms] [LOG] [Fast Refresh] done in 94ms @ http://localhost:3111/_next/static/chunks/node_modules_next_dist_1e8vcs8._.js:776
[  276750ms] [LOG] [Fast Refresh] done in 94ms @ http://localhost:3111/_next/static/chunks/node_modules_next_dist_1e8vcs8._.js:776
[  276800ms] [LOG] [Fast Refresh] done in 94ms @ http://localhost:3111/_next/static/chunks/node_modules_next_dist_1e8vcs8._.js:776
[  276851ms] [LOG] [Fast Refresh] done in 94ms @ http://localhost:3111/_next/static/chunks/node_modules_next_dist_1e8vcs8._.js:776
[  276901ms] [LOG] [Fast Refresh] done in 94ms @ http://localhost:3111/_next/static/chunks/node_modules_next_dist_1e8vcs8._.js:776
[  276951ms] [LOG] [Fast Refresh] done in 94ms @ http://localhost:3111/_next/static/chunks/node_modules_next_dist_1e8vcs8._.js:776
[  277001ms] [LOG] [Fast Refresh] done in 94ms @ http://localhost:3111/_next/static/chunks/node_modules_next_dist_1e8vcs8._.js:776
[  277050ms] [LOG] [Fast Refresh] done in 94ms @ http://localhost:3111/_next/static/chunks/node_modules_next_dist_1e8vcs8._.js:776
[  277112ms] [LOG] [Fast Refresh] done in 94ms @ http://localhost:3111/_next/static/chunks/node_modules_next_dist_1e8vcs8._.js:776
[  277163ms] [LOG] [Fast Refresh] done in 94ms @ http://localhost:3111/_next/static/chunks/node_modules_next_dist_1e8vcs8._.js:776
[  277214ms] [LOG] [Fast Refresh] done in 94ms @ http://localhost:3111/_next/static/chunks/node_modules_next_dist_1e8vcs8._.js:776
[  277263ms] [LOG] [Fast Refresh] done in 94ms @ http://localhost:3111/_next/static/chunks/node_modules_next_dist_1e8vcs8._.js:776
[  277314ms] [LOG] [Fast Refresh] done in 94ms @ http://localhost:3111/_next/static/chunks/node_modules_next_dist_1e8vcs8._.js:776
[  277365ms] [LOG] [Fast Refresh] done in 94ms @ http://localhost:3111/_next/static/chunks/node_modules_next_dist_1e8vcs8._.js:776
[  277413ms] [LOG] [Fast Refresh] done in 94ms @ http://localhost:3111/_next/static/chunks/node_modules_next_dist_1e8vcs8._.js:776
[  277463ms] [LOG] [Fast Refresh] done in 94ms @ http://localhost:3111/_next/static/chunks/node_modules_next_dist_1e8vcs8._.js:776
[  277513ms] [LOG] [Fast Refresh] done in 94ms @ http://localhost:3111/_next/static/chunks/node_modules_next_dist_1e8vcs8._.js:776
[  277563ms] [LOG] [Fast Refresh] done in 94ms @ http://localhost:3111/_next/static/chunks/node_modules_next_dist_1e8vcs8._.js:776
[  277613ms] [LOG] [Fast Refresh] done in 94ms @ http://localhost:3111/_next/static/chunks/node_modules_next_dist_1e8vcs8._.js:776
[  277663ms] [LOG] [Fast Refresh] done in 94ms @ http://localhost:3111/_next/static/chunks/node_modules_next_dist_1e8vcs8._.js:776
[  277713ms] [LOG] [Fast Refresh] done in 94ms @ http://localhost:3111/_next/static/chunks/node_modules_next_dist_1e8vcs8._.js:776
[  277763ms] [LOG] [Fast Refresh] done in 94ms @ http://localhost:3111/_next/static/chunks/node_modules_next_dist_1e8vcs8._.js:776
[  277813ms] [LOG] [Fast Refresh] done in 94ms @ http://localhost:3111/_next/static/chunks/node_modules_next_dist_1e8vcs8._.js:776
[  277881ms] [LOG] [Fast Refresh] done in 94ms @ http://localhost:3111/_next/static/chunks/node_modules_next_dist_1e8vcs8._.js:776
[  277928ms] [LOG] [Fast Refresh] done in 94ms @ http://localhost:3111/_next/static/chunks/node_modules_next_dist_1e8vcs8._.js:776
[  277982ms] [LOG] [Fast Refresh] done in 94ms @ http://localhost:3111/_next/static/chunks/node_modules_next_dist_1e8vcs8._.js:776
[  278031ms] [LOG] [Fast Refresh] done in 94ms @ http://localhost:3111/_next/static/chunks/node_modules_next_dist_1e8vcs8._.js:776
[  278083ms] [LOG] [Fast Refresh] done in 94ms @ http://localhost:3111/_next/static/chunks/node_modules_next_dist_1e8vcs8._.js:776
[  278130ms] [LOG] [Fast Refresh] done in 94ms @ http://localhost:3111/_next/static/chunks/node_modules_next_dist_1e8vcs8._.js:776
[  278180ms] [LOG] [Fast Refresh] done in 94ms @ http://localhost:3111/_next/static/chunks/node_modules_next_dist_1e8vcs8._.js:776
[  278231ms] [LOG] [Fast Refresh] done in 94ms @ http://localhost:3111/_next/static/chunks/node_modules_next_dist_1e8vcs8._.js:776
[  278281ms] [LOG] [Fast Refresh] done in 94ms @ http://localhost:3111/_next/static/chunks/node_modules_next_dist_1e8vcs8._.js:776
[  278331ms] [LOG] [Fast Refresh] done in 94ms @ http://localhost:3111/_next/static/chunks/node_modules_next_dist_1e8vcs8._.js:776
[  278380ms] [LOG] [Fast Refresh] done in 94ms @ http://localhost:3111/_next/static/chunks/node_modules_next_dist_1e8vcs8._.js:776
[  278432ms] [LOG] [Fast Refresh] done in 94ms @ http://localhost:3111/_next/static/chunks/node_modules_next_dist_1e8vcs8._.js:776
[  278480ms] [LOG] [Fast Refresh] done in 94ms @ http://localhost:3111/_next/static/chunks/node_modules_next_dist_1e8vcs8._.js:776
[  278532ms] [LOG] [Fast Refresh] done in 94ms @ http://localhost:3111/_next/static/chunks/node_modules_next_dist_1e8vcs8._.js:776
[  278580ms] [LOG] [Fast Refresh] done in 94ms @ http://localhost:3111/_next/static/chunks/node_modules_next_dist_1e8vcs8._.js:776
[  278630ms] [LOG] [Fast Refresh] done in 94ms @ http://localhost:3111/_next/static/chunks/node_modules_next_dist_1e8vcs8._.js:776
[  278680ms] [LOG] [Fast Refresh] done in 94ms @ http://localhost:3111/_next/static/chunks/node_modules_next_dist_1e8vcs8._.js:776
[  278730ms] [LOG] [Fast Refresh] done in 94ms @ http://localhost:3111/_next/static/chunks/node_modules_next_dist_1e8vcs8._.js:776
[  278780ms] [LOG] [Fast Refresh] done in 94ms @ http://localhost:3111/_next/static/chunks/node_modules_next_dist_1e8vcs8._.js:776
[  278830ms] [LOG] [Fast Refresh] done in 94ms @ http://localhost:3111/_next/static/chunks/node_modules_next_dist_1e8vcs8._.js:776
[  278881ms] [LOG] [Fast Refresh] done in 94ms @ http://localhost:3111/_next/static/chunks/node_modules_next_dist_1e8vcs8._.js:776
[  278929ms] [LOG] [Fast Refresh] done in 94ms @ http://localhost:3111/_next/static/chunks/node_modules_next_dist_1e8vcs8._.js:776
[  278980ms] [LOG] [Fast Refresh] done in 94ms @ http://localhost:3111/_next/static/chunks/node_modules_next_dist_1e8vcs8._.js:776
[  279030ms] [LOG] [Fast Refresh] done in 94ms @ http://localhost:3111/_next/static/chunks/node_modules_next_dist_1e8vcs8._.js:776
[  279080ms] [LOG] [Fast Refresh] done in 94ms @ http://localhost:3111/_next/static/chunks/node_modules_next_dist_1e8vcs8._.js:776
[  279131ms] [LOG] [Fast Refresh] done in 94ms @ http://localhost:3111/_next/static/chunks/node_modules_next_dist_1e8vcs8._.js:776
[  279180ms] [LOG] [Fast Refresh] done in 94ms @ http://localhost:3111/_next/static/chunks/node_modules_next_dist_1e8vcs8._.js:776
[  279231ms] [LOG] [Fast Refresh] done in 94ms @ http://localhost:3111/_next/static/chunks/node_modules_next_dist_1e8vcs8._.js:776
[  279281ms] [LOG] [Fast Refresh] done in 94ms @ http://localhost:3111/_next/static/chunks/node_modules_next_dist_1e8vcs8._.js:776
[  279333ms] [LOG] [Fast Refresh] done in 94ms @ http://localhost:3111/_next/static/chunks/node_modules_next_dist_1e8vcs8._.js:776
[  279382ms] [LOG] [Fast Refresh] done in 94ms @ http://localhost:3111/_next/static/chunks/node_modules_next_dist_1e8vcs8._.js:776
[  279431ms] [LOG] [Fast Refresh] done in 94ms @ http://localhost:3111/_next/static/chunks/node_modules_next_dist_1e8vcs8._.js:776
[  279480ms] [LOG] [Fast Refresh] done in 94ms @ http://localhost:3111/_next/static/chunks/node_modules_next_dist_1e8vcs8._.js:776
[  279531ms] [LOG] [Fast Refresh] done in 94ms @ http://localhost:3111/_next/static/chunks/node_modules_next_dist_1e8vcs8._.js:776
[  279580ms] [LOG] [Fast Refresh] done in 94ms @ http://localhost:3111/_next/static/chunks/node_modules_next_dist_1e8vcs8._.js:776
[  279630ms] [LOG] [Fast Refresh] done in 94ms @ http://localhost:3111/_next/static/chunks/node_modules_next_dist_1e8vcs8._.js:776
[  279681ms] [LOG] [Fast Refresh] done in 94ms @ http://localhost:3111/_next/static/chunks/node_modules_next_dist_1e8vcs8._.js:776
[  279730ms] [LOG] [Fast Refresh] done in 94ms @ http://localhost:3111/_next/static/chunks/node_modules_next_dist_1e8vcs8._.js:776
[  279780ms] [LOG] [Fast Refresh] done in 94ms @ http://localhost:3111/_next/static/chunks/node_modules_next_dist_1e8vcs8._.js:776
[  279829ms] [LOG] [Fast Refresh] done in 94ms @ http://localhost:3111/_next/static/chunks/node_modules_next_dist_1e8vcs8._.js:776
[  279880ms] [LOG] [Fast Refresh] done in 94ms @ http://localhost:3111/_next/static/chunks/node_modules_next_dist_1e8vcs8._.js:776
[  279934ms] [LOG] [Fast Refresh] done in 94ms @ http://localhost:3111/_next/static/chunks/node_modules_next_dist_1e8vcs8._.js:776
[  325130ms] [LOG] [Fast Refresh] rebuilding @ http://localhost:3111/_next/static/chunks/node_modules_next_dist_1e8vcs8._.js:776
[  325219ms] [LOG] [Fast Refresh] done in 6ms @ http://localhost:3111/_next/static/chunks/node_modules_next_dist_1e8vcs8._.js:776
[  325268ms] [LOG] [Fast Refresh] done in 6ms @ http://localhost:3111/_next/static/chunks/node_modules_next_dist_1e8vcs8._.js:776
[  325330ms] [LOG] [Fast Refresh] done in 6ms @ http://localhost:3111/_next/static/chunks/node_modules_next_dist_1e8vcs8._.js:776
[  325391ms] [LOG] [Fast Refresh] done in 6ms @ http://localhost:3111/_next/static/chunks/node_modules_next_dist_1e8vcs8._.js:776
[  325427ms] [LOG] [Fast Refresh] done in 6ms @ http://localhost:3111/_next/static/chunks/node_modules_next_dist_1e8vcs8._.js:776
[  325479ms] [LOG] [Fast Refresh] done in 6ms @ http://localhost:3111/_next/static/chunks/node_modules_next_dist_1e8vcs8._.js:776
[  325529ms] [LOG] [Fast Refresh] done in 6ms @ http://localhost:3111/_next/static/chunks/node_modules_next_dist_1e8vcs8._.js:776
[  325580ms] [LOG] [Fast Refresh] done in 6ms @ http://localhost:3111/_next/static/chunks/node_modules_next_dist_1e8vcs8._.js:776
[  325629ms] [LOG] [Fast Refresh] done in 6ms @ http://localhost:3111/_next/static/chunks/node_modules_next_dist_1e8vcs8._.js:776
[  325680ms] [LOG] [Fast Refresh] done in 6ms @ http://localhost:3111/_next/static/chunks/node_modules_next_dist_1e8vcs8._.js:776
[  325727ms] [LOG] [Fast Refresh] done in 6ms @ http://localhost:3111/_next/static/chunks/node_modules_next_dist_1e8vcs8._.js:776
[  325777ms] [LOG] [Fast Refresh] done in 6ms @ http://localhost:3111/_next/static/chunks/node_modules_next_dist_1e8vcs8._.js:776
[  325843ms] [LOG] [Fast Refresh] done in 6ms @ http://localhost:3111/_next/static/chunks/node_modules_next_dist_1e8vcs8._.js:776
[  325896ms] [LOG] [Fast Refresh] done in 6ms @ http://localhost:3111/_next/static/chunks/node_modules_next_dist_1e8vcs8._.js:776
[  325946ms] [LOG] [Fast Refresh] done in 6ms @ http://localhost:3111/_next/static/chunks/node_modules_next_dist_1e8vcs8._.js:776
[  325996ms] [LOG] [Fast Refresh] done in 6ms @ http://localhost:3111/_next/static/chunks/node_modules_next_dist_1e8vcs8._.js:776
[  326045ms] [LOG] [Fast Refresh] done in 6ms @ http://localhost:3111/_next/static/chunks/node_modules_next_dist_1e8vcs8._.js:776
[  326095ms] [LOG] [Fast Refresh] done in 6ms @ http://localhost:3111/_next/static/chunks/node_modules_next_dist_1e8vcs8._.js:776
[  326146ms] [LOG] [Fast Refresh] done in 6ms @ http://localhost:3111/_next/static/chunks/node_modules_next_dist_1e8vcs8._.js:776
[  326196ms] [LOG] [Fast Refresh] done in 6ms @ http://localhost:3111/_next/static/chunks/node_modules_next_dist_1e8vcs8._.js:776
[  326244ms] [LOG] [Fast Refresh] done in 6ms @ http://localhost:3111/_next/static/chunks/node_modules_next_dist_1e8vcs8._.js:776
[  326293ms] [LOG] [Fast Refresh] done in 6ms @ http://localhost:3111/_next/static/chunks/node_modules_next_dist_1e8vcs8._.js:776
[  326346ms] [LOG] [Fast Refresh] done in 6ms @ http://localhost:3111/_next/static/chunks/node_modules_next_dist_1e8vcs8._.js:776
[  326395ms] [LOG] [Fast Refresh] done in 6ms @ http://localhost:3111/_next/static/chunks/node_modules_next_dist_1e8vcs8._.js:776
[  326444ms] [LOG] [Fast Refresh] done in 6ms @ http://localhost:3111/_next/static/chunks/node_modules_next_dist_1e8vcs8._.js:776
[  326496ms] [LOG] [Fast Refresh] done in 6ms @ http://localhost:3111/_next/static/chunks/node_modules_next_dist_1e8vcs8._.js:776
[  326544ms] [LOG] [Fast Refresh] done in 6ms @ http://localhost:3111/_next/static/chunks/node_modules_next_dist_1e8vcs8._.js:776
[  326594ms] [LOG] [Fast Refresh] done in 6ms @ http://localhost:3111/_next/static/chunks/node_modules_next_dist_1e8vcs8._.js:776
[  326643ms] [LOG] [Fast Refresh] done in 6ms @ http://localhost:3111/_next/static/chunks/node_modules_next_dist_1e8vcs8._.js:776
[  326693ms] [LOG] [Fast Refresh] done in 6ms @ http://localhost:3111/_next/static/chunks/node_modules_next_dist_1e8vcs8._.js:776
[  326744ms] [LOG] [Fast Refresh] done in 6ms @ http://localhost:3111/_next/static/chunks/node_modules_next_dist_1e8vcs8._.js:776
[  326793ms] [LOG] [Fast Refresh] done in 6ms @ http://localhost:3111/_next/static/chunks/node_modules_next_dist_1e8vcs8._.js:776
[  326844ms] [LOG] [Fast Refresh] done in 6ms @ http://localhost:3111/_next/static/chunks/node_modules_next_dist_1e8vcs8._.js:776
[  326895ms] [LOG] [Fast Refresh] done in 6ms @ http://localhost:3111/_next/static/chunks/node_modules_next_dist_1e8vcs8._.js:776
[  326944ms] [LOG] [Fast Refresh] done in 6ms @ http://localhost:3111/_next/static/chunks/node_modules_next_dist_1e8vcs8._.js:776
[  326997ms] [LOG] [Fast Refresh] done in 6ms @ http://localhost:3111/_next/static/chunks/node_modules_next_dist_1e8vcs8._.js:776
[  327043ms] [LOG] [Fast Refresh] done in 6ms @ http://localhost:3111/_next/static/chunks/node_modules_next_dist_1e8vcs8._.js:776
[  327093ms] [LOG] [Fast Refresh] done in 6ms @ http://localhost:3111/_next/static/chunks/node_modules_next_dist_1e8vcs8._.js:776
[  327144ms] [LOG] [Fast Refresh] done in 6ms @ http://localhost:3111/_next/static/chunks/node_modules_next_dist_1e8vcs8._.js:776
[  327193ms] [LOG] [Fast Refresh] done in 6ms @ http://localhost:3111/_next/static/chunks/node_modules_next_dist_1e8vcs8._.js:776
[  327246ms] [LOG] [Fast Refresh] done in 6ms @ http://localhost:3111/_next/static/chunks/node_modules_next_dist_1e8vcs8._.js:776
[  327296ms] [LOG] [Fast Refresh] done in 6ms @ http://localhost:3111/_next/static/chunks/node_modules_next_dist_1e8vcs8._.js:776
[  327344ms] [LOG] [Fast Refresh] done in 6ms @ http://localhost:3111/_next/static/chunks/node_modules_next_dist_1e8vcs8._.js:776
[  327395ms] [LOG] [Fast Refresh] done in 6ms @ http://localhost:3111/_next/static/chunks/node_modules_next_dist_1e8vcs8._.js:776
[  327444ms] [LOG] [Fast Refresh] done in 6ms @ http://localhost:3111/_next/static/chunks/node_modules_next_dist_1e8vcs8._.js:776
[  327496ms] [LOG] [Fast Refresh] done in 6ms @ http://localhost:3111/_next/static/chunks/node_modules_next_dist_1e8vcs8._.js:776
[  327560ms] [LOG] [Fast Refresh] done in 6ms @ http://localhost:3111/_next/static/chunks/node_modules_next_dist_1e8vcs8._.js:776
[  327614ms] [LOG] [Fast Refresh] done in 6ms @ http://localhost:3111/_next/static/chunks/node_modules_next_dist_1e8vcs8._.js:776
[  327661ms] [LOG] [Fast Refresh] done in 6ms @ http://localhost:3111/_next/static/chunks/node_modules_next_dist_1e8vcs8._.js:776
[  327709ms] [LOG] [Fast Refresh] done in 6ms @ http://localhost:3111/_next/static/chunks/node_modules_next_dist_1e8vcs8._.js:776
[  327760ms] [LOG] [Fast Refresh] done in 6ms @ http://localhost:3111/_next/static/chunks/node_modules_next_dist_1e8vcs8._.js:776
[  327811ms] [LOG] [Fast Refresh] done in 6ms @ http://localhost:3111/_next/static/chunks/node_modules_next_dist_1e8vcs8._.js:776
[  327859ms] [LOG] [Fast Refresh] done in 6ms @ http://localhost:3111/_next/static/chunks/node_modules_next_dist_1e8vcs8._.js:776
[  327911ms] [LOG] [Fast Refresh] done in 6ms @ http://localhost:3111/_next/static/chunks/node_modules_next_dist_1e8vcs8._.js:776
[  327961ms] [LOG] [Fast Refresh] done in 6ms @ http://localhost:3111/_next/static/chunks/node_modules_next_dist_1e8vcs8._.js:776
[  328011ms] [LOG] [Fast Refresh] done in 6ms @ http://localhost:3111/_next/static/chunks/node_modules_next_dist_1e8vcs8._.js:776
[  328059ms] [LOG] [Fast Refresh] done in 6ms @ http://localhost:3111/_next/static/chunks/node_modules_next_dist_1e8vcs8._.js:776
[  328111ms] [LOG] [Fast Refresh] done in 6ms @ http://localhost:3111/_next/static/chunks/node_modules_next_dist_1e8vcs8._.js:776
[  328160ms] [LOG] [Fast Refresh] done in 6ms @ http://localhost:3111/_next/static/chunks/node_modules_next_dist_1e8vcs8._.js:776
[  328218ms] [LOG] [Fast Refresh] done in 6ms @ http://localhost:3111/_next/static/chunks/node_modules_next_dist_1e8vcs8._.js:776
[  328261ms] [LOG] [Fast Refresh] done in 6ms @ http://localhost:3111/_next/static/chunks/node_modules_next_dist_1e8vcs8._.js:776
[  328312ms] [LOG] [Fast Refresh] done in 6ms @ http://localhost:3111/_next/static/chunks/node_modules_next_dist_1e8vcs8._.js:776
[  328359ms] [LOG] [Fast Refresh] done in 6ms @ http://localhost:3111/_next/static/chunks/node_modules_next_dist_1e8vcs8._.js:776
[  328410ms] [LOG] [Fast Refresh] done in 6ms @ http://localhost:3111/_next/static/chunks/node_modules_next_dist_1e8vcs8._.js:776
[  328460ms] [LOG] [Fast Refresh] done in 6ms @ http://localhost:3111/_next/static/chunks/node_modules_next_dist_1e8vcs8._.js:776
[  328510ms] [LOG] [Fast Refresh] done in 6ms @ http://localhost:3111/_next/static/chunks/node_modules_next_dist_1e8vcs8._.js:776
[  328560ms] [LOG] [Fast Refresh] done in 6ms @ http://localhost:3111/_next/static/chunks/node_modules_next_dist_1e8vcs8._.js:776
[  328611ms] [LOG] [Fast Refresh] done in 6ms @ http://localhost:3111/_next/static/chunks/node_modules_next_dist_1e8vcs8._.js:776
[  328662ms] [LOG] [Fast Refresh] done in 6ms @ http://localhost:3111/_next/static/chunks/node_modules_next_dist_1e8vcs8._.js:776
[  328712ms] [LOG] [Fast Refresh] done in 6ms @ http://localhost:3111/_next/static/chunks/node_modules_next_dist_1e8vcs8._.js:776
[  328760ms] [LOG] [Fast Refresh] done in 6ms @ http://localhost:3111/_next/static/chunks/node_modules_next_dist_1e8vcs8._.js:776
[  328812ms] [LOG] [Fast Refresh] done in 6ms @ http://localhost:3111/_next/static/chunks/node_modules_next_dist_1e8vcs8._.js:776
[  328860ms] [LOG] [Fast Refresh] done in 6ms @ http://localhost:3111/_next/static/chunks/node_modules_next_dist_1e8vcs8._.js:776
[  328911ms] [LOG] [Fast Refresh] done in 6ms @ http://localhost:3111/_next/static/chunks/node_modules_next_dist_1e8vcs8._.js:776
[  328975ms] [LOG] [Fast Refresh] done in 6ms @ http://localhost:3111/_next/static/chunks/node_modules_next_dist_1e8vcs8._.js:776
[  329028ms] [LOG] [Fast Refresh] done in 6ms @ http://localhost:3111/_next/static/chunks/node_modules_next_dist_1e8vcs8._.js:776
[  329079ms] [LOG] [Fast Refresh] done in 6ms @ http://localhost:3111/_next/static/chunks/node_modules_next_dist_1e8vcs8._.js:776
[  329126ms] [LOG] [Fast Refresh] done in 6ms @ http://localhost:3111/_next/static/chunks/node_modules_next_dist_1e8vcs8._.js:776
[  329162ms] [LOG] [Fast Refresh] done in 6ms @ http://localhost:3111/_next/static/chunks/node_modules_next_dist_1e8vcs8._.js:776
[  329211ms] [LOG] [Fast Refresh] done in 6ms @ http://localhost:3111/_next/static/chunks/node_modules_next_dist_1e8vcs8._.js:776
[  329260ms] [LOG] [Fast Refresh] done in 6ms @ http://localhost:3111/_next/static/chunks/node_modules_next_dist_1e8vcs8._.js:776
[  329309ms] [LOG] [Fast Refresh] done in 6ms @ http://localhost:3111/_next/static/chunks/node_modules_next_dist_1e8vcs8._.js:776
[  329360ms] [LOG] [Fast Refresh] done in 6ms @ http://localhost:3111/_next/static/chunks/node_modules_next_dist_1e8vcs8._.js:776
[  329411ms] [LOG] [Fast Refresh] done in 6ms @ http://localhost:3111/_next/static/chunks/node_modules_next_dist_1e8vcs8._.js:776
[  329459ms] [LOG] [Fast Refresh] done in 6ms @ http://localhost:3111/_next/static/chunks/node_modules_next_dist_1e8vcs8._.js:776
[  329510ms] [LOG] [Fast Refresh] done in 6ms @ http://localhost:3111/_next/static/chunks/node_modules_next_dist_1e8vcs8._.js:776
[  329560ms] [LOG] [Fast Refresh] done in 6ms @ http://localhost:3111/_next/static/chunks/node_modules_next_dist_1e8vcs8._.js:776
[  329612ms] [LOG] [Fast Refresh] done in 6ms @ http://localhost:3111/_next/static/chunks/node_modules_next_dist_1e8vcs8._.js:776
[  329662ms] [LOG] [Fast Refresh] done in 6ms @ http://localhost:3111/_next/static/chunks/node_modules_next_dist_1e8vcs8._.js:776
[  329710ms] [LOG] [Fast Refresh] done in 6ms @ http://localhost:3111/_next/static/chunks/node_modules_next_dist_1e8vcs8._.js:776
[  329760ms] [LOG] [Fast Refresh] done in 6ms @ http://localhost:3111/_next/static/chunks/node_modules_next_dist_1e8vcs8._.js:776
[  329812ms] [LOG] [Fast Refresh] done in 6ms @ http://localhost:3111/_next/static/chunks/node_modules_next_dist_1e8vcs8._.js:776
[  329875ms] [LOG] [Fast Refresh] done in 6ms @ http://localhost:3111/_next/static/chunks/node_modules_next_dist_1e8vcs8._.js:776
[  329927ms] [LOG] [Fast Refresh] done in 6ms @ http://localhost:3111/_next/static/chunks/node_modules_next_dist_1e8vcs8._.js:776
[  329976ms] [LOG] [Fast Refresh] done in 6ms @ http://localhost:3111/_next/static/chunks/node_modules_next_dist_1e8vcs8._.js:776
[  330027ms] [LOG] [Fast Refresh] done in 6ms @ http://localhost:3111/_next/static/chunks/node_modules_next_dist_1e8vcs8._.js:776
[  330078ms] [LOG] [Fast Refresh] done in 6ms @ http://localhost:3111/_next/static/chunks/node_modules_next_dist_1e8vcs8._.js:776
[  330127ms] [LOG] [Fast Refresh] done in 6ms @ http://localhost:3111/_next/static/chunks/node_modules_next_dist_1e8vcs8._.js:776
[  330179ms] [LOG] [Fast Refresh] done in 6ms @ http://localhost:3111/_next/static/chunks/node_modules_next_dist_1e8vcs8._.js:776
[  330227ms] [LOG] [Fast Refresh] done in 6ms @ http://localhost:3111/_next/static/chunks/node_modules_next_dist_1e8vcs8._.js:776
[  330279ms] [LOG] [Fast Refresh] done in 6ms @ http://localhost:3111/_next/static/chunks/node_modules_next_dist_1e8vcs8._.js:776
[  330327ms] [LOG] [Fast Refresh] done in 6ms @ http://localhost:3111/_next/static/chunks/node_modules_next_dist_1e8vcs8._.js:776
[  330390ms] [LOG] [Fast Refresh] done in 6ms @ http://localhost:3111/_next/static/chunks/node_modules_next_dist_1e8vcs8._.js:776
[  330428ms] [LOG] [Fast Refresh] done in 6ms @ http://localhost:3111/_next/static/chunks/node_modules_next_dist_1e8vcs8._.js:776
[  330477ms] [LOG] [Fast Refresh] done in 6ms @ http://localhost:3111/_next/static/chunks/node_modules_next_dist_1e8vcs8._.js:776
[  330527ms] [LOG] [Fast Refresh] done in 6ms @ http://localhost:3111/_next/static/chunks/node_modules_next_dist_1e8vcs8._.js:776
[  330578ms] [LOG] [Fast Refresh] done in 6ms @ http://localhost:3111/_next/static/chunks/node_modules_next_dist_1e8vcs8._.js:776
[  330627ms] [LOG] [Fast Refresh] done in 6ms @ http://localhost:3111/_next/static/chunks/node_modules_next_dist_1e8vcs8._.js:776
[  330679ms] [LOG] [Fast Refresh] done in 6ms @ http://localhost:3111/_next/static/chunks/node_modules_next_dist_1e8vcs8._.js:776
[  330728ms] [LOG] [Fast Refresh] done in 6ms @ http://localhost:3111/_next/static/chunks/node_modules_next_dist_1e8vcs8._.js:776
[  330776ms] [LOG] [Fast Refresh] done in 6ms @ http://localhost:3111/_next/static/chunks/node_modules_next_dist_1e8vcs8._.js:776
[  330827ms] [LOG] [Fast Refresh] done in 6ms @ http://localhost:3111/_next/static/chunks/node_modules_next_dist_1e8vcs8._.js:776
[  330892ms] [LOG] [Fast Refresh] done in 6ms @ http://localhost:3111/_next/static/chunks/node_modules_next_dist_1e8vcs8._.js:776
[  330944ms] [LOG] [Fast Refresh] done in 6ms @ http://localhost:3111/_next/static/chunks/node_modules_next_dist_1e8vcs8._.js:776
[  330994ms] [LOG] [Fast Refresh] done in 6ms @ http://localhost:3111/_next/static/chunks/node_modules_next_dist_1e8vcs8._.js:776
[  331045ms] [LOG] [Fast Refresh] done in 6ms @ http://localhost:3111/_next/static/chunks/node_modules_next_dist_1e8vcs8._.js:776
[  331094ms] [LOG] [Fast Refresh] done in 6ms @ http://localhost:3111/_next/static/chunks/node_modules_next_dist_1e8vcs8._.js:776
[  331144ms] [LOG] [Fast Refresh] done in 6ms @ http://localhost:3111/_next/static/chunks/node_modules_next_dist_1e8vcs8._.js:776
[  331195ms] [LOG] [Fast Refresh] done in 6ms @ http://localhost:3111/_next/static/chunks/node_modules_next_dist_1e8vcs8._.js:776
[  331245ms] [LOG] [Fast Refresh] done in 6ms @ http://localhost:3111/_next/static/chunks/node_modules_next_dist_1e8vcs8._.js:776
[  331294ms] [LOG] [Fast Refresh] done in 6ms @ http://localhost:3111/_next/static/chunks/node_modules_next_dist_1e8vcs8._.js:776
[  331346ms] [LOG] [Fast Refresh] done in 6ms @ http://localhost:3111/_next/static/chunks/node_modules_next_dist_1e8vcs8._.js:776
[  331395ms] [LOG] [Fast Refresh] done in 6ms @ http://localhost:3111/_next/static/chunks/node_modules_next_dist_1e8vcs8._.js:776
[  331445ms] [LOG] [Fast Refresh] done in 6ms @ http://localhost:3111/_next/static/chunks/node_modules_next_dist_1e8vcs8._.js:776
[  331495ms] [LOG] [Fast Refresh] done in 6ms @ http://localhost:3111/_next/static/chunks/node_modules_next_dist_1e8vcs8._.js:776
[  331543ms] [LOG] [Fast Refresh] done in 6ms @ http://localhost:3111/_next/static/chunks/node_modules_next_dist_1e8vcs8._.js:776
[  331594ms] [LOG] [Fast Refresh] done in 6ms @ http://localhost:3111/_next/static/chunks/node_modules_next_dist_1e8vcs8._.js:776
[  331642ms] [LOG] [Fast Refresh] done in 6ms @ http://localhost:3111/_next/static/chunks/node_modules_next_dist_1e8vcs8._.js:776
[  331695ms] [LOG] [Fast Refresh] done in 6ms @ http://localhost:3111/_next/static/chunks/node_modules_next_dist_1e8vcs8._.js:776
[  331744ms] [LOG] [Fast Refresh] done in 6ms @ http://localhost:3111/_next/static/chunks/node_modules_next_dist_1e8vcs8._.js:776
[  331793ms] [LOG] [Fast Refresh] done in 6ms @ http://localhost:3111/_next/static/chunks/node_modules_next_dist_1e8vcs8._.js:776
[  331860ms] [LOG] [Fast Refresh] done in 6ms @ http://localhost:3111/_next/static/chunks/node_modules_next_dist_1e8vcs8._.js:776
[  331911ms] [LOG] [Fast Refresh] done in 6ms @ http://localhost:3111/_next/static/chunks/node_modules_next_dist_1e8vcs8._.js:776
[  331959ms] [LOG] [Fast Refresh] done in 6ms @ http://localhost:3111/_next/static/chunks/node_modules_next_dist_1e8vcs8._.js:776
[  332010ms] [LOG] [Fast Refresh] done in 6ms @ http://localhost:3111/_next/static/chunks/node_modules_next_dist_1e8vcs8._.js:776
[  332060ms] [LOG] [Fast Refresh] done in 6ms @ http://localhost:3111/_next/static/chunks/node_modules_next_dist_1e8vcs8._.js:776
[  332110ms] [LOG] [Fast Refresh] done in 6ms @ http://localhost:3111/_next/static/chunks/node_modules_next_dist_1e8vcs8._.js:776
[  332160ms] [LOG] [Fast Refresh] done in 6ms @ http://localhost:3111/_next/static/chunks/node_modules_next_dist_1e8vcs8._.js:776
[  332211ms] [LOG] [Fast Refresh] done in 6ms @ http://localhost:3111/_next/static/chunks/node_modules_next_dist_1e8vcs8._.js:776
[  332259ms] [LOG] [Fast Refresh] done in 6ms @ http://localhost:3111/_next/static/chunks/node_modules_next_dist_1e8vcs8._.js:776
[  332312ms] [LOG] [Fast Refresh] done in 6ms @ http://localhost:3111/_next/static/chunks/node_modules_next_dist_1e8vcs8._.js:776
[  332360ms] [LOG] [Fast Refresh] done in 6ms @ http://localhost:3111/_next/static/chunks/node_modules_next_dist_1e8vcs8._.js:776
[  332410ms] [LOG] [Fast Refresh] done in 6ms @ http://localhost:3111/_next/static/chunks/node_modules_next_dist_1e8vcs8._.js:776
[  332462ms] [LOG] [Fast Refresh] done in 6ms @ http://localhost:3111/_next/static/chunks/node_modules_next_dist_1e8vcs8._.js:776
[  332512ms] [LOG] [Fast Refresh] done in 6ms @ http://localhost:3111/_next/static/chunks/node_modules_next_dist_1e8vcs8._.js:776
[  332560ms] [LOG] [Fast Refresh] done in 6ms @ http://localhost:3111/_next/static/chunks/node_modules_next_dist_1e8vcs8._.js:776
[  332609ms] [LOG] [Fast Refresh] done in 6ms @ http://localhost:3111/_next/static/chunks/node_modules_next_dist_1e8vcs8._.js:776
[  332645ms] [LOG] [Fast Refresh] done in 6ms @ http://localhost:3111/_next/static/chunks/node_modules_next_dist_1e8vcs8._.js:776
[  332695ms] [LOG] [Fast Refresh] done in 6ms @ http://localhost:3111/_next/static/chunks/node_modules_next_dist_1e8vcs8._.js:776
[  332752ms] [LOG] [Fast Refresh] done in 6ms @ http://localhost:3111/_next/static/chunks/node_modules_next_dist_1e8vcs8._.js:776
[  332810ms] [LOG] [Fast Refresh] done in 6ms @ http://localhost:3111/_next/static/chunks/node_modules_next_dist_1e8vcs8._.js:776
[  332859ms] [LOG] [Fast Refresh] done in 6ms @ http://localhost:3111/_next/static/chunks/node_modules_next_dist_1e8vcs8._.js:776
[  332911ms] [LOG] [Fast Refresh] done in 6ms @ http://localhost:3111/_next/static/chunks/node_modules_next_dist_1e8vcs8._.js:776
[  332960ms] [LOG] [Fast Refresh] done in 6ms @ http://localhost:3111/_next/static/chunks/node_modules_next_dist_1e8vcs8._.js:776
[  333011ms] [LOG] [Fast Refresh] done in 6ms @ http://localhost:3111/_next/static/chunks/node_modules_next_dist_1e8vcs8._.js:776
[  333059ms] [LOG] [Fast Refresh] done in 6ms @ http://localhost:3111/_next/static/chunks/node_modules_next_dist_1e8vcs8._.js:776
[  333112ms] [LOG] [Fast Refresh] done in 6ms @ http://localhost:3111/_next/static/chunks/node_modules_next_dist_1e8vcs8._.js:776
[  333160ms] [LOG] [Fast Refresh] done in 6ms @ http://localhost:3111/_next/static/chunks/node_modules_next_dist_1e8vcs8._.js:776
[  333210ms] [LOG] [Fast Refresh] done in 6ms @ http://localhost:3111/_next/static/chunks/node_modules_next_dist_1e8vcs8._.js:776
[  333260ms] [LOG] [Fast Refresh] done in 6ms @ http://localhost:3111/_next/static/chunks/node_modules_next_dist_1e8vcs8._.js:776
[  333313ms] [LOG] [Fast Refresh] done in 6ms @ http://localhost:3111/_next/static/chunks/node_modules_next_dist_1e8vcs8._.js:776
[  333375ms] [LOG] [Fast Refresh] done in 6ms @ http://localhost:3111/_next/static/chunks/node_modules_next_dist_1e8vcs8._.js:776
[  333427ms] [LOG] [Fast Refresh] done in 6ms @ http://localhost:3111/_next/static/chunks/node_modules_next_dist_1e8vcs8._.js:776
[  333477ms] [LOG] [Fast Refresh] done in 6ms @ http://localhost:3111/_next/static/chunks/node_modules_next_dist_1e8vcs8._.js:776
[  333527ms] [LOG] [Fast Refresh] done in 6ms @ http://localhost:3111/_next/static/chunks/node_modules_next_dist_1e8vcs8._.js:776
[  333578ms] [LOG] [Fast Refresh] done in 6ms @ http://localhost:3111/_next/static/chunks/node_modules_next_dist_1e8vcs8._.js:776
[  333626ms] [LOG] [Fast Refresh] done in 6ms @ http://localhost:3111/_next/static/chunks/node_modules_next_dist_1e8vcs8._.js:776
[  333678ms] [LOG] [Fast Refresh] done in 6ms @ http://localhost:3111/_next/static/chunks/node_modules_next_dist_1e8vcs8._.js:776
[  333728ms] [LOG] [Fast Refresh] done in 6ms @ http://localhost:3111/_next/static/chunks/node_modules_next_dist_1e8vcs8._.js:776
[  333777ms] [LOG] [Fast Refresh] done in 6ms @ http://localhost:3111/_next/static/chunks/node_modules_next_dist_1e8vcs8._.js:776
[  333828ms] [LOG] [Fast Refresh] done in 6ms @ http://localhost:3111/_next/static/chunks/node_modules_next_dist_1e8vcs8._.js:776
[  333884ms] [LOG] [Fast Refresh] done in 6ms @ http://localhost:3111/_next/static/chunks/node_modules_next_dist_1e8vcs8._.js:776
[  333928ms] [LOG] [Fast Refresh] done in 6ms @ http://localhost:3111/_next/static/chunks/node_modules_next_dist_1e8vcs8._.js:776
[  333977ms] [LOG] [Fast Refresh] done in 6ms @ http://localhost:3111/_next/static/chunks/node_modules_next_dist_1e8vcs8._.js:776
[  334028ms] [LOG] [Fast Refresh] done in 6ms @ http://localhost:3111/_next/static/chunks/node_modules_next_dist_1e8vcs8._.js:776
[  334078ms] [LOG] [Fast Refresh] done in 6ms @ http://localhost:3111/_next/static/chunks/node_modules_next_dist_1e8vcs8._.js:776
[  334126ms] [LOG] [Fast Refresh] done in 6ms @ http://localhost:3111/_next/static/chunks/node_modules_next_dist_1e8vcs8._.js:776
[  334176ms] [LOG] [Fast Refresh] done in 6ms @ http://localhost:3111/_next/static/chunks/node_modules_next_dist_1e8vcs8._.js:776
[  334242ms] [LOG] [Fast Refresh] done in 6ms @ http://localhost:3111/_next/static/chunks/node_modules_next_dist_1e8vcs8._.js:776
[  334293ms] [LOG] [Fast Refresh] done in 6ms @ http://localhost:3111/_next/static/chunks/node_modules_next_dist_1e8vcs8._.js:776
[  334343ms] [LOG] [Fast Refresh] done in 6ms @ http://localhost:3111/_next/static/chunks/node_modules_next_dist_1e8vcs8._.js:776
[  334395ms] [LOG] [Fast Refresh] done in 6ms @ http://localhost:3111/_next/static/chunks/node_modules_next_dist_1e8vcs8._.js:776
[  334443ms] [LOG] [Fast Refresh] done in 6ms @ http://localhost:3111/_next/static/chunks/node_modules_next_dist_1e8vcs8._.js:776
[  334495ms] [LOG] [Fast Refresh] done in 6ms @ http://localhost:3111/_next/static/chunks/node_modules_next_dist_1e8vcs8._.js:776
[  334544ms] [LOG] [Fast Refresh] done in 6ms @ http://localhost:3111/_next/static/chunks/node_modules_next_dist_1e8vcs8._.js:776
[  334593ms] [LOG] [Fast Refresh] done in 6ms @ http://localhost:3111/_next/static/chunks/node_modules_next_dist_1e8vcs8._.js:776
[  334644ms] [LOG] [Fast Refresh] done in 6ms @ http://localhost:3111/_next/static/chunks/node_modules_next_dist_1e8vcs8._.js:776
[  334694ms] [LOG] [Fast Refresh] done in 6ms @ http://localhost:3111/_next/static/chunks/node_modules_next_dist_1e8vcs8._.js:776
[  334744ms] [LOG] [Fast Refresh] done in 6ms @ http://localhost:3111/_next/static/chunks/node_modules_next_dist_1e8vcs8._.js:776
[  334795ms] [LOG] [Fast Refresh] done in 6ms @ http://localhost:3111/_next/static/chunks/node_modules_next_dist_1e8vcs8._.js:776
[  334845ms] [LOG] [Fast Refresh] done in 6ms @ http://localhost:3111/_next/static/chunks/node_modules_next_dist_1e8vcs8._.js:776
[  334894ms] [LOG] [Fast Refresh] done in 6ms @ http://localhost:3111/_next/static/chunks/node_modules_next_dist_1e8vcs8._.js:776
[  334943ms] [LOG] [Fast Refresh] done in 6ms @ http://localhost:3111/_next/static/chunks/node_modules_next_dist_1e8vcs8._.js:776
[  334995ms] [LOG] [Fast Refresh] done in 6ms @ http://localhost:3111/_next/static/chunks/node_modules_next_dist_1e8vcs8._.js:776
[  335043ms] [LOG] [Fast Refresh] done in 6ms @ http://localhost:3111/_next/static/chunks/node_modules_next_dist_1e8vcs8._.js:776
[  335095ms] [LOG] [Fast Refresh] done in 6ms @ http://localhost:3111/_next/static/chunks/node_modules_next_dist_1e8vcs8._.js:776
[  335144ms] [LOG] [Fast Refresh] done in 6ms @ http://localhost:3111/_next/static/chunks/node_modules_next_dist_1e8vcs8._.js:776
[  335193ms] [LOG] [Fast Refresh] done in 6ms @ http://localhost:3111/_next/static/chunks/node_modules_next_dist_1e8vcs8._.js:776
[  335245ms] [LOG] [Fast Refresh] done in 6ms @ http://localhost:3111/_next/static/chunks/node_modules_next_dist_1e8vcs8._.js:776
[  335293ms] [LOG] [Fast Refresh] done in 6ms @ http://localhost:3111/_next/static/chunks/node_modules_next_dist_1e8vcs8._.js:776
[  335343ms] [LOG] [Fast Refresh] done in 6ms @ http://localhost:3111/_next/static/chunks/node_modules_next_dist_1e8vcs8._.js:776
[  335395ms] [LOG] [Fast Refresh] done in 6ms @ http://localhost:3111/_next/static/chunks/node_modules_next_dist_1e8vcs8._.js:776
[  335445ms] [LOG] [Fast Refresh] done in 6ms @ http://localhost:3111/_next/static/chunks/node_modules_next_dist_1e8vcs8._.js:776
[  335495ms] [LOG] [Fast Refresh] done in 6ms @ http://localhost:3111/_next/static/chunks/node_modules_next_dist_1e8vcs8._.js:776
[  335543ms] [LOG] [Fast Refresh] done in 6ms @ http://localhost:3111/_next/static/chunks/node_modules_next_dist_1e8vcs8._.js:776
[  335595ms] [LOG] [Fast Refresh] done in 6ms @ http://localhost:3111/_next/static/chunks/node_modules_next_dist_1e8vcs8._.js:776
[  335643ms] [LOG] [Fast Refresh] done in 6ms @ http://localhost:3111/_next/static/chunks/node_modules_next_dist_1e8vcs8._.js:776
[  335693ms] [LOG] [Fast Refresh] done in 6ms @ http://localhost:3111/_next/static/chunks/node_modules_next_dist_1e8vcs8._.js:776
[  335744ms] [LOG] [Fast Refresh] done in 6ms @ http://localhost:3111/_next/static/chunks/node_modules_next_dist_1e8vcs8._.js:776
[  335794ms] [LOG] [Fast Refresh] done in 6ms @ http://localhost:3111/_next/static/chunks/node_modules_next_dist_1e8vcs8._.js:776
[  335844ms] [LOG] [Fast Refresh] done in 6ms @ http://localhost:3111/_next/static/chunks/node_modules_next_dist_1e8vcs8._.js:776
[  335891ms] [LOG] [Fast Refresh] done in 6ms @ http://localhost:3111/_next/static/chunks/node_modules_next_dist_1e8vcs8._.js:776
[  335927ms] [LOG] [Fast Refresh] done in 6ms @ http://localhost:3111/_next/static/chunks/node_modules_next_dist_1e8vcs8._.js:776
[  335975ms] [LOG] [Fast Refresh] done in 6ms @ http://localhost:3111/_next/static/chunks/node_modules_next_dist_1e8vcs8._.js:776
[  336026ms] [LOG] [Fast Refresh] done in 6ms @ http://localhost:3111/_next/static/chunks/node_modules_next_dist_1e8vcs8._.js:776
[  336075ms] [LOG] [Fast Refresh] done in 6ms @ http://localhost:3111/_next/static/chunks/node_modules_next_dist_1e8vcs8._.js:776
[  336127ms] [LOG] [Fast Refresh] done in 6ms @ http://localhost:3111/_next/static/chunks/node_modules_next_dist_1e8vcs8._.js:776
[  336178ms] [LOG] [Fast Refresh] done in 6ms @ http://localhost:3111/_next/static/chunks/node_modules_next_dist_1e8vcs8._.js:776
[  336228ms] [LOG] [Fast Refresh] done in 6ms @ http://localhost:3111/_next/static/chunks/node_modules_next_dist_1e8vcs8._.js:776
[  336277ms] [LOG] [Fast Refresh] done in 6ms @ http://localhost:3111/_next/static/chunks/node_modules_next_dist_1e8vcs8._.js:776
[  336328ms] [LOG] [Fast Refresh] done in 6ms @ http://localhost:3111/_next/static/chunks/node_modules_next_dist_1e8vcs8._.js:776
[  336391ms] [LOG] [Fast Refresh] done in 6ms @ http://localhost:3111/_next/static/chunks/node_modules_next_dist_1e8vcs8._.js:776
[  336426ms] [LOG] [Fast Refresh] done in 6ms @ http://localhost:3111/_next/static/chunks/node_modules_next_dist_1e8vcs8._.js:776
[  336476ms] [LOG] [Fast Refresh] done in 6ms @ http://localhost:3111/_next/static/chunks/node_modules_next_dist_1e8vcs8._.js:776
[  336528ms] [LOG] [Fast Refresh] done in 6ms @ http://localhost:3111/_next/static/chunks/node_modules_next_dist_1e8vcs8._.js:776
[  336576ms] [LOG] [Fast Refresh] done in 6ms @ http://localhost:3111/_next/static/chunks/node_modules_next_dist_1e8vcs8._.js:776
[  336628ms] [LOG] [Fast Refresh] done in 6ms @ http://localhost:3111/_next/static/chunks/node_modules_next_dist_1e8vcs8._.js:776
[  336676ms] [LOG] [Fast Refresh] done in 6ms @ http://localhost:3111/_next/static/chunks/node_modules_next_dist_1e8vcs8._.js:776
[  336725ms] [LOG] [Fast Refresh] done in 6ms @ http://localhost:3111/_next/static/chunks/node_modules_next_dist_1e8vcs8._.js:776
[  336777ms] [LOG] [Fast Refresh] done in 6ms @ http://localhost:3111/_next/static/chunks/node_modules_next_dist_1e8vcs8._.js:776
[  336827ms] [LOG] [Fast Refresh] done in 6ms @ http://localhost:3111/_next/static/chunks/node_modules_next_dist_1e8vcs8._.js:776
[  336878ms] [LOG] [Fast Refresh] done in 6ms @ http://localhost:3111/_next/static/chunks/node_modules_next_dist_1e8vcs8._.js:776
[  336927ms] [LOG] [Fast Refresh] done in 6ms @ http://localhost:3111/_next/static/chunks/node_modules_next_dist_1e8vcs8._.js:776
[  336978ms] [LOG] [Fast Refresh] done in 6ms @ http://localhost:3111/_next/static/chunks/node_modules_next_dist_1e8vcs8._.js:776
[  337026ms] [LOG] [Fast Refresh] done in 6ms @ http://localhost:3111/_next/static/chunks/node_modules_next_dist_1e8vcs8._.js:776
[  337076ms] [LOG] [Fast Refresh] done in 6ms @ http://localhost:3111/_next/static/chunks/node_modules_next_dist_1e8vcs8._.js:776
[  337126ms] [LOG] [Fast Refresh] done in 6ms @ http://localhost:3111/_next/static/chunks/node_modules_next_dist_1e8vcs8._.js:776
[  337177ms] [LOG] [Fast Refresh] done in 6ms @ http://localhost:3111/_next/static/chunks/node_modules_next_dist_1e8vcs8._.js:776
[  337228ms] [LOG] [Fast Refresh] done in 6ms @ http://localhost:3111/_next/static/chunks/node_modules_next_dist_1e8vcs8._.js:776
[  337276ms] [LOG] [Fast Refresh] done in 6ms @ http://localhost:3111/_next/static/chunks/node_modules_next_dist_1e8vcs8._.js:776
[  337326ms] [LOG] [Fast Refresh] done in 6ms @ http://localhost:3111/_next/static/chunks/node_modules_next_dist_1e8vcs8._.js:776
[  337378ms] [LOG] [Fast Refresh] done in 6ms @ http://localhost:3111/_next/static/chunks/node_modules_next_dist_1e8vcs8._.js:776
[  337426ms] [LOG] [Fast Refresh] done in 6ms @ http://localhost:3111/_next/static/chunks/node_modules_next_dist_1e8vcs8._.js:776
[  337476ms] [LOG] [Fast Refresh] done in 6ms @ http://localhost:3111/_next/static/chunks/node_modules_next_dist_1e8vcs8._.js:776
[  337528ms] [LOG] [Fast Refresh] done in 6ms @ http://localhost:3111/_next/static/chunks/node_modules_next_dist_1e8vcs8._.js:776
[  337578ms] [LOG] [Fast Refresh] done in 6ms @ http://localhost:3111/_next/static/chunks/node_modules_next_dist_1e8vcs8._.js:776
[  337626ms] [LOG] [Fast Refresh] done in 6ms @ http://localhost:3111/_next/static/chunks/node_modules_next_dist_1e8vcs8._.js:776
[  337676ms] [LOG] [Fast Refresh] done in 6ms @ http://localhost:3111/_next/static/chunks/node_modules_next_dist_1e8vcs8._.js:776
[  337742ms] [LOG] [Fast Refresh] done in 6ms @ http://localhost:3111/_next/static/chunks/node_modules_next_dist_1e8vcs8._.js:776
[  337793ms] [LOG] [Fast Refresh] done in 6ms @ http://localhost:3111/_next/static/chunks/node_modules_next_dist_1e8vcs8._.js:776
[  337844ms] [LOG] [Fast Refresh] done in 6ms @ http://localhost:3111/_next/static/chunks/node_modules_next_dist_1e8vcs8._.js:776
[  337894ms] [LOG] [Fast Refresh] done in 6ms @ http://localhost:3111/_next/static/chunks/node_modules_next_dist_1e8vcs8._.js:776
[  337944ms] [LOG] [Fast Refresh] done in 6ms @ http://localhost:3111/_next/static/chunks/node_modules_next_dist_1e8vcs8._.js:776
[  337994ms] [LOG] [Fast Refresh] done in 6ms @ http://localhost:3111/_next/static/chunks/node_modules_next_dist_1e8vcs8._.js:776
[  338043ms] [LOG] [Fast Refresh] done in 6ms @ http://localhost:3111/_next/static/chunks/node_modules_next_dist_1e8vcs8._.js:776
[  338092ms] [LOG] [Fast Refresh] done in 6ms @ http://localhost:3111/_next/static/chunks/node_modules_next_dist_1e8vcs8._.js:776
[  338143ms] [LOG] [Fast Refresh] done in 6ms @ http://localhost:3111/_next/static/chunks/node_modules_next_dist_1e8vcs8._.js:776
[  338193ms] [LOG] [Fast Refresh] done in 6ms @ http://localhost:3111/_next/static/chunks/node_modules_next_dist_1e8vcs8._.js:776
[  338245ms] [LOG] [Fast Refresh] done in 6ms @ http://localhost:3111/_next/static/chunks/node_modules_next_dist_1e8vcs8._.js:776
[  338293ms] [LOG] [Fast Refresh] done in 6ms @ http://localhost:3111/_next/static/chunks/node_modules_next_dist_1e8vcs8._.js:776
[  338342ms] [LOG] [Fast Refresh] done in 6ms @ http://localhost:3111/_next/static/chunks/node_modules_next_dist_1e8vcs8._.js:776
[  338394ms] [LOG] [Fast Refresh] done in 6ms @ http://localhost:3111/_next/static/chunks/node_modules_next_dist_1e8vcs8._.js:776
[  338444ms] [LOG] [Fast Refresh] done in 6ms @ http://localhost:3111/_next/static/chunks/node_modules_next_dist_1e8vcs8._.js:776
[  338491ms] [LOG] [Fast Refresh] done in 6ms @ http://localhost:3111/_next/static/chunks/node_modules_next_dist_1e8vcs8._.js:776
[  338542ms] [LOG] [Fast Refresh] done in 6ms @ http://localhost:3111/_next/static/chunks/node_modules_next_dist_1e8vcs8._.js:776
[  338593ms] [LOG] [Fast Refresh] done in 6ms @ http://localhost:3111/_next/static/chunks/node_modules_next_dist_1e8vcs8._.js:776
[  338692ms] [LOG] [Fast Refresh] rebuilding @ http://localhost:3111/_next/static/chunks/node_modules_next_dist_1e8vcs8._.js:776
[  338754ms] [LOG] [Fast Refresh] done in 17ms @ http://localhost:3111/_next/static/chunks/node_modules_next_dist_1e8vcs8._.js:776
[  338831ms] [LOG] [Fast Refresh] done in 17ms @ http://localhost:3111/_next/static/chunks/node_modules_next_dist_1e8vcs8._.js:776
[  338892ms] [LOG] [Fast Refresh] done in 17ms @ http://localhost:3111/_next/static/chunks/node_modules_next_dist_1e8vcs8._.js:776
[  338945ms] [LOG] [Fast Refresh] done in 17ms @ http://localhost:3111/_next/static/chunks/node_modules_next_dist_1e8vcs8._.js:776
[  338997ms] [LOG] [Fast Refresh] done in 17ms @ http://localhost:3111/_next/static/chunks/node_modules_next_dist_1e8vcs8._.js:776
[  339047ms] [LOG] [Fast Refresh] done in 17ms @ http://localhost:3111/_next/static/chunks/node_modules_next_dist_1e8vcs8._.js:776
[  339106ms] [LOG] [Fast Refresh] done in 17ms @ http://localhost:3111/_next/static/chunks/node_modules_next_dist_1e8vcs8._.js:776
[  339150ms] [LOG] [Fast Refresh] done in 17ms @ http://localhost:3111/_next/static/chunks/node_modules_next_dist_1e8vcs8._.js:776
[  339194ms] [LOG] [Fast Refresh] done in 17ms @ http://localhost:3111/_next/static/chunks/node_modules_next_dist_1e8vcs8._.js:776
[  339243ms] [LOG] [Fast Refresh] done in 17ms @ http://localhost:3111/_next/static/chunks/node_modules_next_dist_1e8vcs8._.js:776
[  339293ms] [LOG] [Fast Refresh] done in 17ms @ http://localhost:3111/_next/static/chunks/node_modules_next_dist_1e8vcs8._.js:776
[  339344ms] [LOG] [Fast Refresh] done in 17ms @ http://localhost:3111/_next/static/chunks/node_modules_next_dist_1e8vcs8._.js:776
[  339395ms] [LOG] [Fast Refresh] done in 17ms @ http://localhost:3111/_next/static/chunks/node_modules_next_dist_1e8vcs8._.js:776
[  339444ms] [LOG] [Fast Refresh] done in 17ms @ http://localhost:3111/_next/static/chunks/node_modules_next_dist_1e8vcs8._.js:776
[  339493ms] [LOG] [Fast Refresh] done in 17ms @ http://localhost:3111/_next/static/chunks/node_modules_next_dist_1e8vcs8._.js:776
[  339547ms] [LOG] [Fast Refresh] done in 17ms @ http://localhost:3111/_next/static/chunks/node_modules_next_dist_1e8vcs8._.js:776
[  339593ms] [LOG] [Fast Refresh] done in 17ms @ http://localhost:3111/_next/static/chunks/node_modules_next_dist_1e8vcs8._.js:776
[  339645ms] [LOG] [Fast Refresh] done in 17ms @ http://localhost:3111/_next/static/chunks/node_modules_next_dist_1e8vcs8._.js:776
[  339695ms] [LOG] [Fast Refresh] done in 17ms @ http://localhost:3111/_next/static/chunks/node_modules_next_dist_1e8vcs8._.js:776
[  339746ms] [LOG] [Fast Refresh] done in 17ms @ http://localhost:3111/_next/static/chunks/node_modules_next_dist_1e8vcs8._.js:776
[  339795ms] [LOG] [Fast Refresh] done in 17ms @ http://localhost:3111/_next/static/chunks/node_modules_next_dist_1e8vcs8._.js:776
[  339845ms] [LOG] [Fast Refresh] done in 17ms @ http://localhost:3111/_next/static/chunks/node_modules_next_dist_1e8vcs8._.js:776
[  339898ms] [LOG] [Fast Refresh] done in 17ms @ http://localhost:3111/_next/static/chunks/node_modules_next_dist_1e8vcs8._.js:776
[  339944ms] [LOG] [Fast Refresh] done in 17ms @ http://localhost:3111/_next/static/chunks/node_modules_next_dist_1e8vcs8._.js:776
[  339992ms] [LOG] [Fast Refresh] done in 17ms @ http://localhost:3111/_next/static/chunks/node_modules_next_dist_1e8vcs8._.js:776
[  340043ms] [LOG] [Fast Refresh] done in 17ms @ http://localhost:3111/_next/static/chunks/node_modules_next_dist_1e8vcs8._.js:776
[  340092ms] [LOG] [Fast Refresh] done in 17ms @ http://localhost:3111/_next/static/chunks/node_modules_next_dist_1e8vcs8._.js:776
[  340146ms] [LOG] [Fast Refresh] done in 17ms @ http://localhost:3111/_next/static/chunks/node_modules_next_dist_1e8vcs8._.js:776
[  340193ms] [LOG] [Fast Refresh] done in 17ms @ http://localhost:3111/_next/static/chunks/node_modules_next_dist_1e8vcs8._.js:776
[  340243ms] [LOG] [Fast Refresh] done in 17ms @ http://localhost:3111/_next/static/chunks/node_modules_next_dist_1e8vcs8._.js:776
[  340294ms] [LOG] [Fast Refresh] done in 17ms @ http://localhost:3111/_next/static/chunks/node_modules_next_dist_1e8vcs8._.js:776
[  340349ms] [LOG] [Fast Refresh] done in 17ms @ http://localhost:3111/_next/static/chunks/node_modules_next_dist_1e8vcs8._.js:776
[  340394ms] [LOG] [Fast Refresh] done in 17ms @ http://localhost:3111/_next/static/chunks/node_modules_next_dist_1e8vcs8._.js:776
[  340441ms] [LOG] [Fast Refresh] done in 17ms @ http://localhost:3111/_next/static/chunks/node_modules_next_dist_1e8vcs8._.js:776
[  340494ms] [LOG] [Fast Refresh] done in 17ms @ http://localhost:3111/_next/static/chunks/node_modules_next_dist_1e8vcs8._.js:776
[  340543ms] [LOG] [Fast Refresh] done in 17ms @ http://localhost:3111/_next/static/chunks/node_modules_next_dist_1e8vcs8._.js:776
[  340593ms] [LOG] [Fast Refresh] done in 17ms @ http://localhost:3111/_next/static/chunks/node_modules_next_dist_1e8vcs8._.js:776
[  340643ms] [LOG] [Fast Refresh] done in 17ms @ http://localhost:3111/_next/static/chunks/node_modules_next_dist_1e8vcs8._.js:776
[  340692ms] [LOG] [Fast Refresh] done in 17ms @ http://localhost:3111/_next/static/chunks/node_modules_next_dist_1e8vcs8._.js:776
[  340727ms] [LOG] [Fast Refresh] done in 17ms @ http://localhost:3111/_next/static/chunks/node_modules_next_dist_1e8vcs8._.js:776
[  340777ms] [LOG] [Fast Refresh] done in 17ms @ http://localhost:3111/_next/static/chunks/node_modules_next_dist_1e8vcs8._.js:776
[  340827ms] [LOG] [Fast Refresh] done in 17ms @ http://localhost:3111/_next/static/chunks/node_modules_next_dist_1e8vcs8._.js:776
[  340890ms] [LOG] [Fast Refresh] done in 17ms @ http://localhost:3111/_next/static/chunks/node_modules_next_dist_1e8vcs8._.js:776
[  340926ms] [LOG] [Fast Refresh] done in 17ms @ http://localhost:3111/_next/static/chunks/node_modules_next_dist_1e8vcs8._.js:776
[  340976ms] [LOG] [Fast Refresh] done in 17ms @ http://localhost:3111/_next/static/chunks/node_modules_next_dist_1e8vcs8._.js:776
[  341028ms] [LOG] [Fast Refresh] done in 17ms @ http://localhost:3111/_next/static/chunks/node_modules_next_dist_1e8vcs8._.js:776
[  341079ms] [LOG] [Fast Refresh] done in 17ms @ http://localhost:3111/_next/static/chunks/node_modules_next_dist_1e8vcs8._.js:776
[  341138ms] [LOG] [Fast Refresh] done in 17ms @ http://localhost:3111/_next/static/chunks/node_modules_next_dist_1e8vcs8._.js:776
[  341190ms] [LOG] [Fast Refresh] done in 17ms @ http://localhost:3111/_next/static/chunks/node_modules_next_dist_1e8vcs8._.js:776
[  341243ms] [LOG] [Fast Refresh] done in 17ms @ http://localhost:3111/_next/static/chunks/node_modules_next_dist_1e8vcs8._.js:776
[  341293ms] [LOG] [Fast Refresh] done in 17ms @ http://localhost:3111/_next/static/chunks/node_modules_next_dist_1e8vcs8._.js:776
[  341342ms] [LOG] [Fast Refresh] done in 17ms @ http://localhost:3111/_next/static/chunks/node_modules_next_dist_1e8vcs8._.js:776
[  341394ms] [LOG] [Fast Refresh] done in 17ms @ http://localhost:3111/_next/static/chunks/node_modules_next_dist_1e8vcs8._.js:776
[  341443ms] [LOG] [Fast Refresh] done in 17ms @ http://localhost:3111/_next/static/chunks/node_modules_next_dist_1e8vcs8._.js:776
[  341494ms] [LOG] [Fast Refresh] done in 17ms @ http://localhost:3111/_next/static/chunks/node_modules_next_dist_1e8vcs8._.js:776
[  341544ms] [LOG] [Fast Refresh] done in 17ms @ http://localhost:3111/_next/static/chunks/node_modules_next_dist_1e8vcs8._.js:776
[  341595ms] [LOG] [Fast Refresh] done in 17ms @ http://localhost:3111/_next/static/chunks/node_modules_next_dist_1e8vcs8._.js:776
[  341644ms] [LOG] [Fast Refresh] done in 17ms @ http://localhost:3111/_next/static/chunks/node_modules_next_dist_1e8vcs8._.js:776
[  341692ms] [LOG] [Fast Refresh] done in 17ms @ http://localhost:3111/_next/static/chunks/node_modules_next_dist_1e8vcs8._.js:776
[  341743ms] [LOG] [Fast Refresh] done in 17ms @ http://localhost:3111/_next/static/chunks/node_modules_next_dist_1e8vcs8._.js:776
[  341792ms] [LOG] [Fast Refresh] done in 17ms @ http://localhost:3111/_next/static/chunks/node_modules_next_dist_1e8vcs8._.js:776
[  341842ms] [LOG] [Fast Refresh] done in 17ms @ http://localhost:3111/_next/static/chunks/node_modules_next_dist_1e8vcs8._.js:776
[  341893ms] [LOG] [Fast Refresh] done in 17ms @ http://localhost:3111/_next/static/chunks/node_modules_next_dist_1e8vcs8._.js:776
[  341941ms] [LOG] [Fast Refresh] done in 17ms @ http://localhost:3111/_next/static/chunks/node_modules_next_dist_1e8vcs8._.js:776
[  341993ms] [LOG] [Fast Refresh] done in 17ms @ http://localhost:3111/_next/static/chunks/node_modules_next_dist_1e8vcs8._.js:776
[  342044ms] [LOG] [Fast Refresh] done in 17ms @ http://localhost:3111/_next/static/chunks/node_modules_next_dist_1e8vcs8._.js:776
[  342094ms] [LOG] [Fast Refresh] done in 17ms @ http://localhost:3111/_next/static/chunks/node_modules_next_dist_1e8vcs8._.js:776
[  342143ms] [LOG] [Fast Refresh] done in 17ms @ http://localhost:3111/_next/static/chunks/node_modules_next_dist_1e8vcs8._.js:776
[  342193ms] [LOG] [Fast Refresh] done in 17ms @ http://localhost:3111/_next/static/chunks/node_modules_next_dist_1e8vcs8._.js:776
[  342244ms] [LOG] [Fast Refresh] done in 17ms @ http://localhost:3111/_next/static/chunks/node_modules_next_dist_1e8vcs8._.js:776
[  342293ms] [LOG] [Fast Refresh] done in 17ms @ http://localhost:3111/_next/static/chunks/node_modules_next_dist_1e8vcs8._.js:776
[  342344ms] [LOG] [Fast Refresh] done in 17ms @ http://localhost:3111/_next/static/chunks/node_modules_next_dist_1e8vcs8._.js:776
[  342394ms] [LOG] [Fast Refresh] done in 17ms @ http://localhost:3111/_next/static/chunks/node_modules_next_dist_1e8vcs8._.js:776
[  342444ms] [LOG] [Fast Refresh] done in 17ms @ http://localhost:3111/_next/static/chunks/node_modules_next_dist_1e8vcs8._.js:776
[  342494ms] [LOG] [Fast Refresh] done in 17ms @ http://localhost:3111/_next/static/chunks/node_modules_next_dist_1e8vcs8._.js:776
[  342542ms] [LOG] [Fast Refresh] done in 17ms @ http://localhost:3111/_next/static/chunks/node_modules_next_dist_1e8vcs8._.js:776
[  342592ms] [LOG] [Fast Refresh] done in 17ms @ http://localhost:3111/_next/static/chunks/node_modules_next_dist_1e8vcs8._.js:776
[  342642ms] [LOG] [Fast Refresh] done in 17ms @ http://localhost:3111/_next/static/chunks/node_modules_next_dist_1e8vcs8._.js:776
[  342694ms] [LOG] [Fast Refresh] done in 17ms @ http://localhost:3111/_next/static/chunks/node_modules_next_dist_1e8vcs8._.js:776
[  342742ms] [LOG] [Fast Refresh] done in 17ms @ http://localhost:3111/_next/static/chunks/node_modules_next_dist_1e8vcs8._.js:776
[  342794ms] [LOG] [Fast Refresh] done in 17ms @ http://localhost:3111/_next/static/chunks/node_modules_next_dist_1e8vcs8._.js:776
[  342844ms] [LOG] [Fast Refresh] done in 17ms @ http://localhost:3111/_next/static/chunks/node_modules_next_dist_1e8vcs8._.js:776
[  342894ms] [LOG] [Fast Refresh] done in 17ms @ http://localhost:3111/_next/static/chunks/node_modules_next_dist_1e8vcs8._.js:776
[  342942ms] [LOG] [Fast Refresh] done in 17ms @ http://localhost:3111/_next/static/chunks/node_modules_next_dist_1e8vcs8._.js:776
[  342991ms] [LOG] [Fast Refresh] done in 17ms @ http://localhost:3111/_next/static/chunks/node_modules_next_dist_1e8vcs8._.js:776
[  343043ms] [LOG] [Fast Refresh] done in 17ms @ http://localhost:3111/_next/static/chunks/node_modules_next_dist_1e8vcs8._.js:776
[  343092ms] [LOG] [Fast Refresh] done in 17ms @ http://localhost:3111/_next/static/chunks/node_modules_next_dist_1e8vcs8._.js:776
[  343143ms] [LOG] [Fast Refresh] done in 17ms @ http://localhost:3111/_next/static/chunks/node_modules_next_dist_1e8vcs8._.js:776
[  343191ms] [LOG] [Fast Refresh] done in 17ms @ http://localhost:3111/_next/static/chunks/node_modules_next_dist_1e8vcs8._.js:776
[  343244ms] [LOG] [Fast Refresh] done in 17ms @ http://localhost:3111/_next/static/chunks/node_modules_next_dist_1e8vcs8._.js:776
[  343292ms] [LOG] [Fast Refresh] done in 17ms @ http://localhost:3111/_next/static/chunks/node_modules_next_dist_1e8vcs8._.js:776
[  343344ms] [LOG] [Fast Refresh] done in 17ms @ http://localhost:3111/_next/static/chunks/node_modules_next_dist_1e8vcs8._.js:776
[  343394ms] [LOG] [Fast Refresh] done in 17ms @ http://localhost:3111/_next/static/chunks/node_modules_next_dist_1e8vcs8._.js:776
[  343444ms] [LOG] [Fast Refresh] done in 17ms @ http://localhost:3111/_next/static/chunks/node_modules_next_dist_1e8vcs8._.js:776
[  343492ms] [LOG] [Fast Refresh] done in 17ms @ http://localhost:3111/_next/static/chunks/node_modules_next_dist_1e8vcs8._.js:776
[  343542ms] [LOG] [Fast Refresh] done in 17ms @ http://localhost:3111/_next/static/chunks/node_modules_next_dist_1e8vcs8._.js:776
[  343594ms] [LOG] [Fast Refresh] done in 17ms @ http://localhost:3111/_next/static/chunks/node_modules_next_dist_1e8vcs8._.js:776
[  343644ms] [LOG] [Fast Refresh] done in 17ms @ http://localhost:3111/_next/static/chunks/node_modules_next_dist_1e8vcs8._.js:776
[  343692ms] [LOG] [Fast Refresh] done in 17ms @ http://localhost:3111/_next/static/chunks/node_modules_next_dist_1e8vcs8._.js:776
[  343743ms] [LOG] [Fast Refresh] done in 17ms @ http://localhost:3111/_next/static/chunks/node_modules_next_dist_1e8vcs8._.js:776
[  343792ms] [LOG] [Fast Refresh] done in 17ms @ http://localhost:3111/_next/static/chunks/node_modules_next_dist_1e8vcs8._.js:776
[  343842ms] [LOG] [Fast Refresh] done in 17ms @ http://localhost:3111/_next/static/chunks/node_modules_next_dist_1e8vcs8._.js:776
[  343906ms] [LOG] [Fast Refresh] done in 17ms @ http://localhost:3111/_next/static/chunks/node_modules_next_dist_1e8vcs8._.js:776
[  343943ms] [LOG] [Fast Refresh] done in 17ms @ http://localhost:3111/_next/static/chunks/node_modules_next_dist_1e8vcs8._.js:776
[  343992ms] [LOG] [Fast Refresh] done in 17ms @ http://localhost:3111/_next/static/chunks/node_modules_next_dist_1e8vcs8._.js:776
[  344044ms] [LOG] [Fast Refresh] done in 17ms @ http://localhost:3111/_next/static/chunks/node_modules_next_dist_1e8vcs8._.js:776
[  344093ms] [LOG] [Fast Refresh] done in 17ms @ http://localhost:3111/_next/static/chunks/node_modules_next_dist_1e8vcs8._.js:776
[  344143ms] [LOG] [Fast Refresh] done in 17ms @ http://localhost:3111/_next/static/chunks/node_modules_next_dist_1e8vcs8._.js:776
[  344194ms] [LOG] [Fast Refresh] done in 17ms @ http://localhost:3111/_next/static/chunks/node_modules_next_dist_1e8vcs8._.js:776
[  344244ms] [LOG] [Fast Refresh] done in 17ms @ http://localhost:3111/_next/static/chunks/node_modules_next_dist_1e8vcs8._.js:776
[  344292ms] [LOG] [Fast Refresh] done in 17ms @ http://localhost:3111/_next/static/chunks/node_modules_next_dist_1e8vcs8._.js:776
[  344341ms] [LOG] [Fast Refresh] done in 17ms @ http://localhost:3111/_next/static/chunks/node_modules_next_dist_1e8vcs8._.js:776
[  344390ms] [LOG] [Fast Refresh] done in 17ms @ http://localhost:3111/_next/static/chunks/node_modules_next_dist_1e8vcs8._.js:776
[  344427ms] [LOG] [Fast Refresh] done in 17ms @ http://localhost:3111/_next/static/chunks/node_modules_next_dist_1e8vcs8._.js:776
[  344476ms] [LOG] [Fast Refresh] done in 17ms @ http://localhost:3111/_next/static/chunks/node_modules_next_dist_1e8vcs8._.js:776
[  344527ms] [LOG] [Fast Refresh] done in 17ms @ http://localhost:3111/_next/static/chunks/node_modules_next_dist_1e8vcs8._.js:776
[  344575ms] [LOG] [Fast Refresh] done in 17ms @ http://localhost:3111/_next/static/chunks/node_modules_next_dist_1e8vcs8._.js:776
[  344625ms] [LOG] [Fast Refresh] done in 17ms @ http://localhost:3111/_next/static/chunks/node_modules_next_dist_1e8vcs8._.js:776
[  344661ms] [LOG] [Fast Refresh] done in 17ms @ http://localhost:3111/_next/static/chunks/node_modules_next_dist_1e8vcs8._.js:776
[  344709ms] [LOG] [Fast Refresh] done in 17ms @ http://localhost:3111/_next/static/chunks/node_modules_next_dist_1e8vcs8._.js:776
[  344758ms] [LOG] [Fast Refresh] done in 17ms @ http://localhost:3111/_next/static/chunks/node_modules_next_dist_1e8vcs8._.js:776
[  344809ms] [LOG] [Fast Refresh] done in 17ms @ http://localhost:3111/_next/static/chunks/node_modules_next_dist_1e8vcs8._.js:776
[  344859ms] [LOG] [Fast Refresh] done in 17ms @ http://localhost:3111/_next/static/chunks/node_modules_next_dist_1e8vcs8._.js:776
[  344909ms] [LOG] [Fast Refresh] done in 17ms @ http://localhost:3111/_next/static/chunks/node_modules_next_dist_1e8vcs8._.js:776
[  344960ms] [LOG] [Fast Refresh] done in 17ms @ http://localhost:3111/_next/static/chunks/node_modules_next_dist_1e8vcs8._.js:776
[  345010ms] [LOG] [Fast Refresh] done in 17ms @ http://localhost:3111/_next/static/chunks/node_modules_next_dist_1e8vcs8._.js:776
[  345060ms] [LOG] [Fast Refresh] done in 17ms @ http://localhost:3111/_next/static/chunks/node_modules_next_dist_1e8vcs8._.js:776
[  345110ms] [LOG] [Fast Refresh] done in 17ms @ http://localhost:3111/_next/static/chunks/node_modules_next_dist_1e8vcs8._.js:776
[  345158ms] [LOG] [Fast Refresh] done in 17ms @ http://localhost:3111/_next/static/chunks/node_modules_next_dist_1e8vcs8._.js:776
[  345209ms] [LOG] [Fast Refresh] done in 17ms @ http://localhost:3111/_next/static/chunks/node_modules_next_dist_1e8vcs8._.js:776
[  345258ms] [LOG] [Fast Refresh] done in 17ms @ http://localhost:3111/_next/static/chunks/node_modules_next_dist_1e8vcs8._.js:776
[  345308ms] [LOG] [Fast Refresh] done in 17ms @ http://localhost:3111/_next/static/chunks/node_modules_next_dist_1e8vcs8._.js:776
[  345359ms] [LOG] [Fast Refresh] done in 17ms @ http://localhost:3111/_next/static/chunks/node_modules_next_dist_1e8vcs8._.js:776
[  345409ms] [LOG] [Fast Refresh] done in 17ms @ http://localhost:3111/_next/static/chunks/node_modules_next_dist_1e8vcs8._.js:776
[  345459ms] [LOG] [Fast Refresh] done in 17ms @ http://localhost:3111/_next/static/chunks/node_modules_next_dist_1e8vcs8._.js:776
[  345510ms] [LOG] [Fast Refresh] done in 17ms @ http://localhost:3111/_next/static/chunks/node_modules_next_dist_1e8vcs8._.js:776
[  345559ms] [LOG] [Fast Refresh] done in 17ms @ http://localhost:3111/_next/static/chunks/node_modules_next_dist_1e8vcs8._.js:776
[  345610ms] [LOG] [Fast Refresh] done in 17ms @ http://localhost:3111/_next/static/chunks/node_modules_next_dist_1e8vcs8._.js:776
[  345658ms] [LOG] [Fast Refresh] done in 17ms @ http://localhost:3111/_next/static/chunks/node_modules_next_dist_1e8vcs8._.js:776
[  345709ms] [LOG] [Fast Refresh] done in 17ms @ http://localhost:3111/_next/static/chunks/node_modules_next_dist_1e8vcs8._.js:776
[  345758ms] [LOG] [Fast Refresh] done in 17ms @ http://localhost:3111/_next/static/chunks/node_modules_next_dist_1e8vcs8._.js:776
[  345809ms] [LOG] [Fast Refresh] done in 17ms @ http://localhost:3111/_next/static/chunks/node_modules_next_dist_1e8vcs8._.js:776
[  345861ms] [LOG] [Fast Refresh] done in 17ms @ http://localhost:3111/_next/static/chunks/node_modules_next_dist_1e8vcs8._.js:776
[  345909ms] [LOG] [Fast Refresh] done in 17ms @ http://localhost:3111/_next/static/chunks/node_modules_next_dist_1e8vcs8._.js:776
[  345960ms] [LOG] [Fast Refresh] done in 17ms @ http://localhost:3111/_next/static/chunks/node_modules_next_dist_1e8vcs8._.js:776
[  346009ms] [LOG] [Fast Refresh] done in 17ms @ http://localhost:3111/_next/static/chunks/node_modules_next_dist_1e8vcs8._.js:776
[  346060ms] [LOG] [Fast Refresh] done in 17ms @ http://localhost:3111/_next/static/chunks/node_modules_next_dist_1e8vcs8._.js:776
[  346109ms] [LOG] [Fast Refresh] done in 17ms @ http://localhost:3111/_next/static/chunks/node_modules_next_dist_1e8vcs8._.js:776
[  346158ms] [LOG] [Fast Refresh] done in 17ms @ http://localhost:3111/_next/static/chunks/node_modules_next_dist_1e8vcs8._.js:776
[  346209ms] [LOG] [Fast Refresh] done in 17ms @ http://localhost:3111/_next/static/chunks/node_modules_next_dist_1e8vcs8._.js:776
[  346259ms] [LOG] [Fast Refresh] done in 17ms @ http://localhost:3111/_next/static/chunks/node_modules_next_dist_1e8vcs8._.js:776
[  346309ms] [LOG] [Fast Refresh] done in 17ms @ http://localhost:3111/_next/static/chunks/node_modules_next_dist_1e8vcs8._.js:776
[  346361ms] [LOG] [Fast Refresh] done in 17ms @ http://localhost:3111/_next/static/chunks/node_modules_next_dist_1e8vcs8._.js:776
[  346409ms] [LOG] [Fast Refresh] done in 17ms @ http://localhost:3111/_next/static/chunks/node_modules_next_dist_1e8vcs8._.js:776
[  346460ms] [LOG] [Fast Refresh] done in 17ms @ http://localhost:3111/_next/static/chunks/node_modules_next_dist_1e8vcs8._.js:776
[  346510ms] [LOG] [Fast Refresh] done in 17ms @ http://localhost:3111/_next/static/chunks/node_modules_next_dist_1e8vcs8._.js:776
[  346559ms] [LOG] [Fast Refresh] done in 17ms @ http://localhost:3111/_next/static/chunks/node_modules_next_dist_1e8vcs8._.js:776
[  346610ms] [LOG] [Fast Refresh] done in 17ms @ http://localhost:3111/_next/static/chunks/node_modules_next_dist_1e8vcs8._.js:776
[  346659ms] [LOG] [Fast Refresh] done in 17ms @ http://localhost:3111/_next/static/chunks/node_modules_next_dist_1e8vcs8._.js:776
[  346709ms] [LOG] [Fast Refresh] done in 17ms @ http://localhost:3111/_next/static/chunks/node_modules_next_dist_1e8vcs8._.js:776
[  346761ms] [LOG] [Fast Refresh] done in 17ms @ http://localhost:3111/_next/static/chunks/node_modules_next_dist_1e8vcs8._.js:776
[  346809ms] [LOG] [Fast Refresh] done in 17ms @ http://localhost:3111/_next/static/chunks/node_modules_next_dist_1e8vcs8._.js:776
[  346859ms] [LOG] [Fast Refresh] done in 17ms @ http://localhost:3111/_next/static/chunks/node_modules_next_dist_1e8vcs8._.js:776
[  346908ms] [LOG] [Fast Refresh] done in 17ms @ http://localhost:3111/_next/static/chunks/node_modules_next_dist_1e8vcs8._.js:776
[  346960ms] [LOG] [Fast Refresh] done in 17ms @ http://localhost:3111/_next/static/chunks/node_modules_next_dist_1e8vcs8._.js:776
[  347007ms] [LOG] [Fast Refresh] done in 17ms @ http://localhost:3111/_next/static/chunks/node_modules_next_dist_1e8vcs8._.js:776
[  347060ms] [LOG] [Fast Refresh] done in 17ms @ http://localhost:3111/_next/static/chunks/node_modules_next_dist_1e8vcs8._.js:776
[  347109ms] [LOG] [Fast Refresh] done in 17ms @ http://localhost:3111/_next/static/chunks/node_modules_next_dist_1e8vcs8._.js:776
[  347160ms] [LOG] [Fast Refresh] done in 17ms @ http://localhost:3111/_next/static/chunks/node_modules_next_dist_1e8vcs8._.js:776
[  347209ms] [LOG] [Fast Refresh] done in 17ms @ http://localhost:3111/_next/static/chunks/node_modules_next_dist_1e8vcs8._.js:776
[  347275ms] [LOG] [Fast Refresh] done in 17ms @ http://localhost:3111/_next/static/chunks/node_modules_next_dist_1e8vcs8._.js:776
[  347325ms] [LOG] [Fast Refresh] done in 17ms @ http://localhost:3111/_next/static/chunks/node_modules_next_dist_1e8vcs8._.js:776
[  347379ms] [LOG] [Fast Refresh] done in 17ms @ http://localhost:3111/_next/static/chunks/node_modules_next_dist_1e8vcs8._.js:776
[  347425ms] [LOG] [Fast Refresh] done in 17ms @ http://localhost:3111/_next/static/chunks/node_modules_next_dist_1e8vcs8._.js:776
[  347475ms] [LOG] [Fast Refresh] done in 17ms @ http://localhost:3111/_next/static/chunks/node_modules_next_dist_1e8vcs8._.js:776
[  347525ms] [LOG] [Fast Refresh] done in 17ms @ http://localhost:3111/_next/static/chunks/node_modules_next_dist_1e8vcs8._.js:776
[  347592ms] [LOG] [Fast Refresh] done in 17ms @ http://localhost:3111/_next/static/chunks/node_modules_next_dist_1e8vcs8._.js:776
[  347644ms] [LOG] [Fast Refresh] done in 17ms @ http://localhost:3111/_next/static/chunks/node_modules_next_dist_1e8vcs8._.js:776
[  347692ms] [LOG] [Fast Refresh] done in 17ms @ http://localhost:3111/_next/static/chunks/node_modules_next_dist_1e8vcs8._.js:776
[  347743ms] [LOG] [Fast Refresh] done in 17ms @ http://localhost:3111/_next/static/chunks/node_modules_next_dist_1e8vcs8._.js:776
[  347793ms] [LOG] [Fast Refresh] done in 17ms @ http://localhost:3111/_next/static/chunks/node_modules_next_dist_1e8vcs8._.js:776
[  347843ms] [LOG] [Fast Refresh] done in 17ms @ http://localhost:3111/_next/static/chunks/node_modules_next_dist_1e8vcs8._.js:776
[  347892ms] [LOG] [Fast Refresh] done in 17ms @ http://localhost:3111/_next/static/chunks/node_modules_next_dist_1e8vcs8._.js:776
[  347942ms] [LOG] [Fast Refresh] done in 17ms @ http://localhost:3111/_next/static/chunks/node_modules_next_dist_1e8vcs8._.js:776
[  347991ms] [LOG] [Fast Refresh] done in 17ms @ http://localhost:3111/_next/static/chunks/node_modules_next_dist_1e8vcs8._.js:776
[  348058ms] [LOG] [Fast Refresh] done in 17ms @ http://localhost:3111/_next/static/chunks/node_modules_next_dist_1e8vcs8._.js:776
[  348110ms] [LOG] [Fast Refresh] done in 17ms @ http://localhost:3111/_next/static/chunks/node_modules_next_dist_1e8vcs8._.js:776
[  348159ms] [LOG] [Fast Refresh] done in 17ms @ http://localhost:3111/_next/static/chunks/node_modules_next_dist_1e8vcs8._.js:776
[  348209ms] [LOG] [Fast Refresh] done in 17ms @ http://localhost:3111/_next/static/chunks/node_modules_next_dist_1e8vcs8._.js:776
[  348260ms] [LOG] [Fast Refresh] done in 17ms @ http://localhost:3111/_next/static/chunks/node_modules_next_dist_1e8vcs8._.js:776
[  348310ms] [LOG] [Fast Refresh] done in 17ms @ http://localhost:3111/_next/static/chunks/node_modules_next_dist_1e8vcs8._.js:776
[  348359ms] [LOG] [Fast Refresh] done in 17ms @ http://localhost:3111/_next/static/chunks/node_modules_next_dist_1e8vcs8._.js:776
[  348409ms] [LOG] [Fast Refresh] done in 17ms @ http://localhost:3111/_next/static/chunks/node_modules_next_dist_1e8vcs8._.js:776
[  348460ms] [LOG] [Fast Refresh] done in 17ms @ http://localhost:3111/_next/static/chunks/node_modules_next_dist_1e8vcs8._.js:776
[  348509ms] [LOG] [Fast Refresh] done in 17ms @ http://localhost:3111/_next/static/chunks/node_modules_next_dist_1e8vcs8._.js:776
[  348560ms] [LOG] [Fast Refresh] done in 17ms @ http://localhost:3111/_next/static/chunks/node_modules_next_dist_1e8vcs8._.js:776
[  348610ms] [LOG] [Fast Refresh] done in 17ms @ http://localhost:3111/_next/static/chunks/node_modules_next_dist_1e8vcs8._.js:776
[  348658ms] [LOG] [Fast Refresh] done in 17ms @ http://localhost:3111/_next/static/chunks/node_modules_next_dist_1e8vcs8._.js:776
[  348710ms] [LOG] [Fast Refresh] done in 17ms @ http://localhost:3111/_next/static/chunks/node_modules_next_dist_1e8vcs8._.js:776
[  348759ms] [LOG] [Fast Refresh] done in 17ms @ http://localhost:3111/_next/static/chunks/node_modules_next_dist_1e8vcs8._.js:776
[  348809ms] [LOG] [Fast Refresh] done in 17ms @ http://localhost:3111/_next/static/chunks/node_modules_next_dist_1e8vcs8._.js:776
[  348858ms] [LOG] [Fast Refresh] done in 17ms @ http://localhost:3111/_next/static/chunks/node_modules_next_dist_1e8vcs8._.js:776
[  348909ms] [LOG] [Fast Refresh] done in 17ms @ http://localhost:3111/_next/static/chunks/node_modules_next_dist_1e8vcs8._.js:776
[  348960ms] [LOG] [Fast Refresh] done in 17ms @ http://localhost:3111/_next/static/chunks/node_modules_next_dist_1e8vcs8._.js:776
[  349010ms] [LOG] [Fast Refresh] done in 17ms @ http://localhost:3111/_next/static/chunks/node_modules_next_dist_1e8vcs8._.js:776
[  349058ms] [LOG] [Fast Refresh] done in 17ms @ http://localhost:3111/_next/static/chunks/node_modules_next_dist_1e8vcs8._.js:776
[  349107ms] [LOG] [Fast Refresh] done in 17ms @ http://localhost:3111/_next/static/chunks/node_modules_next_dist_1e8vcs8._.js:776
[  349158ms] [LOG] [Fast Refresh] done in 17ms @ http://localhost:3111/_next/static/chunks/node_modules_next_dist_1e8vcs8._.js:776
[  349210ms] [LOG] [Fast Refresh] done in 17ms @ http://localhost:3111/_next/static/chunks/node_modules_next_dist_1e8vcs8._.js:776
[  349257ms] [LOG] [Fast Refresh] done in 17ms @ http://localhost:3111/_next/static/chunks/node_modules_next_dist_1e8vcs8._.js:776
[  349309ms] [LOG] [Fast Refresh] done in 17ms @ http://localhost:3111/_next/static/chunks/node_modules_next_dist_1e8vcs8._.js:776
[  349358ms] [LOG] [Fast Refresh] done in 17ms @ http://localhost:3111/_next/static/chunks/node_modules_next_dist_1e8vcs8._.js:776
[  349410ms] [LOG] [Fast Refresh] done in 17ms @ http://localhost:3111/_next/static/chunks/node_modules_next_dist_1e8vcs8._.js:776
[  349459ms] [LOG] [Fast Refresh] done in 17ms @ http://localhost:3111/_next/static/chunks/node_modules_next_dist_1e8vcs8._.js:776
[  349511ms] [LOG] [Fast Refresh] done in 17ms @ http://localhost:3111/_next/static/chunks/node_modules_next_dist_1e8vcs8._.js:776
[  349558ms] [LOG] [Fast Refresh] done in 17ms @ http://localhost:3111/_next/static/chunks/node_modules_next_dist_1e8vcs8._.js:776
[  349608ms] [LOG] [Fast Refresh] done in 17ms @ http://localhost:3111/_next/static/chunks/node_modules_next_dist_1e8vcs8._.js:776
[  349660ms] [LOG] [Fast Refresh] done in 17ms @ http://localhost:3111/_next/static/chunks/node_modules_next_dist_1e8vcs8._.js:776
[  349709ms] [LOG] [Fast Refresh] done in 17ms @ http://localhost:3111/_next/static/chunks/node_modules_next_dist_1e8vcs8._.js:776
[  349757ms] [LOG] [Fast Refresh] done in 17ms @ http://localhost:3111/_next/static/chunks/node_modules_next_dist_1e8vcs8._.js:776
[  349810ms] [LOG] [Fast Refresh] done in 17ms @ http://localhost:3111/_next/static/chunks/node_modules_next_dist_1e8vcs8._.js:776
[  349860ms] [LOG] [Fast Refresh] done in 17ms @ http://localhost:3111/_next/static/chunks/node_modules_next_dist_1e8vcs8._.js:776
[  349911ms] [LOG] [Fast Refresh] done in 17ms @ http://localhost:3111/_next/static/chunks/node_modules_next_dist_1e8vcs8._.js:776
[  349960ms] [LOG] [Fast Refresh] done in 17ms @ http://localhost:3111/_next/static/chunks/node_modules_next_dist_1e8vcs8._.js:776
[  350008ms] [LOG] [Fast Refresh] done in 17ms @ http://localhost:3111/_next/static/chunks/node_modules_next_dist_1e8vcs8._.js:776
[  350059ms] [LOG] [Fast Refresh] done in 17ms @ http://localhost:3111/_next/static/chunks/node_modules_next_dist_1e8vcs8._.js:776
[  350108ms] [LOG] [Fast Refresh] done in 17ms @ http://localhost:3111/_next/static/chunks/node_modules_next_dist_1e8vcs8._.js:776
[  350157ms] [LOG] [Fast Refresh] done in 17ms @ http://localhost:3111/_next/static/chunks/node_modules_next_dist_1e8vcs8._.js:776
[  350208ms] [LOG] [Fast Refresh] done in 17ms @ http://localhost:3111/_next/static/chunks/node_modules_next_dist_1e8vcs8._.js:776
[  350258ms] [LOG] [Fast Refresh] done in 17ms @ http://localhost:3111/_next/static/chunks/node_modules_next_dist_1e8vcs8._.js:776
[  350309ms] [LOG] [Fast Refresh] done in 17ms @ http://localhost:3111/_next/static/chunks/node_modules_next_dist_1e8vcs8._.js:776
[  350359ms] [LOG] [Fast Refresh] done in 17ms @ http://localhost:3111/_next/static/chunks/node_modules_next_dist_1e8vcs8._.js:776
[  350409ms] [LOG] [Fast Refresh] done in 17ms @ http://localhost:3111/_next/static/chunks/node_modules_next_dist_1e8vcs8._.js:776
[  350458ms] [LOG] [Fast Refresh] done in 17ms @ http://localhost:3111/_next/static/chunks/node_modules_next_dist_1e8vcs8._.js:776
[  350510ms] [LOG] [Fast Refresh] done in 17ms @ http://localhost:3111/_next/static/chunks/node_modules_next_dist_1e8vcs8._.js:776
[  350558ms] [LOG] [Fast Refresh] done in 17ms @ http://localhost:3111/_next/static/chunks/node_modules_next_dist_1e8vcs8._.js:776
[  350610ms] [LOG] [Fast Refresh] done in 17ms @ http://localhost:3111/_next/static/chunks/node_modules_next_dist_1e8vcs8._.js:776
[  350660ms] [LOG] [Fast Refresh] done in 17ms @ http://localhost:3111/_next/static/chunks/node_modules_next_dist_1e8vcs8._.js:776
[  350708ms] [LOG] [Fast Refresh] done in 17ms @ http://localhost:3111/_next/static/chunks/node_modules_next_dist_1e8vcs8._.js:776
[  350760ms] [LOG] [Fast Refresh] done in 17ms @ http://localhost:3111/_next/static/chunks/node_modules_next_dist_1e8vcs8._.js:776
[  350809ms] [LOG] [Fast Refresh] done in 17ms @ http://localhost:3111/_next/static/chunks/node_modules_next_dist_1e8vcs8._.js:776
[  350859ms] [LOG] [Fast Refresh] done in 17ms @ http://localhost:3111/_next/static/chunks/node_modules_next_dist_1e8vcs8._.js:776
[  350908ms] [LOG] [Fast Refresh] done in 17ms @ http://localhost:3111/_next/static/chunks/node_modules_next_dist_1e8vcs8._.js:776
[  350960ms] [LOG] [Fast Refresh] done in 17ms @ http://localhost:3111/_next/static/chunks/node_modules_next_dist_1e8vcs8._.js:776
[  351008ms] [LOG] [Fast Refresh] done in 17ms @ http://localhost:3111/_next/static/chunks/node_modules_next_dist_1e8vcs8._.js:776
[  351057ms] [LOG] [Fast Refresh] done in 17ms @ http://localhost:3111/_next/static/chunks/node_modules_next_dist_1e8vcs8._.js:776
[  351110ms] [LOG] [Fast Refresh] done in 17ms @ http://localhost:3111/_next/static/chunks/node_modules_next_dist_1e8vcs8._.js:776
[  351159ms] [LOG] [Fast Refresh] done in 17ms @ http://localhost:3111/_next/static/chunks/node_modules_next_dist_1e8vcs8._.js:776
[  351210ms] [LOG] [Fast Refresh] done in 17ms @ http://localhost:3111/_next/static/chunks/node_modules_next_dist_1e8vcs8._.js:776
[  351258ms] [LOG] [Fast Refresh] done in 17ms @ http://localhost:3111/_next/static/chunks/node_modules_next_dist_1e8vcs8._.js:776
[  351310ms] [LOG] [Fast Refresh] done in 17ms @ http://localhost:3111/_next/static/chunks/node_modules_next_dist_1e8vcs8._.js:776
[  351359ms] [LOG] [Fast Refresh] done in 17ms @ http://localhost:3111/_next/static/chunks/node_modules_next_dist_1e8vcs8._.js:776
[  351410ms] [LOG] [Fast Refresh] done in 17ms @ http://localhost:3111/_next/static/chunks/node_modules_next_dist_1e8vcs8._.js:776
[  351460ms] [LOG] [Fast Refresh] done in 17ms @ http://localhost:3111/_next/static/chunks/node_modules_next_dist_1e8vcs8._.js:776
[  351509ms] [LOG] [Fast Refresh] done in 17ms @ http://localhost:3111/_next/static/chunks/node_modules_next_dist_1e8vcs8._.js:776
[  351560ms] [LOG] [Fast Refresh] done in 17ms @ http://localhost:3111/_next/static/chunks/node_modules_next_dist_1e8vcs8._.js:776
[  351608ms] [LOG] [Fast Refresh] done in 17ms @ http://localhost:3111/_next/static/chunks/node_modules_next_dist_1e8vcs8._.js:776
[  351658ms] [LOG] [Fast Refresh] done in 17ms @ http://localhost:3111/_next/static/chunks/node_modules_next_dist_1e8vcs8._.js:776
[  351709ms] [LOG] [Fast Refresh] done in 17ms @ http://localhost:3111/_next/static/chunks/node_modules_next_dist_1e8vcs8._.js:776
[  351758ms] [LOG] [Fast Refresh] done in 17ms @ http://localhost:3111/_next/static/chunks/node_modules_next_dist_1e8vcs8._.js:776
[  351808ms] [LOG] [Fast Refresh] done in 17ms @ http://localhost:3111/_next/static/chunks/node_modules_next_dist_1e8vcs8._.js:776
[  351858ms] [LOG] [Fast Refresh] done in 17ms @ http://localhost:3111/_next/static/chunks/node_modules_next_dist_1e8vcs8._.js:776
[  351909ms] [LOG] [Fast Refresh] done in 17ms @ http://localhost:3111/_next/static/chunks/node_modules_next_dist_1e8vcs8._.js:776
[  351958ms] [LOG] [Fast Refresh] done in 17ms @ http://localhost:3111/_next/static/chunks/node_modules_next_dist_1e8vcs8._.js:776
[  352008ms] [LOG] [Fast Refresh] done in 17ms @ http://localhost:3111/_next/static/chunks/node_modules_next_dist_1e8vcs8._.js:776
[  352060ms] [LOG] [Fast Refresh] done in 17ms @ http://localhost:3111/_next/static/chunks/node_modules_next_dist_1e8vcs8._.js:776
[  352108ms] [LOG] [Fast Refresh] done in 17ms @ http://localhost:3111/_next/static/chunks/node_modules_next_dist_1e8vcs8._.js:776
[  352160ms] [LOG] [Fast Refresh] done in 17ms @ http://localhost:3111/_next/static/chunks/node_modules_next_dist_1e8vcs8._.js:776
[  352210ms] [LOG] [Fast Refresh] done in 17ms @ http://localhost:3111/_next/static/chunks/node_modules_next_dist_1e8vcs8._.js:776
[  352258ms] [LOG] [Fast Refresh] done in 17ms @ http://localhost:3111/_next/static/chunks/node_modules_next_dist_1e8vcs8._.js:776
[  352310ms] [LOG] [Fast Refresh] done in 17ms @ http://localhost:3111/_next/static/chunks/node_modules_next_dist_1e8vcs8._.js:776
[  352359ms] [LOG] [Fast Refresh] done in 17ms @ http://localhost:3111/_next/static/chunks/node_modules_next_dist_1e8vcs8._.js:776
[  352409ms] [LOG] [Fast Refresh] done in 17ms @ http://localhost:3111/_next/static/chunks/node_modules_next_dist_1e8vcs8._.js:776
[  352458ms] [LOG] [Fast Refresh] done in 17ms @ http://localhost:3111/_next/static/chunks/node_modules_next_dist_1e8vcs8._.js:776
[  352507ms] [LOG] [Fast Refresh] done in 17ms @ http://localhost:3111/_next/static/chunks/node_modules_next_dist_1e8vcs8._.js:776
[  352559ms] [LOG] [Fast Refresh] done in 17ms @ http://localhost:3111/_next/static/chunks/node_modules_next_dist_1e8vcs8._.js:776
[  352607ms] [LOG] [Fast Refresh] done in 17ms @ http://localhost:3111/_next/static/chunks/node_modules_next_dist_1e8vcs8._.js:776
[  352660ms] [LOG] [Fast Refresh] done in 17ms @ http://localhost:3111/_next/static/chunks/node_modules_next_dist_1e8vcs8._.js:776
[  352708ms] [LOG] [Fast Refresh] done in 17ms @ http://localhost:3111/_next/static/chunks/node_modules_next_dist_1e8vcs8._.js:776
[  352758ms] [LOG] [Fast Refresh] done in 17ms @ http://localhost:3111/_next/static/chunks/node_modules_next_dist_1e8vcs8._.js:776
[  352807ms] [LOG] [Fast Refresh] done in 17ms @ http://localhost:3111/_next/static/chunks/node_modules_next_dist_1e8vcs8._.js:776
[  352858ms] [LOG] [Fast Refresh] done in 17ms @ http://localhost:3111/_next/static/chunks/node_modules_next_dist_1e8vcs8._.js:776
[  352921ms] [LOG] [Fast Refresh] done in 17ms @ http://localhost:3111/_next/static/chunks/node_modules_next_dist_1e8vcs8._.js:776
[  352959ms] [LOG] [Fast Refresh] done in 17ms @ http://localhost:3111/_next/static/chunks/node_modules_next_dist_1e8vcs8._.js:776
[  353008ms] [LOG] [Fast Refresh] done in 17ms @ http://localhost:3111/_next/static/chunks/node_modules_next_dist_1e8vcs8._.js:776
[  353059ms] [LOG] [Fast Refresh] done in 17ms @ http://localhost:3111/_next/static/chunks/node_modules_next_dist_1e8vcs8._.js:776
[  353108ms] [LOG] [Fast Refresh] done in 17ms @ http://localhost:3111/_next/static/chunks/node_modules_next_dist_1e8vcs8._.js:776
[  353158ms] [LOG] [Fast Refresh] done in 17ms @ http://localhost:3111/_next/static/chunks/node_modules_next_dist_1e8vcs8._.js:776
[  353208ms] [LOG] [Fast Refresh] done in 17ms @ http://localhost:3111/_next/static/chunks/node_modules_next_dist_1e8vcs8._.js:776
[  353257ms] [LOG] [Fast Refresh] done in 17ms @ http://localhost:3111/_next/static/chunks/node_modules_next_dist_1e8vcs8._.js:776
[  353308ms] [LOG] [Fast Refresh] done in 17ms @ http://localhost:3111/_next/static/chunks/node_modules_next_dist_1e8vcs8._.js:776
[  353359ms] [LOG] [Fast Refresh] done in 17ms @ http://localhost:3111/_next/static/chunks/node_modules_next_dist_1e8vcs8._.js:776
[  353411ms] [LOG] [Fast Refresh] done in 17ms @ http://localhost:3111/_next/static/chunks/node_modules_next_dist_1e8vcs8._.js:776
[  353458ms] [LOG] [Fast Refresh] done in 17ms @ http://localhost:3111/_next/static/chunks/node_modules_next_dist_1e8vcs8._.js:776
[  353511ms] [LOG] [Fast Refresh] done in 17ms @ http://localhost:3111/_next/static/chunks/node_modules_next_dist_1e8vcs8._.js:776
[  353558ms] [LOG] [Fast Refresh] done in 17ms @ http://localhost:3111/_next/static/chunks/node_modules_next_dist_1e8vcs8._.js:776
[  353608ms] [LOG] [Fast Refresh] done in 17ms @ http://localhost:3111/_next/static/chunks/node_modules_next_dist_1e8vcs8._.js:776
[  353657ms] [LOG] [Fast Refresh] done in 17ms @ http://localhost:3111/_next/static/chunks/node_modules_next_dist_1e8vcs8._.js:776
[  353707ms] [LOG] [Fast Refresh] done in 17ms @ http://localhost:3111/_next/static/chunks/node_modules_next_dist_1e8vcs8._.js:776
[  353757ms] [LOG] [Fast Refresh] done in 17ms @ http://localhost:3111/_next/static/chunks/node_modules_next_dist_1e8vcs8._.js:776
[  353808ms] [LOG] [Fast Refresh] done in 17ms @ http://localhost:3111/_next/static/chunks/node_modules_next_dist_1e8vcs8._.js:776
[  353859ms] [LOG] [Fast Refresh] done in 17ms @ http://localhost:3111/_next/static/chunks/node_modules_next_dist_1e8vcs8._.js:776
[  353908ms] [LOG] [Fast Refresh] done in 17ms @ http://localhost:3111/_next/static/chunks/node_modules_next_dist_1e8vcs8._.js:776
[  353958ms] [LOG] [Fast Refresh] done in 17ms @ http://localhost:3111/_next/static/chunks/node_modules_next_dist_1e8vcs8._.js:776
[  354010ms] [LOG] [Fast Refresh] done in 17ms @ http://localhost:3111/_next/static/chunks/node_modules_next_dist_1e8vcs8._.js:776
[  354060ms] [LOG] [Fast Refresh] done in 17ms @ http://localhost:3111/_next/static/chunks/node_modules_next_dist_1e8vcs8._.js:776
[  354111ms] [LOG] [Fast Refresh] done in 17ms @ http://localhost:3111/_next/static/chunks/node_modules_next_dist_1e8vcs8._.js:776
[  354158ms] [LOG] [Fast Refresh] done in 17ms @ http://localhost:3111/_next/static/chunks/node_modules_next_dist_1e8vcs8._.js:776
[  354208ms] [LOG] [Fast Refresh] done in 17ms @ http://localhost:3111/_next/static/chunks/node_modules_next_dist_1e8vcs8._.js:776
[  354259ms] [LOG] [Fast Refresh] done in 17ms @ http://localhost:3111/_next/static/chunks/node_modules_next_dist_1e8vcs8._.js:776
[  354309ms] [LOG] [Fast Refresh] done in 17ms @ http://localhost:3111/_next/static/chunks/node_modules_next_dist_1e8vcs8._.js:776
[  354358ms] [LOG] [Fast Refresh] done in 17ms @ http://localhost:3111/_next/static/chunks/node_modules_next_dist_1e8vcs8._.js:776
[  354409ms] [LOG] [Fast Refresh] done in 17ms @ http://localhost:3111/_next/static/chunks/node_modules_next_dist_1e8vcs8._.js:776
[  354458ms] [LOG] [Fast Refresh] done in 17ms @ http://localhost:3111/_next/static/chunks/node_modules_next_dist_1e8vcs8._.js:776
[  354643ms] [LOG] [Fast Refresh] rebuilding @ http://localhost:3111/_next/static/chunks/node_modules_next_dist_1e8vcs8._.js:776
[  354695ms] [LOG] [Fast Refresh] done in 83ms @ http://localhost:3111/_next/static/chunks/node_modules_next_dist_1e8vcs8._.js:776
[  354759ms] [LOG] [Fast Refresh] done in 83ms @ http://localhost:3111/_next/static/chunks/node_modules_next_dist_1e8vcs8._.js:776
[  354808ms] [LOG] [Fast Refresh] done in 83ms @ http://localhost:3111/_next/static/chunks/node_modules_next_dist_1e8vcs8._.js:776
[  354858ms] [LOG] [Fast Refresh] done in 83ms @ http://localhost:3111/_next/static/chunks/node_modules_next_dist_1e8vcs8._.js:776
[  354908ms] [LOG] [Fast Refresh] done in 83ms @ http://localhost:3111/_next/static/chunks/node_modules_next_dist_1e8vcs8._.js:776
[  354958ms] [LOG] [Fast Refresh] done in 83ms @ http://localhost:3111/_next/static/chunks/node_modules_next_dist_1e8vcs8._.js:776
[  355008ms] [LOG] [Fast Refresh] done in 83ms @ http://localhost:3111/_next/static/chunks/node_modules_next_dist_1e8vcs8._.js:776
[  355058ms] [LOG] [Fast Refresh] done in 83ms @ http://localhost:3111/_next/static/chunks/node_modules_next_dist_1e8vcs8._.js:776
[  355108ms] [LOG] [Fast Refresh] done in 83ms @ http://localhost:3111/_next/static/chunks/node_modules_next_dist_1e8vcs8._.js:776
[  355158ms] [LOG] [Fast Refresh] done in 83ms @ http://localhost:3111/_next/static/chunks/node_modules_next_dist_1e8vcs8._.js:776
[  355208ms] [LOG] [Fast Refresh] done in 83ms @ http://localhost:3111/_next/static/chunks/node_modules_next_dist_1e8vcs8._.js:776
[  355256ms] [LOG] [Fast Refresh] done in 83ms @ http://localhost:3111/_next/static/chunks/node_modules_next_dist_1e8vcs8._.js:776
[  355308ms] [LOG] [Fast Refresh] done in 83ms @ http://localhost:3111/_next/static/chunks/node_modules_next_dist_1e8vcs8._.js:776
[  355358ms] [LOG] [Fast Refresh] done in 83ms @ http://localhost:3111/_next/static/chunks/node_modules_next_dist_1e8vcs8._.js:776
[  355408ms] [LOG] [Fast Refresh] done in 83ms @ http://localhost:3111/_next/static/chunks/node_modules_next_dist_1e8vcs8._.js:776
[  355456ms] [LOG] [Fast Refresh] done in 83ms @ http://localhost:3111/_next/static/chunks/node_modules_next_dist_1e8vcs8._.js:776
[  355508ms] [LOG] [Fast Refresh] done in 83ms @ http://localhost:3111/_next/static/chunks/node_modules_next_dist_1e8vcs8._.js:776
[  355558ms] [LOG] [Fast Refresh] done in 83ms @ http://localhost:3111/_next/static/chunks/node_modules_next_dist_1e8vcs8._.js:776
[  355608ms] [LOG] [Fast Refresh] done in 83ms @ http://localhost:3111/_next/static/chunks/node_modules_next_dist_1e8vcs8._.js:776
[  355659ms] [LOG] [Fast Refresh] done in 83ms @ http://localhost:3111/_next/static/chunks/node_modules_next_dist_1e8vcs8._.js:776
[  355708ms] [LOG] [Fast Refresh] done in 83ms @ http://localhost:3111/_next/static/chunks/node_modules_next_dist_1e8vcs8._.js:776
[  355758ms] [LOG] [Fast Refresh] done in 83ms @ http://localhost:3111/_next/static/chunks/node_modules_next_dist_1e8vcs8._.js:776
[  355808ms] [LOG] [Fast Refresh] done in 83ms @ http://localhost:3111/_next/static/chunks/node_modules_next_dist_1e8vcs8._.js:776
[  355858ms] [LOG] [Fast Refresh] done in 83ms @ http://localhost:3111/_next/static/chunks/node_modules_next_dist_1e8vcs8._.js:776
[  355906ms] [LOG] [Fast Refresh] done in 83ms @ http://localhost:3111/_next/static/chunks/node_modules_next_dist_1e8vcs8._.js:776
[  355958ms] [LOG] [Fast Refresh] done in 83ms @ http://localhost:3111/_next/static/chunks/node_modules_next_dist_1e8vcs8._.js:776
[  356091ms] [LOG] [Fast Refresh] done in 83ms @ http://localhost:3111/_next/static/chunks/node_modules_next_dist_1e8vcs8._.js:776
[  356175ms] [LOG] [Fast Refresh] done in 83ms @ http://localhost:3111/_next/static/chunks/node_modules_next_dist_1e8vcs8._.js:776
[  356224ms] [LOG] [Fast Refresh] done in 83ms @ http://localhost:3111/_next/static/chunks/node_modules_next_dist_1e8vcs8._.js:776
[  356274ms] [LOG] [Fast Refresh] done in 83ms @ http://localhost:3111/_next/static/chunks/node_modules_next_dist_1e8vcs8._.js:776
[  356324ms] [LOG] [Fast Refresh] done in 83ms @ http://localhost:3111/_next/static/chunks/node_modules_next_dist_1e8vcs8._.js:776
[  356374ms] [LOG] [Fast Refresh] done in 83ms @ http://localhost:3111/_next/static/chunks/node_modules_next_dist_1e8vcs8._.js:776
[  356425ms] [LOG] [Fast Refresh] done in 83ms @ http://localhost:3111/_next/static/chunks/node_modules_next_dist_1e8vcs8._.js:776
[  356476ms] [LOG] [Fast Refresh] done in 83ms @ http://localhost:3111/_next/static/chunks/node_modules_next_dist_1e8vcs8._.js:776
[  356558ms] [LOG] [Fast Refresh] done in 83ms @ http://localhost:3111/_next/static/chunks/node_modules_next_dist_1e8vcs8._.js:776
[  356608ms] [LOG] [Fast Refresh] done in 83ms @ http://localhost:3111/_next/static/chunks/node_modules_next_dist_1e8vcs8._.js:776
[  356660ms] [LOG] [Fast Refresh] done in 83ms @ http://localhost:3111/_next/static/chunks/node_modules_next_dist_1e8vcs8._.js:776
[  356708ms] [LOG] [Fast Refresh] done in 83ms @ http://localhost:3111/_next/static/chunks/node_modules_next_dist_1e8vcs8._.js:776
[  356775ms] [LOG] [Fast Refresh] done in 83ms @ http://localhost:3111/_next/static/chunks/node_modules_next_dist_1e8vcs8._.js:776
[  356825ms] [LOG] [Fast Refresh] done in 83ms @ http://localhost:3111/_next/static/chunks/node_modules_next_dist_1e8vcs8._.js:776
[  356875ms] [LOG] [Fast Refresh] done in 83ms @ http://localhost:3111/_next/static/chunks/node_modules_next_dist_1e8vcs8._.js:776
[  356925ms] [LOG] [Fast Refresh] done in 83ms @ http://localhost:3111/_next/static/chunks/node_modules_next_dist_1e8vcs8._.js:776
[  356975ms] [LOG] [Fast Refresh] done in 83ms @ http://localhost:3111/_next/static/chunks/node_modules_next_dist_1e8vcs8._.js:776
[  357026ms] [LOG] [Fast Refresh] done in 83ms @ http://localhost:3111/_next/static/chunks/node_modules_next_dist_1e8vcs8._.js:776
[  357076ms] [LOG] [Fast Refresh] done in 83ms @ http://localhost:3111/_next/static/chunks/node_modules_next_dist_1e8vcs8._.js:776
[  357210ms] [LOG] [Fast Refresh] done in 83ms @ http://localhost:3111/_next/static/chunks/node_modules_next_dist_1e8vcs8._.js:776
[  357347ms] [LOG] [Fast Refresh] done in 83ms @ http://localhost:3111/_next/static/chunks/node_modules_next_dist_1e8vcs8._.js:776
[  357483ms] [LOG] [Fast Refresh] done in 83ms @ http://localhost:3111/_next/static/chunks/node_modules_next_dist_1e8vcs8._.js:776
[  357527ms] [LOG] [Fast Refresh] done in 83ms @ http://localhost:3111/_next/static/chunks/node_modules_next_dist_1e8vcs8._.js:776
[  357575ms] [LOG] [Fast Refresh] done in 83ms @ http://localhost:3111/_next/static/chunks/node_modules_next_dist_1e8vcs8._.js:776
[  357624ms] [LOG] [Fast Refresh] done in 83ms @ http://localhost:3111/_next/static/chunks/node_modules_next_dist_1e8vcs8._.js:776
[  357674ms] [LOG] [Fast Refresh] done in 83ms @ http://localhost:3111/_next/static/chunks/node_modules_next_dist_1e8vcs8._.js:776
[  357724ms] [LOG] [Fast Refresh] done in 83ms @ http://localhost:3111/_next/static/chunks/node_modules_next_dist_1e8vcs8._.js:776
[  357775ms] [LOG] [Fast Refresh] done in 83ms @ http://localhost:3111/_next/static/chunks/node_modules_next_dist_1e8vcs8._.js:776
[  357824ms] [LOG] [Fast Refresh] done in 83ms @ http://localhost:3111/_next/static/chunks/node_modules_next_dist_1e8vcs8._.js:776
[  357874ms] [LOG] [Fast Refresh] done in 83ms @ http://localhost:3111/_next/static/chunks/node_modules_next_dist_1e8vcs8._.js:776
[  357924ms] [LOG] [Fast Refresh] done in 83ms @ http://localhost:3111/_next/static/chunks/node_modules_next_dist_1e8vcs8._.js:776
[  357975ms] [LOG] [Fast Refresh] done in 83ms @ http://localhost:3111/_next/static/chunks/node_modules_next_dist_1e8vcs8._.js:776
[  358025ms] [LOG] [Fast Refresh] done in 83ms @ http://localhost:3111/_next/static/chunks/node_modules_next_dist_1e8vcs8._.js:776
[  358074ms] [LOG] [Fast Refresh] done in 83ms @ http://localhost:3111/_next/static/chunks/node_modules_next_dist_1e8vcs8._.js:776
[  358122ms] [LOG] [Fast Refresh] done in 83ms @ http://localhost:3111/_next/static/chunks/node_modules_next_dist_1e8vcs8._.js:776
[  358172ms] [LOG] [Fast Refresh] done in 83ms @ http://localhost:3111/_next/static/chunks/node_modules_next_dist_1e8vcs8._.js:776
[  358224ms] [LOG] [Fast Refresh] done in 83ms @ http://localhost:3111/_next/static/chunks/node_modules_next_dist_1e8vcs8._.js:776
[  358275ms] [LOG] [Fast Refresh] done in 83ms @ http://localhost:3111/_next/static/chunks/node_modules_next_dist_1e8vcs8._.js:776
[  358322ms] [LOG] [Fast Refresh] done in 83ms @ http://localhost:3111/_next/static/chunks/node_modules_next_dist_1e8vcs8._.js:776
[  358375ms] [LOG] [Fast Refresh] done in 83ms @ http://localhost:3111/_next/static/chunks/node_modules_next_dist_1e8vcs8._.js:776
[  358425ms] [LOG] [Fast Refresh] done in 83ms @ http://localhost:3111/_next/static/chunks/node_modules_next_dist_1e8vcs8._.js:776
[  358475ms] [LOG] [Fast Refresh] done in 83ms @ http://localhost:3111/_next/static/chunks/node_modules_next_dist_1e8vcs8._.js:776
[  358525ms] [LOG] [Fast Refresh] done in 83ms @ http://localhost:3111/_next/static/chunks/node_modules_next_dist_1e8vcs8._.js:776
[  358576ms] [LOG] [Fast Refresh] done in 83ms @ http://localhost:3111/_next/static/chunks/node_modules_next_dist_1e8vcs8._.js:776
[  358625ms] [LOG] [Fast Refresh] done in 83ms @ http://localhost:3111/_next/static/chunks/node_modules_next_dist_1e8vcs8._.js:776
[  358674ms] [LOG] [Fast Refresh] done in 83ms @ http://localhost:3111/_next/static/chunks/node_modules_next_dist_1e8vcs8._.js:776
[  358724ms] [LOG] [Fast Refresh] done in 83ms @ http://localhost:3111/_next/static/chunks/node_modules_next_dist_1e8vcs8._.js:776
[  358775ms] [LOG] [Fast Refresh] done in 83ms @ http://localhost:3111/_next/static/chunks/node_modules_next_dist_1e8vcs8._.js:776
[  358825ms] [LOG] [Fast Refresh] done in 83ms @ http://localhost:3111/_next/static/chunks/node_modules_next_dist_1e8vcs8._.js:776
[  358875ms] [LOG] [Fast Refresh] done in 83ms @ http://localhost:3111/_next/static/chunks/node_modules_next_dist_1e8vcs8._.js:776
[  358938ms] [LOG] [Fast Refresh] done in 83ms @ http://localhost:3111/_next/static/chunks/node_modules_next_dist_1e8vcs8._.js:776
[  358991ms] [LOG] [Fast Refresh] done in 83ms @ http://localhost:3111/_next/static/chunks/node_modules_next_dist_1e8vcs8._.js:776
[  359041ms] [LOG] [Fast Refresh] done in 83ms @ http://localhost:3111/_next/static/chunks/node_modules_next_dist_1e8vcs8._.js:776
[  359091ms] [LOG] [Fast Refresh] done in 83ms @ http://localhost:3111/_next/static/chunks/node_modules_next_dist_1e8vcs8._.js:776
[  359141ms] [LOG] [Fast Refresh] done in 83ms @ http://localhost:3111/_next/static/chunks/node_modules_next_dist_1e8vcs8._.js:776
[  359191ms] [LOG] [Fast Refresh] done in 83ms @ http://localhost:3111/_next/static/chunks/node_modules_next_dist_1e8vcs8._.js:776
[  359241ms] [LOG] [Fast Refresh] done in 83ms @ http://localhost:3111/_next/static/chunks/node_modules_next_dist_1e8vcs8._.js:776
[  359291ms] [LOG] [Fast Refresh] done in 83ms @ http://localhost:3111/_next/static/chunks/node_modules_next_dist_1e8vcs8._.js:776
[  359341ms] [LOG] [Fast Refresh] done in 83ms @ http://localhost:3111/_next/static/chunks/node_modules_next_dist_1e8vcs8._.js:776
[  359404ms] [LOG] [Fast Refresh] done in 83ms @ http://localhost:3111/_next/static/chunks/node_modules_next_dist_1e8vcs8._.js:776
[  359457ms] [LOG] [Fast Refresh] done in 83ms @ http://localhost:3111/_next/static/chunks/node_modules_next_dist_1e8vcs8._.js:776
[  359507ms] [LOG] [Fast Refresh] done in 83ms @ http://localhost:3111/_next/static/chunks/node_modules_next_dist_1e8vcs8._.js:776
[  359557ms] [LOG] [Fast Refresh] done in 83ms @ http://localhost:3111/_next/static/chunks/node_modules_next_dist_1e8vcs8._.js:776
[  359607ms] [LOG] [Fast Refresh] done in 83ms @ http://localhost:3111/_next/static/chunks/node_modules_next_dist_1e8vcs8._.js:776
[  359658ms] [LOG] [Fast Refresh] done in 83ms @ http://localhost:3111/_next/static/chunks/node_modules_next_dist_1e8vcs8._.js:776
[  359707ms] [LOG] [Fast Refresh] done in 83ms @ http://localhost:3111/_next/static/chunks/node_modules_next_dist_1e8vcs8._.js:776
[  359758ms] [LOG] [Fast Refresh] done in 83ms @ http://localhost:3111/_next/static/chunks/node_modules_next_dist_1e8vcs8._.js:776
[  359808ms] [LOG] [Fast Refresh] done in 83ms @ http://localhost:3111/_next/static/chunks/node_modules_next_dist_1e8vcs8._.js:776
[  359858ms] [LOG] [Fast Refresh] done in 83ms @ http://localhost:3111/_next/static/chunks/node_modules_next_dist_1e8vcs8._.js:776
[  359924ms] [LOG] [Fast Refresh] done in 83ms @ http://localhost:3111/_next/static/chunks/node_modules_next_dist_1e8vcs8._.js:776
[  359974ms] [LOG] [Fast Refresh] done in 83ms @ http://localhost:3111/_next/static/chunks/node_modules_next_dist_1e8vcs8._.js:776
[  360024ms] [LOG] [Fast Refresh] done in 83ms @ http://localhost:3111/_next/static/chunks/node_modules_next_dist_1e8vcs8._.js:776
[  360092ms] [LOG] [Fast Refresh] done in 83ms @ http://localhost:3111/_next/static/chunks/node_modules_next_dist_1e8vcs8._.js:776
[  360142ms] [LOG] [Fast Refresh] done in 83ms @ http://localhost:3111/_next/static/chunks/node_modules_next_dist_1e8vcs8._.js:776
[  360194ms] [LOG] [Fast Refresh] done in 83ms @ http://localhost:3111/_next/static/chunks/node_modules_next_dist_1e8vcs8._.js:776
[  360259ms] [LOG] [Fast Refresh] done in 83ms @ http://localhost:3111/_next/static/chunks/node_modules_next_dist_1e8vcs8._.js:776
[  360335ms] [LOG] [Fast Refresh] done in 83ms @ http://localhost:3111/_next/static/chunks/node_modules_next_dist_1e8vcs8._.js:776
[  360409ms] [LOG] [Fast Refresh] done in 83ms @ http://localhost:3111/_next/static/chunks/node_modules_next_dist_1e8vcs8._.js:776
[  360477ms] [LOG] [Fast Refresh] done in 83ms @ http://localhost:3111/_next/static/chunks/node_modules_next_dist_1e8vcs8._.js:776
[  360526ms] [LOG] [Fast Refresh] done in 83ms @ http://localhost:3111/_next/static/chunks/node_modules_next_dist_1e8vcs8._.js:776
[  360576ms] [LOG] [Fast Refresh] done in 83ms @ http://localhost:3111/_next/static/chunks/node_modules_next_dist_1e8vcs8._.js:776
[  360642ms] [LOG] [Fast Refresh] done in 83ms @ http://localhost:3111/_next/static/chunks/node_modules_next_dist_1e8vcs8._.js:776
[  360712ms] [LOG] [Fast Refresh] done in 83ms @ http://localhost:3111/_next/static/chunks/node_modules_next_dist_1e8vcs8._.js:776
[  360759ms] [LOG] [Fast Refresh] done in 83ms @ http://localhost:3111/_next/static/chunks/node_modules_next_dist_1e8vcs8._.js:776
[  360832ms] [LOG] [Fast Refresh] done in 83ms @ http://localhost:3111/_next/static/chunks/node_modules_next_dist_1e8vcs8._.js:776
[  360893ms] [LOG] [Fast Refresh] done in 83ms @ http://localhost:3111/_next/static/chunks/node_modules_next_dist_1e8vcs8._.js:776
[  360944ms] [LOG] [Fast Refresh] done in 83ms @ http://localhost:3111/_next/static/chunks/node_modules_next_dist_1e8vcs8._.js:776
[  361004ms] [LOG] [Fast Refresh] done in 83ms @ http://localhost:3111/_next/static/chunks/node_modules_next_dist_1e8vcs8._.js:776
[  361097ms] [LOG] [Fast Refresh] done in 83ms @ http://localhost:3111/_next/static/chunks/node_modules_next_dist_1e8vcs8._.js:776
[  361142ms] [LOG] [Fast Refresh] done in 83ms @ http://localhost:3111/_next/static/chunks/node_modules_next_dist_1e8vcs8._.js:776
[  361192ms] [LOG] [Fast Refresh] done in 83ms @ http://localhost:3111/_next/static/chunks/node_modules_next_dist_1e8vcs8._.js:776
[  361242ms] [LOG] [Fast Refresh] done in 83ms @ http://localhost:3111/_next/static/chunks/node_modules_next_dist_1e8vcs8._.js:776
[  361307ms] [LOG] [Fast Refresh] done in 83ms @ http://localhost:3111/_next/static/chunks/node_modules_next_dist_1e8vcs8._.js:776
[  361358ms] [LOG] [Fast Refresh] done in 83ms @ http://localhost:3111/_next/static/chunks/node_modules_next_dist_1e8vcs8._.js:776
[  361420ms] [LOG] [Fast Refresh] done in 83ms @ http://localhost:3111/_next/static/chunks/node_modules_next_dist_1e8vcs8._.js:776
[  361474ms] [LOG] [Fast Refresh] done in 83ms @ http://localhost:3111/_next/static/chunks/node_modules_next_dist_1e8vcs8._.js:776
[  361524ms] [LOG] [Fast Refresh] done in 83ms @ http://localhost:3111/_next/static/chunks/node_modules_next_dist_1e8vcs8._.js:776
[  361575ms] [LOG] [Fast Refresh] done in 83ms @ http://localhost:3111/_next/static/chunks/node_modules_next_dist_1e8vcs8._.js:776
[  361623ms] [LOG] [Fast Refresh] done in 83ms @ http://localhost:3111/_next/static/chunks/node_modules_next_dist_1e8vcs8._.js:776
[  361675ms] [LOG] [Fast Refresh] done in 83ms @ http://localhost:3111/_next/static/chunks/node_modules_next_dist_1e8vcs8._.js:776
[  361724ms] [LOG] [Fast Refresh] done in 83ms @ http://localhost:3111/_next/static/chunks/node_modules_next_dist_1e8vcs8._.js:776
[  361773ms] [LOG] [Fast Refresh] done in 83ms @ http://localhost:3111/_next/static/chunks/node_modules_next_dist_1e8vcs8._.js:776
[  361823ms] [LOG] [Fast Refresh] done in 83ms @ http://localhost:3111/_next/static/chunks/node_modules_next_dist_1e8vcs8._.js:776
[  361874ms] [LOG] [Fast Refresh] done in 83ms @ http://localhost:3111/_next/static/chunks/node_modules_next_dist_1e8vcs8._.js:776
[  361924ms] [LOG] [Fast Refresh] done in 83ms @ http://localhost:3111/_next/static/chunks/node_modules_next_dist_1e8vcs8._.js:776
[  361974ms] [LOG] [Fast Refresh] done in 83ms @ http://localhost:3111/_next/static/chunks/node_modules_next_dist_1e8vcs8._.js:776
[  362024ms] [LOG] [Fast Refresh] done in 83ms @ http://localhost:3111/_next/static/chunks/node_modules_next_dist_1e8vcs8._.js:776
[  362074ms] [LOG] [Fast Refresh] done in 83ms @ http://localhost:3111/_next/static/chunks/node_modules_next_dist_1e8vcs8._.js:776
[  362124ms] [LOG] [Fast Refresh] done in 83ms @ http://localhost:3111/_next/static/chunks/node_modules_next_dist_1e8vcs8._.js:776
[  362174ms] [LOG] [Fast Refresh] done in 83ms @ http://localhost:3111/_next/static/chunks/node_modules_next_dist_1e8vcs8._.js:776
[  362224ms] [LOG] [Fast Refresh] done in 83ms @ http://localhost:3111/_next/static/chunks/node_modules_next_dist_1e8vcs8._.js:776
[  362273ms] [LOG] [Fast Refresh] done in 83ms @ http://localhost:3111/_next/static/chunks/node_modules_next_dist_1e8vcs8._.js:776
[  362324ms] [LOG] [Fast Refresh] done in 83ms @ http://localhost:3111/_next/static/chunks/node_modules_next_dist_1e8vcs8._.js:776
[  362374ms] [LOG] [Fast Refresh] done in 83ms @ http://localhost:3111/_next/static/chunks/node_modules_next_dist_1e8vcs8._.js:776
[  362441ms] [LOG] [Fast Refresh] done in 83ms @ http://localhost:3111/_next/static/chunks/node_modules_next_dist_1e8vcs8._.js:776
[  362488ms] [LOG] [Fast Refresh] done in 83ms @ http://localhost:3111/_next/static/chunks/node_modules_next_dist_1e8vcs8._.js:776
[  362541ms] [LOG] [Fast Refresh] done in 83ms @ http://localhost:3111/_next/static/chunks/node_modules_next_dist_1e8vcs8._.js:776
[  362591ms] [LOG] [Fast Refresh] done in 83ms @ http://localhost:3111/_next/static/chunks/node_modules_next_dist_1e8vcs8._.js:776
[  362641ms] [LOG] [Fast Refresh] done in 83ms @ http://localhost:3111/_next/static/chunks/node_modules_next_dist_1e8vcs8._.js:776
[  362690ms] [LOG] [Fast Refresh] done in 83ms @ http://localhost:3111/_next/static/chunks/node_modules_next_dist_1e8vcs8._.js:776
[  362739ms] [LOG] [Fast Refresh] done in 83ms @ http://localhost:3111/_next/static/chunks/node_modules_next_dist_1e8vcs8._.js:776
[  362790ms] [LOG] [Fast Refresh] done in 83ms @ http://localhost:3111/_next/static/chunks/node_modules_next_dist_1e8vcs8._.js:776
[  362842ms] [LOG] [Fast Refresh] done in 83ms @ http://localhost:3111/_next/static/chunks/node_modules_next_dist_1e8vcs8._.js:776
[  362903ms] [LOG] [Fast Refresh] done in 83ms @ http://localhost:3111/_next/static/chunks/node_modules_next_dist_1e8vcs8._.js:776
[  362955ms] [LOG] [Fast Refresh] done in 83ms @ http://localhost:3111/_next/static/chunks/node_modules_next_dist_1e8vcs8._.js:776
[  363008ms] [LOG] [Fast Refresh] done in 83ms @ http://localhost:3111/_next/static/chunks/node_modules_next_dist_1e8vcs8._.js:776
[  363058ms] [LOG] [Fast Refresh] done in 83ms @ http://localhost:3111/_next/static/chunks/node_modules_next_dist_1e8vcs8._.js:776
[  363107ms] [LOG] [Fast Refresh] done in 83ms @ http://localhost:3111/_next/static/chunks/node_modules_next_dist_1e8vcs8._.js:776
[  363155ms] [LOG] [Fast Refresh] done in 83ms @ http://localhost:3111/_next/static/chunks/node_modules_next_dist_1e8vcs8._.js:776
[  363207ms] [LOG] [Fast Refresh] done in 83ms @ http://localhost:3111/_next/static/chunks/node_modules_next_dist_1e8vcs8._.js:776
[  363258ms] [LOG] [Fast Refresh] done in 83ms @ http://localhost:3111/_next/static/chunks/node_modules_next_dist_1e8vcs8._.js:776
[  363307ms] [LOG] [Fast Refresh] done in 83ms @ http://localhost:3111/_next/static/chunks/node_modules_next_dist_1e8vcs8._.js:776
[  363357ms] [LOG] [Fast Refresh] done in 83ms @ http://localhost:3111/_next/static/chunks/node_modules_next_dist_1e8vcs8._.js:776
[  363422ms] [LOG] [Fast Refresh] done in 83ms @ http://localhost:3111/_next/static/chunks/node_modules_next_dist_1e8vcs8._.js:776
[  363474ms] [LOG] [Fast Refresh] done in 83ms @ http://localhost:3111/_next/static/chunks/node_modules_next_dist_1e8vcs8._.js:776
[  363524ms] [LOG] [Fast Refresh] done in 83ms @ http://localhost:3111/_next/static/chunks/node_modules_next_dist_1e8vcs8._.js:776
[  363572ms] [LOG] [Fast Refresh] done in 83ms @ http://localhost:3111/_next/static/chunks/node_modules_next_dist_1e8vcs8._.js:776
[  363625ms] [LOG] [Fast Refresh] done in 83ms @ http://localhost:3111/_next/static/chunks/node_modules_next_dist_1e8vcs8._.js:776
[  363674ms] [LOG] [Fast Refresh] done in 83ms @ http://localhost:3111/_next/static/chunks/node_modules_next_dist_1e8vcs8._.js:776
[  363723ms] [LOG] [Fast Refresh] done in 83ms @ http://localhost:3111/_next/static/chunks/node_modules_next_dist_1e8vcs8._.js:776
[  363774ms] [LOG] [Fast Refresh] done in 83ms @ http://localhost:3111/_next/static/chunks/node_modules_next_dist_1e8vcs8._.js:776
[  363823ms] [LOG] [Fast Refresh] done in 83ms @ http://localhost:3111/_next/static/chunks/node_modules_next_dist_1e8vcs8._.js:776
[  363874ms] [LOG] [Fast Refresh] done in 83ms @ http://localhost:3111/_next/static/chunks/node_modules_next_dist_1e8vcs8._.js:776
[  363923ms] [LOG] [Fast Refresh] done in 83ms @ http://localhost:3111/_next/static/chunks/node_modules_next_dist_1e8vcs8._.js:776
[  363973ms] [LOG] [Fast Refresh] done in 83ms @ http://localhost:3111/_next/static/chunks/node_modules_next_dist_1e8vcs8._.js:776
[  364024ms] [LOG] [Fast Refresh] done in 83ms @ http://localhost:3111/_next/static/chunks/node_modules_next_dist_1e8vcs8._.js:776
[  364074ms] [LOG] [Fast Refresh] done in 83ms @ http://localhost:3111/_next/static/chunks/node_modules_next_dist_1e8vcs8._.js:776
[  364124ms] [LOG] [Fast Refresh] done in 83ms @ http://localhost:3111/_next/static/chunks/node_modules_next_dist_1e8vcs8._.js:776
[  364174ms] [LOG] [Fast Refresh] done in 83ms @ http://localhost:3111/_next/static/chunks/node_modules_next_dist_1e8vcs8._.js:776
[  364222ms] [LOG] [Fast Refresh] done in 83ms @ http://localhost:3111/_next/static/chunks/node_modules_next_dist_1e8vcs8._.js:776
[  364273ms] [LOG] [Fast Refresh] done in 83ms @ http://localhost:3111/_next/static/chunks/node_modules_next_dist_1e8vcs8._.js:776
[  364323ms] [LOG] [Fast Refresh] done in 83ms @ http://localhost:3111/_next/static/chunks/node_modules_next_dist_1e8vcs8._.js:776
[  364371ms] [LOG] [Fast Refresh] done in 83ms @ http://localhost:3111/_next/static/chunks/node_modules_next_dist_1e8vcs8._.js:776
[  364423ms] [LOG] [Fast Refresh] done in 83ms @ http://localhost:3111/_next/static/chunks/node_modules_next_dist_1e8vcs8._.js:776
[  364474ms] [LOG] [Fast Refresh] done in 83ms @ http://localhost:3111/_next/static/chunks/node_modules_next_dist_1e8vcs8._.js:776
[  364524ms] [LOG] [Fast Refresh] done in 83ms @ http://localhost:3111/_next/static/chunks/node_modules_next_dist_1e8vcs8._.js:776
[  364574ms] [LOG] [Fast Refresh] done in 83ms @ http://localhost:3111/_next/static/chunks/node_modules_next_dist_1e8vcs8._.js:776
[  364624ms] [LOG] [Fast Refresh] done in 83ms @ http://localhost:3111/_next/static/chunks/node_modules_next_dist_1e8vcs8._.js:776
[  364673ms] [LOG] [Fast Refresh] done in 83ms @ http://localhost:3111/_next/static/chunks/node_modules_next_dist_1e8vcs8._.js:776
[  364724ms] [LOG] [Fast Refresh] done in 83ms @ http://localhost:3111/_next/static/chunks/node_modules_next_dist_1e8vcs8._.js:776
[  364774ms] [LOG] [Fast Refresh] done in 83ms @ http://localhost:3111/_next/static/chunks/node_modules_next_dist_1e8vcs8._.js:776
[  364824ms] [LOG] [Fast Refresh] done in 83ms @ http://localhost:3111/_next/static/chunks/node_modules_next_dist_1e8vcs8._.js:776
[  364874ms] [LOG] [Fast Refresh] done in 83ms @ http://localhost:3111/_next/static/chunks/node_modules_next_dist_1e8vcs8._.js:776
[  364923ms] [LOG] [Fast Refresh] done in 83ms @ http://localhost:3111/_next/static/chunks/node_modules_next_dist_1e8vcs8._.js:776
[  364974ms] [LOG] [Fast Refresh] done in 83ms @ http://localhost:3111/_next/static/chunks/node_modules_next_dist_1e8vcs8._.js:776
[  365024ms] [LOG] [Fast Refresh] done in 83ms @ http://localhost:3111/_next/static/chunks/node_modules_next_dist_1e8vcs8._.js:776
[  365074ms] [LOG] [Fast Refresh] done in 83ms @ http://localhost:3111/_next/static/chunks/node_modules_next_dist_1e8vcs8._.js:776
[  365123ms] [LOG] [Fast Refresh] done in 83ms @ http://localhost:3111/_next/static/chunks/node_modules_next_dist_1e8vcs8._.js:776
[  365174ms] [LOG] [Fast Refresh] done in 83ms @ http://localhost:3111/_next/static/chunks/node_modules_next_dist_1e8vcs8._.js:776
[  365224ms] [LOG] [Fast Refresh] done in 83ms @ http://localhost:3111/_next/static/chunks/node_modules_next_dist_1e8vcs8._.js:776
[  365273ms] [LOG] [Fast Refresh] done in 83ms @ http://localhost:3111/_next/static/chunks/node_modules_next_dist_1e8vcs8._.js:776
[  365324ms] [LOG] [Fast Refresh] done in 83ms @ http://localhost:3111/_next/static/chunks/node_modules_next_dist_1e8vcs8._.js:776
[  365374ms] [LOG] [Fast Refresh] done in 83ms @ http://localhost:3111/_next/static/chunks/node_modules_next_dist_1e8vcs8._.js:776
[  365424ms] [LOG] [Fast Refresh] done in 83ms @ http://localhost:3111/_next/static/chunks/node_modules_next_dist_1e8vcs8._.js:776
[  365474ms] [LOG] [Fast Refresh] done in 83ms @ http://localhost:3111/_next/static/chunks/node_modules_next_dist_1e8vcs8._.js:776
[  365524ms] [LOG] [Fast Refresh] done in 83ms @ http://localhost:3111/_next/static/chunks/node_modules_next_dist_1e8vcs8._.js:776
[  365574ms] [LOG] [Fast Refresh] done in 83ms @ http://localhost:3111/_next/static/chunks/node_modules_next_dist_1e8vcs8._.js:776
[  365624ms] [LOG] [Fast Refresh] done in 83ms @ http://localhost:3111/_next/static/chunks/node_modules_next_dist_1e8vcs8._.js:776
[  365673ms] [LOG] [Fast Refresh] done in 83ms @ http://localhost:3111/_next/static/chunks/node_modules_next_dist_1e8vcs8._.js:776
[  365724ms] [LOG] [Fast Refresh] done in 83ms @ http://localhost:3111/_next/static/chunks/node_modules_next_dist_1e8vcs8._.js:776
[  365773ms] [LOG] [Fast Refresh] done in 83ms @ http://localhost:3111/_next/static/chunks/node_modules_next_dist_1e8vcs8._.js:776
[  365823ms] [LOG] [Fast Refresh] done in 83ms @ http://localhost:3111/_next/static/chunks/node_modules_next_dist_1e8vcs8._.js:776
[  365874ms] [LOG] [Fast Refresh] done in 83ms @ http://localhost:3111/_next/static/chunks/node_modules_next_dist_1e8vcs8._.js:776
[  365924ms] [LOG] [Fast Refresh] done in 83ms @ http://localhost:3111/_next/static/chunks/node_modules_next_dist_1e8vcs8._.js:776
[  365973ms] [LOG] [Fast Refresh] done in 83ms @ http://localhost:3111/_next/static/chunks/node_modules_next_dist_1e8vcs8._.js:776
[  366024ms] [LOG] [Fast Refresh] done in 83ms @ http://localhost:3111/_next/static/chunks/node_modules_next_dist_1e8vcs8._.js:776
[  366073ms] [LOG] [Fast Refresh] done in 83ms @ http://localhost:3111/_next/static/chunks/node_modules_next_dist_1e8vcs8._.js:776
[  366124ms] [LOG] [Fast Refresh] done in 83ms @ http://localhost:3111/_next/static/chunks/node_modules_next_dist_1e8vcs8._.js:776
[  366174ms] [LOG] [Fast Refresh] done in 83ms @ http://localhost:3111/_next/static/chunks/node_modules_next_dist_1e8vcs8._.js:776
[  366223ms] [LOG] [Fast Refresh] done in 83ms @ http://localhost:3111/_next/static/chunks/node_modules_next_dist_1e8vcs8._.js:776
[  366273ms] [LOG] [Fast Refresh] done in 83ms @ http://localhost:3111/_next/static/chunks/node_modules_next_dist_1e8vcs8._.js:776
[  366323ms] [LOG] [Fast Refresh] done in 83ms @ http://localhost:3111/_next/static/chunks/node_modules_next_dist_1e8vcs8._.js:776
[  366384ms] [LOG] [Fast Refresh] done in 83ms @ http://localhost:3111/_next/static/chunks/node_modules_next_dist_1e8vcs8._.js:776
[  366440ms] [LOG] [Fast Refresh] done in 83ms @ http://localhost:3111/_next/static/chunks/node_modules_next_dist_1e8vcs8._.js:776
[  366490ms] [LOG] [Fast Refresh] done in 83ms @ http://localhost:3111/_next/static/chunks/node_modules_next_dist_1e8vcs8._.js:776
[  366540ms] [LOG] [Fast Refresh] done in 83ms @ http://localhost:3111/_next/static/chunks/node_modules_next_dist_1e8vcs8._.js:776
[  366589ms] [LOG] [Fast Refresh] done in 83ms @ http://localhost:3111/_next/static/chunks/node_modules_next_dist_1e8vcs8._.js:776
[  366640ms] [LOG] [Fast Refresh] done in 83ms @ http://localhost:3111/_next/static/chunks/node_modules_next_dist_1e8vcs8._.js:776
[  366690ms] [LOG] [Fast Refresh] done in 83ms @ http://localhost:3111/_next/static/chunks/node_modules_next_dist_1e8vcs8._.js:776
[  366740ms] [LOG] [Fast Refresh] done in 83ms @ http://localhost:3111/_next/static/chunks/node_modules_next_dist_1e8vcs8._.js:776
[  366790ms] [LOG] [Fast Refresh] done in 83ms @ http://localhost:3111/_next/static/chunks/node_modules_next_dist_1e8vcs8._.js:776
[  366840ms] [LOG] [Fast Refresh] done in 83ms @ http://localhost:3111/_next/static/chunks/node_modules_next_dist_1e8vcs8._.js:776
[  366903ms] [LOG] [Fast Refresh] done in 83ms @ http://localhost:3111/_next/static/chunks/node_modules_next_dist_1e8vcs8._.js:776
[  366957ms] [LOG] [Fast Refresh] done in 83ms @ http://localhost:3111/_next/static/chunks/node_modules_next_dist_1e8vcs8._.js:776
[  367007ms] [LOG] [Fast Refresh] done in 83ms @ http://localhost:3111/_next/static/chunks/node_modules_next_dist_1e8vcs8._.js:776
[  367057ms] [LOG] [Fast Refresh] done in 83ms @ http://localhost:3111/_next/static/chunks/node_modules_next_dist_1e8vcs8._.js:776
[  367107ms] [LOG] [Fast Refresh] done in 83ms @ http://localhost:3111/_next/static/chunks/node_modules_next_dist_1e8vcs8._.js:776
[  367156ms] [LOG] [Fast Refresh] done in 83ms @ http://localhost:3111/_next/static/chunks/node_modules_next_dist_1e8vcs8._.js:776
[  367207ms] [LOG] [Fast Refresh] done in 83ms @ http://localhost:3111/_next/static/chunks/node_modules_next_dist_1e8vcs8._.js:776
[  367256ms] [LOG] [Fast Refresh] done in 83ms @ http://localhost:3111/_next/static/chunks/node_modules_next_dist_1e8vcs8._.js:776
[  367306ms] [LOG] [Fast Refresh] done in 83ms @ http://localhost:3111/_next/static/chunks/node_modules_next_dist_1e8vcs8._.js:776
[  367357ms] [LOG] [Fast Refresh] done in 83ms @ http://localhost:3111/_next/static/chunks/node_modules_next_dist_1e8vcs8._.js:776
[  367424ms] [LOG] [Fast Refresh] done in 83ms @ http://localhost:3111/_next/static/chunks/node_modules_next_dist_1e8vcs8._.js:776
[  367473ms] [LOG] [Fast Refresh] done in 83ms @ http://localhost:3111/_next/static/chunks/node_modules_next_dist_1e8vcs8._.js:776
[  367523ms] [LOG] [Fast Refresh] done in 83ms @ http://localhost:3111/_next/static/chunks/node_modules_next_dist_1e8vcs8._.js:776
[  367574ms] [LOG] [Fast Refresh] done in 83ms @ http://localhost:3111/_next/static/chunks/node_modules_next_dist_1e8vcs8._.js:776
[  367624ms] [LOG] [Fast Refresh] done in 83ms @ http://localhost:3111/_next/static/chunks/node_modules_next_dist_1e8vcs8._.js:776
[  367673ms] [LOG] [Fast Refresh] done in 83ms @ http://localhost:3111/_next/static/chunks/node_modules_next_dist_1e8vcs8._.js:776
[  367723ms] [LOG] [Fast Refresh] done in 83ms @ http://localhost:3111/_next/static/chunks/node_modules_next_dist_1e8vcs8._.js:776
[  367773ms] [LOG] [Fast Refresh] done in 83ms @ http://localhost:3111/_next/static/chunks/node_modules_next_dist_1e8vcs8._.js:776
[  367824ms] [LOG] [Fast Refresh] done in 83ms @ http://localhost:3111/_next/static/chunks/node_modules_next_dist_1e8vcs8._.js:776
[  367874ms] [LOG] [Fast Refresh] done in 83ms @ http://localhost:3111/_next/static/chunks/node_modules_next_dist_1e8vcs8._.js:776
[  367920ms] [LOG] [Fast Refresh] done in 83ms @ http://localhost:3111/_next/static/chunks/node_modules_next_dist_1e8vcs8._.js:776
[  367971ms] [LOG] [Fast Refresh] done in 83ms @ http://localhost:3111/_next/static/chunks/node_modules_next_dist_1e8vcs8._.js:776
[  368023ms] [LOG] [Fast Refresh] done in 83ms @ http://localhost:3111/_next/static/chunks/node_modules_next_dist_1e8vcs8._.js:776
[  368073ms] [LOG] [Fast Refresh] done in 83ms @ http://localhost:3111/_next/static/chunks/node_modules_next_dist_1e8vcs8._.js:776
[  368123ms] [LOG] [Fast Refresh] done in 83ms @ http://localhost:3111/_next/static/chunks/node_modules_next_dist_1e8vcs8._.js:776
[  368171ms] [LOG] [Fast Refresh] done in 83ms @ http://localhost:3111/_next/static/chunks/node_modules_next_dist_1e8vcs8._.js:776
[  368223ms] [LOG] [Fast Refresh] done in 83ms @ http://localhost:3111/_next/static/chunks/node_modules_next_dist_1e8vcs8._.js:776
[  368273ms] [LOG] [Fast Refresh] done in 83ms @ http://localhost:3111/_next/static/chunks/node_modules_next_dist_1e8vcs8._.js:776
[  368324ms] [LOG] [Fast Refresh] done in 83ms @ http://localhost:3111/_next/static/chunks/node_modules_next_dist_1e8vcs8._.js:776
[  368373ms] [LOG] [Fast Refresh] done in 83ms @ http://localhost:3111/_next/static/chunks/node_modules_next_dist_1e8vcs8._.js:776
[  368420ms] [LOG] [Fast Refresh] done in 83ms @ http://localhost:3111/_next/static/chunks/node_modules_next_dist_1e8vcs8._.js:776
[  368473ms] [LOG] [Fast Refresh] done in 83ms @ http://localhost:3111/_next/static/chunks/node_modules_next_dist_1e8vcs8._.js:776
[  368523ms] [LOG] [Fast Refresh] done in 83ms @ http://localhost:3111/_next/static/chunks/node_modules_next_dist_1e8vcs8._.js:776
[  368574ms] [LOG] [Fast Refresh] done in 83ms @ http://localhost:3111/_next/static/chunks/node_modules_next_dist_1e8vcs8._.js:776
[  368624ms] [LOG] [Fast Refresh] done in 83ms @ http://localhost:3111/_next/static/chunks/node_modules_next_dist_1e8vcs8._.js:776
[  368674ms] [LOG] [Fast Refresh] done in 83ms @ http://localhost:3111/_next/static/chunks/node_modules_next_dist_1e8vcs8._.js:776
[  368723ms] [LOG] [Fast Refresh] done in 83ms @ http://localhost:3111/_next/static/chunks/node_modules_next_dist_1e8vcs8._.js:776
[  368771ms] [LOG] [Fast Refresh] done in 83ms @ http://localhost:3111/_next/static/chunks/node_modules_next_dist_1e8vcs8._.js:776
[  368823ms] [LOG] [Fast Refresh] done in 83ms @ http://localhost:3111/_next/static/chunks/node_modules_next_dist_1e8vcs8._.js:776
[  368873ms] [LOG] [Fast Refresh] done in 83ms @ http://localhost:3111/_next/static/chunks/node_modules_next_dist_1e8vcs8._.js:776
[  368923ms] [LOG] [Fast Refresh] done in 83ms @ http://localhost:3111/_next/static/chunks/node_modules_next_dist_1e8vcs8._.js:776
[  368971ms] [LOG] [Fast Refresh] done in 83ms @ http://localhost:3111/_next/static/chunks/node_modules_next_dist_1e8vcs8._.js:776
[  369023ms] [LOG] [Fast Refresh] done in 83ms @ http://localhost:3111/_next/static/chunks/node_modules_next_dist_1e8vcs8._.js:776
[  369074ms] [LOG] [Fast Refresh] done in 83ms @ http://localhost:3111/_next/static/chunks/node_modules_next_dist_1e8vcs8._.js:776
[  369123ms] [LOG] [Fast Refresh] done in 83ms @ http://localhost:3111/_next/static/chunks/node_modules_next_dist_1e8vcs8._.js:776
[  369174ms] [LOG] [Fast Refresh] done in 83ms @ http://localhost:3111/_next/static/chunks/node_modules_next_dist_1e8vcs8._.js:776
[  369223ms] [LOG] [Fast Refresh] done in 83ms @ http://localhost:3111/_next/static/chunks/node_modules_next_dist_1e8vcs8._.js:776
[  369273ms] [LOG] [Fast Refresh] done in 83ms @ http://localhost:3111/_next/static/chunks/node_modules_next_dist_1e8vcs8._.js:776
[  369323ms] [LOG] [Fast Refresh] done in 83ms @ http://localhost:3111/_next/static/chunks/node_modules_next_dist_1e8vcs8._.js:776
[  369387ms] [LOG] [Fast Refresh] done in 83ms @ http://localhost:3111/_next/static/chunks/node_modules_next_dist_1e8vcs8._.js:776
[  369440ms] [LOG] [Fast Refresh] done in 83ms @ http://localhost:3111/_next/static/chunks/node_modules_next_dist_1e8vcs8._.js:776
[  369507ms] [LOG] [Fast Refresh] done in 83ms @ http://localhost:3111/_next/static/chunks/node_modules_next_dist_1e8vcs8._.js:776
[  369574ms] [LOG] [Fast Refresh] done in 83ms @ http://localhost:3111/_next/static/chunks/node_modules_next_dist_1e8vcs8._.js:776
[  369621ms] [LOG] [Fast Refresh] done in 83ms @ http://localhost:3111/_next/static/chunks/node_modules_next_dist_1e8vcs8._.js:776
[  369673ms] [LOG] [Fast Refresh] done in 83ms @ http://localhost:3111/_next/static/chunks/node_modules_next_dist_1e8vcs8._.js:776
[  369721ms] [LOG] [Fast Refresh] done in 83ms @ http://localhost:3111/_next/static/chunks/node_modules_next_dist_1e8vcs8._.js:776
[  369788ms] [LOG] [Fast Refresh] done in 83ms @ http://localhost:3111/_next/static/chunks/node_modules_next_dist_1e8vcs8._.js:776
[  369840ms] [LOG] [Fast Refresh] done in 83ms @ http://localhost:3111/_next/static/chunks/node_modules_next_dist_1e8vcs8._.js:776
[  369903ms] [LOG] [Fast Refresh] done in 83ms @ http://localhost:3111/_next/static/chunks/node_modules_next_dist_1e8vcs8._.js:776
[  369957ms] [LOG] [Fast Refresh] done in 83ms @ http://localhost:3111/_next/static/chunks/node_modules_next_dist_1e8vcs8._.js:776
[  370006ms] [LOG] [Fast Refresh] done in 83ms @ http://localhost:3111/_next/static/chunks/node_modules_next_dist_1e8vcs8._.js:776
[  370057ms] [LOG] [Fast Refresh] done in 83ms @ http://localhost:3111/_next/static/chunks/node_modules_next_dist_1e8vcs8._.js:776
[  370106ms] [LOG] [Fast Refresh] done in 83ms @ http://localhost:3111/_next/static/chunks/node_modules_next_dist_1e8vcs8._.js:776
[  370156ms] [LOG] [Fast Refresh] done in 83ms @ http://localhost:3111/_next/static/chunks/node_modules_next_dist_1e8vcs8._.js:776
[  370207ms] [LOG] [Fast Refresh] done in 83ms @ http://localhost:3111/_next/static/chunks/node_modules_next_dist_1e8vcs8._.js:776
[  370257ms] [LOG] [Fast Refresh] done in 83ms @ http://localhost:3111/_next/static/chunks/node_modules_next_dist_1e8vcs8._.js:776
[  370306ms] [LOG] [Fast Refresh] done in 83ms @ http://localhost:3111/_next/static/chunks/node_modules_next_dist_1e8vcs8._.js:776
[  370357ms] [LOG] [Fast Refresh] done in 83ms @ http://localhost:3111/_next/static/chunks/node_modules_next_dist_1e8vcs8._.js:776
[  370422ms] [LOG] [Fast Refresh] done in 83ms @ http://localhost:3111/_next/static/chunks/node_modules_next_dist_1e8vcs8._.js:776
[  370472ms] [LOG] [Fast Refresh] done in 83ms @ http://localhost:3111/_next/static/chunks/node_modules_next_dist_1e8vcs8._.js:776
[  370523ms] [LOG] [Fast Refresh] done in 83ms @ http://localhost:3111/_next/static/chunks/node_modules_next_dist_1e8vcs8._.js:776
[  370573ms] [LOG] [Fast Refresh] done in 83ms @ http://localhost:3111/_next/static/chunks/node_modules_next_dist_1e8vcs8._.js:776
[  370621ms] [LOG] [Fast Refresh] done in 83ms @ http://localhost:3111/_next/static/chunks/node_modules_next_dist_1e8vcs8._.js:776
[  370673ms] [LOG] [Fast Refresh] done in 83ms @ http://localhost:3111/_next/static/chunks/node_modules_next_dist_1e8vcs8._.js:776
[  370723ms] [LOG] [Fast Refresh] done in 83ms @ http://localhost:3111/_next/static/chunks/node_modules_next_dist_1e8vcs8._.js:776
[  370773ms] [LOG] [Fast Refresh] done in 83ms @ http://localhost:3111/_next/static/chunks/node_modules_next_dist_1e8vcs8._.js:776
[  370822ms] [LOG] [Fast Refresh] done in 83ms @ http://localhost:3111/_next/static/chunks/node_modules_next_dist_1e8vcs8._.js:776
[  370873ms] [LOG] [Fast Refresh] done in 83ms @ http://localhost:3111/_next/static/chunks/node_modules_next_dist_1e8vcs8._.js:776
[  370923ms] [LOG] [Fast Refresh] done in 83ms @ http://localhost:3111/_next/static/chunks/node_modules_next_dist_1e8vcs8._.js:776
[  370973ms] [LOG] [Fast Refresh] done in 83ms @ http://localhost:3111/_next/static/chunks/node_modules_next_dist_1e8vcs8._.js:776
[  371023ms] [LOG] [Fast Refresh] done in 83ms @ http://localhost:3111/_next/static/chunks/node_modules_next_dist_1e8vcs8._.js:776
[  371073ms] [LOG] [Fast Refresh] done in 83ms @ http://localhost:3111/_next/static/chunks/node_modules_next_dist_1e8vcs8._.js:776
[  371124ms] [LOG] [Fast Refresh] done in 83ms @ http://localhost:3111/_next/static/chunks/node_modules_next_dist_1e8vcs8._.js:776
[  371171ms] [LOG] [Fast Refresh] done in 83ms @ http://localhost:3111/_next/static/chunks/node_modules_next_dist_1e8vcs8._.js:776
[  371223ms] [LOG] [Fast Refresh] done in 83ms @ http://localhost:3111/_next/static/chunks/node_modules_next_dist_1e8vcs8._.js:776
[  371273ms] [LOG] [Fast Refresh] done in 83ms @ http://localhost:3111/_next/static/chunks/node_modules_next_dist_1e8vcs8._.js:776
[  371323ms] [LOG] [Fast Refresh] done in 83ms @ http://localhost:3111/_next/static/chunks/node_modules_next_dist_1e8vcs8._.js:776
[  371373ms] [LOG] [Fast Refresh] done in 83ms @ http://localhost:3111/_next/static/chunks/node_modules_next_dist_1e8vcs8._.js:776
[  371423ms] [LOG] [Fast Refresh] done in 83ms @ http://localhost:3111/_next/static/chunks/node_modules_next_dist_1e8vcs8._.js:776
[  371473ms] [LOG] [Fast Refresh] done in 83ms @ http://localhost:3111/_next/static/chunks/node_modules_next_dist_1e8vcs8._.js:776
[  371524ms] [LOG] [Fast Refresh] done in 83ms @ http://localhost:3111/_next/static/chunks/node_modules_next_dist_1e8vcs8._.js:776
[  371573ms] [LOG] [Fast Refresh] done in 83ms @ http://localhost:3111/_next/static/chunks/node_modules_next_dist_1e8vcs8._.js:776
[  371623ms] [LOG] [Fast Refresh] done in 83ms @ http://localhost:3111/_next/static/chunks/node_modules_next_dist_1e8vcs8._.js:776
[  371673ms] [LOG] [Fast Refresh] done in 83ms @ http://localhost:3111/_next/static/chunks/node_modules_next_dist_1e8vcs8._.js:776
[  371724ms] [LOG] [Fast Refresh] done in 83ms @ http://localhost:3111/_next/static/chunks/node_modules_next_dist_1e8vcs8._.js:776
[  371773ms] [LOG] [Fast Refresh] done in 83ms @ http://localhost:3111/_next/static/chunks/node_modules_next_dist_1e8vcs8._.js:776
[  371823ms] [LOG] [Fast Refresh] done in 83ms @ http://localhost:3111/_next/static/chunks/node_modules_next_dist_1e8vcs8._.js:776
[  371873ms] [LOG] [Fast Refresh] done in 83ms @ http://localhost:3111/_next/static/chunks/node_modules_next_dist_1e8vcs8._.js:776
[  371923ms] [LOG] [Fast Refresh] done in 83ms @ http://localhost:3111/_next/static/chunks/node_modules_next_dist_1e8vcs8._.js:776
[  371973ms] [LOG] [Fast Refresh] done in 83ms @ http://localhost:3111/_next/static/chunks/node_modules_next_dist_1e8vcs8._.js:776
[  372023ms] [LOG] [Fast Refresh] done in 83ms @ http://localhost:3111/_next/static/chunks/node_modules_next_dist_1e8vcs8._.js:776
[  372073ms] [LOG] [Fast Refresh] done in 83ms @ http://localhost:3111/_next/static/chunks/node_modules_next_dist_1e8vcs8._.js:776
[  372123ms] [LOG] [Fast Refresh] done in 83ms @ http://localhost:3111/_next/static/chunks/node_modules_next_dist_1e8vcs8._.js:776
[  372173ms] [LOG] [Fast Refresh] done in 83ms @ http://localhost:3111/_next/static/chunks/node_modules_next_dist_1e8vcs8._.js:776
[  372239ms] [LOG] [Fast Refresh] done in 83ms @ http://localhost:3111/_next/static/chunks/node_modules_next_dist_1e8vcs8._.js:776
[  372289ms] [LOG] [Fast Refresh] done in 83ms @ http://localhost:3111/_next/static/chunks/node_modules_next_dist_1e8vcs8._.js:776
[  372354ms] [LOG] [Fast Refresh] done in 83ms @ http://localhost:3111/_next/static/chunks/node_modules_next_dist_1e8vcs8._.js:776
[  372418ms] [LOG] [Fast Refresh] done in 83ms @ http://localhost:3111/_next/static/chunks/node_modules_next_dist_1e8vcs8._.js:776
[  372456ms] [LOG] [Fast Refresh] done in 83ms @ http://localhost:3111/_next/static/chunks/node_modules_next_dist_1e8vcs8._.js:776
[  372506ms] [LOG] [Fast Refresh] done in 83ms @ http://localhost:3111/_next/static/chunks/node_modules_next_dist_1e8vcs8._.js:776
[  372556ms] [LOG] [Fast Refresh] done in 83ms @ http://localhost:3111/_next/static/chunks/node_modules_next_dist_1e8vcs8._.js:776
[  372606ms] [LOG] [Fast Refresh] done in 83ms @ http://localhost:3111/_next/static/chunks/node_modules_next_dist_1e8vcs8._.js:776
[  372656ms] [LOG] [Fast Refresh] done in 83ms @ http://localhost:3111/_next/static/chunks/node_modules_next_dist_1e8vcs8._.js:776
[  372706ms] [LOG] [Fast Refresh] done in 83ms @ http://localhost:3111/_next/static/chunks/node_modules_next_dist_1e8vcs8._.js:776
[  372756ms] [LOG] [Fast Refresh] done in 83ms @ http://localhost:3111/_next/static/chunks/node_modules_next_dist_1e8vcs8._.js:776
[  372806ms] [LOG] [Fast Refresh] done in 83ms @ http://localhost:3111/_next/static/chunks/node_modules_next_dist_1e8vcs8._.js:776
[  372857ms] [LOG] [Fast Refresh] done in 83ms @ http://localhost:3111/_next/static/chunks/node_modules_next_dist_1e8vcs8._.js:776
[  372906ms] [LOG] [Fast Refresh] done in 83ms @ http://localhost:3111/_next/static/chunks/node_modules_next_dist_1e8vcs8._.js:776
[  372956ms] [LOG] [Fast Refresh] done in 83ms @ http://localhost:3111/_next/static/chunks/node_modules_next_dist_1e8vcs8._.js:776
[  373006ms] [LOG] [Fast Refresh] done in 83ms @ http://localhost:3111/_next/static/chunks/node_modules_next_dist_1e8vcs8._.js:776
[  373056ms] [LOG] [Fast Refresh] done in 83ms @ http://localhost:3111/_next/static/chunks/node_modules_next_dist_1e8vcs8._.js:776
[  373107ms] [LOG] [Fast Refresh] done in 83ms @ http://localhost:3111/_next/static/chunks/node_modules_next_dist_1e8vcs8._.js:776
[  373156ms] [LOG] [Fast Refresh] done in 83ms @ http://localhost:3111/_next/static/chunks/node_modules_next_dist_1e8vcs8._.js:776
[  373221ms] [LOG] [Fast Refresh] done in 83ms @ http://localhost:3111/_next/static/chunks/node_modules_next_dist_1e8vcs8._.js:776
[  373272ms] [LOG] [Fast Refresh] done in 83ms @ http://localhost:3111/_next/static/chunks/node_modules_next_dist_1e8vcs8._.js:776
[  373323ms] [LOG] [Fast Refresh] done in 83ms @ http://localhost:3111/_next/static/chunks/node_modules_next_dist_1e8vcs8._.js:776
[  373373ms] [LOG] [Fast Refresh] done in 83ms @ http://localhost:3111/_next/static/chunks/node_modules_next_dist_1e8vcs8._.js:776
[  373423ms] [LOG] [Fast Refresh] done in 83ms @ http://localhost:3111/_next/static/chunks/node_modules_next_dist_1e8vcs8._.js:776
[  373472ms] [LOG] [Fast Refresh] done in 83ms @ http://localhost:3111/_next/static/chunks/node_modules_next_dist_1e8vcs8._.js:776
[  373523ms] [LOG] [Fast Refresh] done in 83ms @ http://localhost:3111/_next/static/chunks/node_modules_next_dist_1e8vcs8._.js:776
[  373573ms] [LOG] [Fast Refresh] done in 83ms @ http://localhost:3111/_next/static/chunks/node_modules_next_dist_1e8vcs8._.js:776
[  373624ms] [LOG] [Fast Refresh] done in 83ms @ http://localhost:3111/_next/static/chunks/node_modules_next_dist_1e8vcs8._.js:776
[  373673ms] [LOG] [Fast Refresh] done in 83ms @ http://localhost:3111/_next/static/chunks/node_modules_next_dist_1e8vcs8._.js:776
[  373723ms] [LOG] [Fast Refresh] done in 83ms @ http://localhost:3111/_next/static/chunks/node_modules_next_dist_1e8vcs8._.js:776
[  373773ms] [LOG] [Fast Refresh] done in 83ms @ http://localhost:3111/_next/static/chunks/node_modules_next_dist_1e8vcs8._.js:776
[  373822ms] [LOG] [Fast Refresh] done in 83ms @ http://localhost:3111/_next/static/chunks/node_modules_next_dist_1e8vcs8._.js:776
[  373872ms] [LOG] [Fast Refresh] done in 83ms @ http://localhost:3111/_next/static/chunks/node_modules_next_dist_1e8vcs8._.js:776
[  373923ms] [LOG] [Fast Refresh] done in 83ms @ http://localhost:3111/_next/static/chunks/node_modules_next_dist_1e8vcs8._.js:776
[  373973ms] [LOG] [Fast Refresh] done in 83ms @ http://localhost:3111/_next/static/chunks/node_modules_next_dist_1e8vcs8._.js:776
[  374022ms] [LOG] [Fast Refresh] done in 83ms @ http://localhost:3111/_next/static/chunks/node_modules_next_dist_1e8vcs8._.js:776
[  374071ms] [LOG] [Fast Refresh] done in 83ms @ http://localhost:3111/_next/static/chunks/node_modules_next_dist_1e8vcs8._.js:776
[  374123ms] [LOG] [Fast Refresh] done in 83ms @ http://localhost:3111/_next/static/chunks/node_modules_next_dist_1e8vcs8._.js:776
[  374172ms] [LOG] [Fast Refresh] done in 83ms @ http://localhost:3111/_next/static/chunks/node_modules_next_dist_1e8vcs8._.js:776
[  374223ms] [LOG] [Fast Refresh] done in 83ms @ http://localhost:3111/_next/static/chunks/node_modules_next_dist_1e8vcs8._.js:776
[  374273ms] [LOG] [Fast Refresh] done in 83ms @ http://localhost:3111/_next/static/chunks/node_modules_next_dist_1e8vcs8._.js:776
[  374340ms] [LOG] [Fast Refresh] done in 83ms @ http://localhost:3111/_next/static/chunks/node_modules_next_dist_1e8vcs8._.js:776
[  374402ms] [LOG] [Fast Refresh] done in 83ms @ http://localhost:3111/_next/static/chunks/node_modules_next_dist_1e8vcs8._.js:776
[  374456ms] [LOG] [Fast Refresh] done in 83ms @ http://localhost:3111/_next/static/chunks/node_modules_next_dist_1e8vcs8._.js:776
[  374506ms] [LOG] [Fast Refresh] done in 83ms @ http://localhost:3111/_next/static/chunks/node_modules_next_dist_1e8vcs8._.js:776
[  374556ms] [LOG] [Fast Refresh] done in 83ms @ http://localhost:3111/_next/static/chunks/node_modules_next_dist_1e8vcs8._.js:776
[  374622ms] [LOG] [Fast Refresh] done in 83ms @ http://localhost:3111/_next/static/chunks/node_modules_next_dist_1e8vcs8._.js:776
[  374672ms] [LOG] [Fast Refresh] done in 83ms @ http://localhost:3111/_next/static/chunks/node_modules_next_dist_1e8vcs8._.js:776
[  374723ms] [LOG] [Fast Refresh] done in 83ms @ http://localhost:3111/_next/static/chunks/node_modules_next_dist_1e8vcs8._.js:776
[  374773ms] [LOG] [Fast Refresh] done in 83ms @ http://localhost:3111/_next/static/chunks/node_modules_next_dist_1e8vcs8._.js:776
[  374823ms] [LOG] [Fast Refresh] done in 83ms @ http://localhost:3111/_next/static/chunks/node_modules_next_dist_1e8vcs8._.js:776
[  374873ms] [LOG] [Fast Refresh] done in 83ms @ http://localhost:3111/_next/static/chunks/node_modules_next_dist_1e8vcs8._.js:776
[  374923ms] [LOG] [Fast Refresh] done in 83ms @ http://localhost:3111/_next/static/chunks/node_modules_next_dist_1e8vcs8._.js:776
[  374972ms] [LOG] [Fast Refresh] done in 83ms @ http://localhost:3111/_next/static/chunks/node_modules_next_dist_1e8vcs8._.js:776
[  375022ms] [LOG] [Fast Refresh] done in 83ms @ http://localhost:3111/_next/static/chunks/node_modules_next_dist_1e8vcs8._.js:776
[  375072ms] [LOG] [Fast Refresh] done in 83ms @ http://localhost:3111/_next/static/chunks/node_modules_next_dist_1e8vcs8._.js:776
[  375123ms] [LOG] [Fast Refresh] done in 83ms @ http://localhost:3111/_next/static/chunks/node_modules_next_dist_1e8vcs8._.js:776
[  375189ms] [LOG] [Fast Refresh] done in 83ms @ http://localhost:3111/_next/static/chunks/node_modules_next_dist_1e8vcs8._.js:776
[  375239ms] [LOG] [Fast Refresh] done in 83ms @ http://localhost:3111/_next/static/chunks/node_modules_next_dist_1e8vcs8._.js:776
[  375289ms] [LOG] [Fast Refresh] done in 83ms @ http://localhost:3111/_next/static/chunks/node_modules_next_dist_1e8vcs8._.js:776
[  375340ms] [LOG] [Fast Refresh] done in 83ms @ http://localhost:3111/_next/static/chunks/node_modules_next_dist_1e8vcs8._.js:776
[  375403ms] [LOG] [Fast Refresh] done in 83ms @ http://localhost:3111/_next/static/chunks/node_modules_next_dist_1e8vcs8._.js:776
[  375456ms] [LOG] [Fast Refresh] done in 83ms @ http://localhost:3111/_next/static/chunks/node_modules_next_dist_1e8vcs8._.js:776
[  375505ms] [LOG] [Fast Refresh] done in 83ms @ http://localhost:3111/_next/static/chunks/node_modules_next_dist_1e8vcs8._.js:776
[  375556ms] [LOG] [Fast Refresh] done in 83ms @ http://localhost:3111/_next/static/chunks/node_modules_next_dist_1e8vcs8._.js:776
[  375606ms] [LOG] [Fast Refresh] done in 83ms @ http://localhost:3111/_next/static/chunks/node_modules_next_dist_1e8vcs8._.js:776
[  375656ms] [LOG] [Fast Refresh] done in 83ms @ http://localhost:3111/_next/static/chunks/node_modules_next_dist_1e8vcs8._.js:776
[  375705ms] [LOG] [Fast Refresh] done in 83ms @ http://localhost:3111/_next/static/chunks/node_modules_next_dist_1e8vcs8._.js:776
[  375756ms] [LOG] [Fast Refresh] done in 83ms @ http://localhost:3111/_next/static/chunks/node_modules_next_dist_1e8vcs8._.js:776
[  375806ms] [LOG] [Fast Refresh] done in 83ms @ http://localhost:3111/_next/static/chunks/node_modules_next_dist_1e8vcs8._.js:776
[  375856ms] [LOG] [Fast Refresh] done in 83ms @ http://localhost:3111/_next/static/chunks/node_modules_next_dist_1e8vcs8._.js:776
[  375922ms] [LOG] [Fast Refresh] done in 83ms @ http://localhost:3111/_next/static/chunks/node_modules_next_dist_1e8vcs8._.js:776
[  375973ms] [LOG] [Fast Refresh] done in 83ms @ http://localhost:3111/_next/static/chunks/node_modules_next_dist_1e8vcs8._.js:776
[  376023ms] [LOG] [Fast Refresh] done in 83ms @ http://localhost:3111/_next/static/chunks/node_modules_next_dist_1e8vcs8._.js:776
[  376073ms] [LOG] [Fast Refresh] done in 83ms @ http://localhost:3111/_next/static/chunks/node_modules_next_dist_1e8vcs8._.js:776
[  376122ms] [LOG] [Fast Refresh] done in 83ms @ http://localhost:3111/_next/static/chunks/node_modules_next_dist_1e8vcs8._.js:776
[  376173ms] [LOG] [Fast Refresh] done in 83ms @ http://localhost:3111/_next/static/chunks/node_modules_next_dist_1e8vcs8._.js:776
[  376222ms] [LOG] [Fast Refresh] done in 83ms @ http://localhost:3111/_next/static/chunks/node_modules_next_dist_1e8vcs8._.js:776
[  376272ms] [LOG] [Fast Refresh] done in 83ms @ http://localhost:3111/_next/static/chunks/node_modules_next_dist_1e8vcs8._.js:776
[  376322ms] [LOG] [Fast Refresh] done in 83ms @ http://localhost:3111/_next/static/chunks/node_modules_next_dist_1e8vcs8._.js:776
[  376372ms] [LOG] [Fast Refresh] done in 83ms @ http://localhost:3111/_next/static/chunks/node_modules_next_dist_1e8vcs8._.js:776
[  376422ms] [LOG] [Fast Refresh] done in 83ms @ http://localhost:3111/_next/static/chunks/node_modules_next_dist_1e8vcs8._.js:776
[  376472ms] [LOG] [Fast Refresh] done in 83ms @ http://localhost:3111/_next/static/chunks/node_modules_next_dist_1e8vcs8._.js:776
[  376523ms] [LOG] [Fast Refresh] done in 83ms @ http://localhost:3111/_next/static/chunks/node_modules_next_dist_1e8vcs8._.js:776
[  376572ms] [LOG] [Fast Refresh] done in 83ms @ http://localhost:3111/_next/static/chunks/node_modules_next_dist_1e8vcs8._.js:776
[  376622ms] [LOG] [Fast Refresh] done in 83ms @ http://localhost:3111/_next/static/chunks/node_modules_next_dist_1e8vcs8._.js:776
[  376671ms] [LOG] [Fast Refresh] done in 83ms @ http://localhost:3111/_next/static/chunks/node_modules_next_dist_1e8vcs8._.js:776
[  376726ms] [LOG] [Fast Refresh] done in 83ms @ http://localhost:3111/_next/static/chunks/node_modules_next_dist_1e8vcs8._.js:776
[  376773ms] [LOG] [Fast Refresh] done in 83ms @ http://localhost:3111/_next/static/chunks/node_modules_next_dist_1e8vcs8._.js:776
[  376821ms] [LOG] [Fast Refresh] done in 83ms @ http://localhost:3111/_next/static/chunks/node_modules_next_dist_1e8vcs8._.js:776
[  376872ms] [LOG] [Fast Refresh] done in 83ms @ http://localhost:3111/_next/static/chunks/node_modules_next_dist_1e8vcs8._.js:776
[  376922ms] [LOG] [Fast Refresh] done in 83ms @ http://localhost:3111/_next/static/chunks/node_modules_next_dist_1e8vcs8._.js:776
[  376972ms] [LOG] [Fast Refresh] done in 83ms @ http://localhost:3111/_next/static/chunks/node_modules_next_dist_1e8vcs8._.js:776
[  377023ms] [LOG] [Fast Refresh] done in 83ms @ http://localhost:3111/_next/static/chunks/node_modules_next_dist_1e8vcs8._.js:776
[  377073ms] [LOG] [Fast Refresh] done in 83ms @ http://localhost:3111/_next/static/chunks/node_modules_next_dist_1e8vcs8._.js:776
[  377122ms] [LOG] [Fast Refresh] done in 83ms @ http://localhost:3111/_next/static/chunks/node_modules_next_dist_1e8vcs8._.js:776
[  377172ms] [LOG] [Fast Refresh] done in 83ms @ http://localhost:3111/_next/static/chunks/node_modules_next_dist_1e8vcs8._.js:776
[  377222ms] [LOG] [Fast Refresh] done in 83ms @ http://localhost:3111/_next/static/chunks/node_modules_next_dist_1e8vcs8._.js:776
[  377273ms] [LOG] [Fast Refresh] done in 83ms @ http://localhost:3111/_next/static/chunks/node_modules_next_dist_1e8vcs8._.js:776
[  377322ms] [LOG] [Fast Refresh] done in 83ms @ http://localhost:3111/_next/static/chunks/node_modules_next_dist_1e8vcs8._.js:776
[  377373ms] [LOG] [Fast Refresh] done in 83ms @ http://localhost:3111/_next/static/chunks/node_modules_next_dist_1e8vcs8._.js:776
[  377423ms] [LOG] [Fast Refresh] done in 83ms @ http://localhost:3111/_next/static/chunks/node_modules_next_dist_1e8vcs8._.js:776
[  377489ms] [LOG] [Fast Refresh] done in 83ms @ http://localhost:3111/_next/static/chunks/node_modules_next_dist_1e8vcs8._.js:776
[  377539ms] [LOG] [Fast Refresh] done in 83ms @ http://localhost:3111/_next/static/chunks/node_modules_next_dist_1e8vcs8._.js:776
[  377590ms] [LOG] [Fast Refresh] done in 83ms @ http://localhost:3111/_next/static/chunks/node_modules_next_dist_1e8vcs8._.js:776
[  377638ms] [LOG] [Fast Refresh] done in 83ms @ http://localhost:3111/_next/static/chunks/node_modules_next_dist_1e8vcs8._.js:776
[  377689ms] [LOG] [Fast Refresh] done in 83ms @ http://localhost:3111/_next/static/chunks/node_modules_next_dist_1e8vcs8._.js:776
[  377740ms] [LOG] [Fast Refresh] done in 83ms @ http://localhost:3111/_next/static/chunks/node_modules_next_dist_1e8vcs8._.js:776
[  377789ms] [LOG] [Fast Refresh] done in 83ms @ http://localhost:3111/_next/static/chunks/node_modules_next_dist_1e8vcs8._.js:776
[  377839ms] [LOG] [Fast Refresh] done in 83ms @ http://localhost:3111/_next/static/chunks/node_modules_next_dist_1e8vcs8._.js:776
[  377902ms] [LOG] [Fast Refresh] done in 83ms @ http://localhost:3111/_next/static/chunks/node_modules_next_dist_1e8vcs8._.js:776
[  377939ms] [LOG] [Fast Refresh] done in 83ms @ http://localhost:3111/_next/static/chunks/node_modules_next_dist_1e8vcs8._.js:776
[  377990ms] [LOG] [Fast Refresh] done in 83ms @ http://localhost:3111/_next/static/chunks/node_modules_next_dist_1e8vcs8._.js:776
[  378039ms] [LOG] [Fast Refresh] done in 83ms @ http://localhost:3111/_next/static/chunks/node_modules_next_dist_1e8vcs8._.js:776
[  378089ms] [LOG] [Fast Refresh] done in 83ms @ http://localhost:3111/_next/static/chunks/node_modules_next_dist_1e8vcs8._.js:776
[  378138ms] [LOG] [Fast Refresh] done in 83ms @ http://localhost:3111/_next/static/chunks/node_modules_next_dist_1e8vcs8._.js:776
[  378189ms] [LOG] [Fast Refresh] done in 83ms @ http://localhost:3111/_next/static/chunks/node_modules_next_dist_1e8vcs8._.js:776
[  378240ms] [LOG] [Fast Refresh] done in 83ms @ http://localhost:3111/_next/static/chunks/node_modules_next_dist_1e8vcs8._.js:776
[  378288ms] [LOG] [Fast Refresh] done in 83ms @ http://localhost:3111/_next/static/chunks/node_modules_next_dist_1e8vcs8._.js:776
[  378339ms] [LOG] [Fast Refresh] done in 83ms @ http://localhost:3111/_next/static/chunks/node_modules_next_dist_1e8vcs8._.js:776
[  378402ms] [LOG] [Fast Refresh] done in 83ms @ http://localhost:3111/_next/static/chunks/node_modules_next_dist_1e8vcs8._.js:776
[  378454ms] [LOG] [Fast Refresh] done in 83ms @ http://localhost:3111/_next/static/chunks/node_modules_next_dist_1e8vcs8._.js:776
[  378505ms] [LOG] [Fast Refresh] done in 83ms @ http://localhost:3111/_next/static/chunks/node_modules_next_dist_1e8vcs8._.js:776
[  378555ms] [LOG] [Fast Refresh] done in 83ms @ http://localhost:3111/_next/static/chunks/node_modules_next_dist_1e8vcs8._.js:776
[  378606ms] [LOG] [Fast Refresh] done in 83ms @ http://localhost:3111/_next/static/chunks/node_modules_next_dist_1e8vcs8._.js:776
[  378656ms] [LOG] [Fast Refresh] done in 83ms @ http://localhost:3111/_next/static/chunks/node_modules_next_dist_1e8vcs8._.js:776
[  378705ms] [LOG] [Fast Refresh] done in 83ms @ http://localhost:3111/_next/static/chunks/node_modules_next_dist_1e8vcs8._.js:776
[  378755ms] [LOG] [Fast Refresh] done in 83ms @ http://localhost:3111/_next/static/chunks/node_modules_next_dist_1e8vcs8._.js:776
[  378806ms] [LOG] [Fast Refresh] done in 83ms @ http://localhost:3111/_next/static/chunks/node_modules_next_dist_1e8vcs8._.js:776
[  378855ms] [LOG] [Fast Refresh] done in 83ms @ http://localhost:3111/_next/static/chunks/node_modules_next_dist_1e8vcs8._.js:776
[  378917ms] [LOG] [Fast Refresh] done in 83ms @ http://localhost:3111/_next/static/chunks/node_modules_next_dist_1e8vcs8._.js:776
[  378969ms] [LOG] [Fast Refresh] done in 83ms @ http://localhost:3111/_next/static/chunks/node_modules_next_dist_1e8vcs8._.js:776
[  379038ms] [LOG] [Fast Refresh] done in 83ms @ http://localhost:3111/_next/static/chunks/node_modules_next_dist_1e8vcs8._.js:776
[  379089ms] [LOG] [Fast Refresh] done in 83ms @ http://localhost:3111/_next/static/chunks/node_modules_next_dist_1e8vcs8._.js:776
[  379138ms] [LOG] [Fast Refresh] done in 83ms @ http://localhost:3111/_next/static/chunks/node_modules_next_dist_1e8vcs8._.js:776
[  379189ms] [LOG] [Fast Refresh] done in 83ms @ http://localhost:3111/_next/static/chunks/node_modules_next_dist_1e8vcs8._.js:776
[  379239ms] [LOG] [Fast Refresh] done in 83ms @ http://localhost:3111/_next/static/chunks/node_modules_next_dist_1e8vcs8._.js:776
[  379287ms] [LOG] [Fast Refresh] done in 83ms @ http://localhost:3111/_next/static/chunks/node_modules_next_dist_1e8vcs8._.js:776
[  379339ms] [LOG] [Fast Refresh] done in 83ms @ http://localhost:3111/_next/static/chunks/node_modules_next_dist_1e8vcs8._.js:776
[  379402ms] [LOG] [Fast Refresh] done in 83ms @ http://localhost:3111/_next/static/chunks/node_modules_next_dist_1e8vcs8._.js:776
[  379456ms] [LOG] [Fast Refresh] done in 83ms @ http://localhost:3111/_next/static/chunks/node_modules_next_dist_1e8vcs8._.js:776
[  379505ms] [LOG] [Fast Refresh] done in 83ms @ http://localhost:3111/_next/static/chunks/node_modules_next_dist_1e8vcs8._.js:776
[  379556ms] [LOG] [Fast Refresh] done in 83ms @ http://localhost:3111/_next/static/chunks/node_modules_next_dist_1e8vcs8._.js:776
[  379604ms] [LOG] [Fast Refresh] done in 83ms @ http://localhost:3111/_next/static/chunks/node_modules_next_dist_1e8vcs8._.js:776
[  379655ms] [LOG] [Fast Refresh] done in 83ms @ http://localhost:3111/_next/static/chunks/node_modules_next_dist_1e8vcs8._.js:776
[  379705ms] [LOG] [Fast Refresh] done in 83ms @ http://localhost:3111/_next/static/chunks/node_modules_next_dist_1e8vcs8._.js:776
[  379756ms] [LOG] [Fast Refresh] done in 83ms @ http://localhost:3111/_next/static/chunks/node_modules_next_dist_1e8vcs8._.js:776
[  379805ms] [LOG] [Fast Refresh] done in 83ms @ http://localhost:3111/_next/static/chunks/node_modules_next_dist_1e8vcs8._.js:776
[  379855ms] [LOG] [Fast Refresh] done in 83ms @ http://localhost:3111/_next/static/chunks/node_modules_next_dist_1e8vcs8._.js:776
[  379902ms] [LOG] [Fast Refresh] done in 83ms @ http://localhost:3111/_next/static/chunks/node_modules_next_dist_1e8vcs8._.js:776
[  379955ms] [LOG] [Fast Refresh] done in 83ms @ http://localhost:3111/_next/static/chunks/node_modules_next_dist_1e8vcs8._.js:776
[  380005ms] [LOG] [Fast Refresh] done in 83ms @ http://localhost:3111/_next/static/chunks/node_modules_next_dist_1e8vcs8._.js:776
[  380055ms] [LOG] [Fast Refresh] done in 83ms @ http://localhost:3111/_next/static/chunks/node_modules_next_dist_1e8vcs8._.js:776
[  380104ms] [LOG] [Fast Refresh] done in 83ms @ http://localhost:3111/_next/static/chunks/node_modules_next_dist_1e8vcs8._.js:776
[  380155ms] [LOG] [Fast Refresh] done in 83ms @ http://localhost:3111/_next/static/chunks/node_modules_next_dist_1e8vcs8._.js:776
[  380205ms] [LOG] [Fast Refresh] done in 83ms @ http://localhost:3111/_next/static/chunks/node_modules_next_dist_1e8vcs8._.js:776
[  380255ms] [LOG] [Fast Refresh] done in 83ms @ http://localhost:3111/_next/static/chunks/node_modules_next_dist_1e8vcs8._.js:776
[  380305ms] [LOG] [Fast Refresh] done in 83ms @ http://localhost:3111/_next/static/chunks/node_modules_next_dist_1e8vcs8._.js:776
[  380356ms] [LOG] [Fast Refresh] done in 83ms @ http://localhost:3111/_next/static/chunks/node_modules_next_dist_1e8vcs8._.js:776
[  380422ms] [LOG] [Fast Refresh] done in 83ms @ http://localhost:3111/_next/static/chunks/node_modules_next_dist_1e8vcs8._.js:776
[  380472ms] [LOG] [Fast Refresh] done in 83ms @ http://localhost:3111/_next/static/chunks/node_modules_next_dist_1e8vcs8._.js:776
[  380522ms] [LOG] [Fast Refresh] done in 83ms @ http://localhost:3111/_next/static/chunks/node_modules_next_dist_1e8vcs8._.js:776
[  380572ms] [LOG] [Fast Refresh] done in 83ms @ http://localhost:3111/_next/static/chunks/node_modules_next_dist_1e8vcs8._.js:776
[  380622ms] [LOG] [Fast Refresh] done in 83ms @ http://localhost:3111/_next/static/chunks/node_modules_next_dist_1e8vcs8._.js:776
[  380669ms] [LOG] [Fast Refresh] done in 83ms @ http://localhost:3111/_next/static/chunks/node_modules_next_dist_1e8vcs8._.js:776
[  380722ms] [LOG] [Fast Refresh] done in 83ms @ http://localhost:3111/_next/static/chunks/node_modules_next_dist_1e8vcs8._.js:776
[  380772ms] [LOG] [Fast Refresh] done in 83ms @ http://localhost:3111/_next/static/chunks/node_modules_next_dist_1e8vcs8._.js:776
[  380821ms] [LOG] [Fast Refresh] done in 83ms @ http://localhost:3111/_next/static/chunks/node_modules_next_dist_1e8vcs8._.js:776
[  380886ms] [LOG] [Fast Refresh] done in 83ms @ http://localhost:3111/_next/static/chunks/node_modules_next_dist_1e8vcs8._.js:776
[  380939ms] [LOG] [Fast Refresh] done in 83ms @ http://localhost:3111/_next/static/chunks/node_modules_next_dist_1e8vcs8._.js:776
[  380989ms] [LOG] [Fast Refresh] done in 83ms @ http://localhost:3111/_next/static/chunks/node_modules_next_dist_1e8vcs8._.js:776
[  381039ms] [LOG] [Fast Refresh] done in 83ms @ http://localhost:3111/_next/static/chunks/node_modules_next_dist_1e8vcs8._.js:776
[  381089ms] [LOG] [Fast Refresh] done in 83ms @ http://localhost:3111/_next/static/chunks/node_modules_next_dist_1e8vcs8._.js:776
[  381139ms] [LOG] [Fast Refresh] done in 83ms @ http://localhost:3111/_next/static/chunks/node_modules_next_dist_1e8vcs8._.js:776
[  381239ms] [LOG] [Fast Refresh] done in 83ms @ http://localhost:3111/_next/static/chunks/node_modules_next_dist_1e8vcs8._.js:776
[  381287ms] [LOG] [Fast Refresh] done in 83ms @ http://localhost:3111/_next/static/chunks/node_modules_next_dist_1e8vcs8._.js:776
[  381339ms] [LOG] [Fast Refresh] done in 83ms @ http://localhost:3111/_next/static/chunks/node_modules_next_dist_1e8vcs8._.js:776
[  381402ms] [LOG] [Fast Refresh] done in 83ms @ http://localhost:3111/_next/static/chunks/node_modules_next_dist_1e8vcs8._.js:776
[  381455ms] [LOG] [Fast Refresh] done in 83ms @ http://localhost:3111/_next/static/chunks/node_modules_next_dist_1e8vcs8._.js:776
[  381506ms] [LOG] [Fast Refresh] done in 83ms @ http://localhost:3111/_next/static/chunks/node_modules_next_dist_1e8vcs8._.js:776
[  381573ms] [LOG] [Fast Refresh] done in 83ms @ http://localhost:3111/_next/static/chunks/node_modules_next_dist_1e8vcs8._.js:776
[  381622ms] [LOG] [Fast Refresh] done in 83ms @ http://localhost:3111/_next/static/chunks/node_modules_next_dist_1e8vcs8._.js:776
[  381672ms] [LOG] [Fast Refresh] done in 83ms @ http://localhost:3111/_next/static/chunks/node_modules_next_dist_1e8vcs8._.js:776
[  381722ms] [LOG] [Fast Refresh] done in 83ms @ http://localhost:3111/_next/static/chunks/node_modules_next_dist_1e8vcs8._.js:776
[  381772ms] [LOG] [Fast Refresh] done in 83ms @ http://localhost:3111/_next/static/chunks/node_modules_next_dist_1e8vcs8._.js:776
[  381824ms] [LOG] [Fast Refresh] done in 83ms @ http://localhost:3111/_next/static/chunks/node_modules_next_dist_1e8vcs8._.js:776
[  381874ms] [LOG] [Fast Refresh] done in 83ms @ http://localhost:3111/_next/static/chunks/node_modules_next_dist_1e8vcs8._.js:776
[  381924ms] [LOG] [Fast Refresh] done in 83ms @ http://localhost:3111/_next/static/chunks/node_modules_next_dist_1e8vcs8._.js:776
[  381973ms] [LOG] [Fast Refresh] done in 83ms @ http://localhost:3111/_next/static/chunks/node_modules_next_dist_1e8vcs8._.js:776
[  382022ms] [LOG] [Fast Refresh] done in 83ms @ http://localhost:3111/_next/static/chunks/node_modules_next_dist_1e8vcs8._.js:776
[  382072ms] [LOG] [Fast Refresh] done in 83ms @ http://localhost:3111/_next/static/chunks/node_modules_next_dist_1e8vcs8._.js:776
[  382124ms] [LOG] [Fast Refresh] done in 83ms @ http://localhost:3111/_next/static/chunks/node_modules_next_dist_1e8vcs8._.js:776
[  382175ms] [LOG] [Fast Refresh] done in 83ms @ http://localhost:3111/_next/static/chunks/node_modules_next_dist_1e8vcs8._.js:776
[  382257ms] [LOG] [Fast Refresh] done in 83ms @ http://localhost:3111/_next/static/chunks/node_modules_next_dist_1e8vcs8._.js:776
[  382322ms] [LOG] [Fast Refresh] done in 83ms @ http://localhost:3111/_next/static/chunks/node_modules_next_dist_1e8vcs8._.js:776
[  382372ms] [LOG] [Fast Refresh] done in 83ms @ http://localhost:3111/_next/static/chunks/node_modules_next_dist_1e8vcs8._.js:776
[  382422ms] [LOG] [Fast Refresh] done in 83ms @ http://localhost:3111/_next/static/chunks/node_modules_next_dist_1e8vcs8._.js:776
[  382472ms] [LOG] [Fast Refresh] done in 83ms @ http://localhost:3111/_next/static/chunks/node_modules_next_dist_1e8vcs8._.js:776
[  382522ms] [LOG] [Fast Refresh] done in 83ms @ http://localhost:3111/_next/static/chunks/node_modules_next_dist_1e8vcs8._.js:776
[  382571ms] [LOG] [Fast Refresh] done in 83ms @ http://localhost:3111/_next/static/chunks/node_modules_next_dist_1e8vcs8._.js:776
[  382622ms] [LOG] [Fast Refresh] done in 83ms @ http://localhost:3111/_next/static/chunks/node_modules_next_dist_1e8vcs8._.js:776
[  382672ms] [LOG] [Fast Refresh] done in 83ms @ http://localhost:3111/_next/static/chunks/node_modules_next_dist_1e8vcs8._.js:776
[  382722ms] [LOG] [Fast Refresh] done in 83ms @ http://localhost:3111/_next/static/chunks/node_modules_next_dist_1e8vcs8._.js:776
[  382771ms] [LOG] [Fast Refresh] done in 83ms @ http://localhost:3111/_next/static/chunks/node_modules_next_dist_1e8vcs8._.js:776
[  382822ms] [LOG] [Fast Refresh] done in 83ms @ http://localhost:3111/_next/static/chunks/node_modules_next_dist_1e8vcs8._.js:776
[  382872ms] [LOG] [Fast Refresh] done in 83ms @ http://localhost:3111/_next/static/chunks/node_modules_next_dist_1e8vcs8._.js:776
[  382922ms] [LOG] [Fast Refresh] done in 83ms @ http://localhost:3111/_next/static/chunks/node_modules_next_dist_1e8vcs8._.js:776
[  382972ms] [LOG] [Fast Refresh] done in 83ms @ http://localhost:3111/_next/static/chunks/node_modules_next_dist_1e8vcs8._.js:776
[  383023ms] [LOG] [Fast Refresh] done in 83ms @ http://localhost:3111/_next/static/chunks/node_modules_next_dist_1e8vcs8._.js:776
[  383071ms] [LOG] [Fast Refresh] done in 83ms @ http://localhost:3111/_next/static/chunks/node_modules_next_dist_1e8vcs8._.js:776
[  383122ms] [LOG] [Fast Refresh] done in 83ms @ http://localhost:3111/_next/static/chunks/node_modules_next_dist_1e8vcs8._.js:776
[  383172ms] [LOG] [Fast Refresh] done in 83ms @ http://localhost:3111/_next/static/chunks/node_modules_next_dist_1e8vcs8._.js:776
[  383222ms] [LOG] [Fast Refresh] done in 83ms @ http://localhost:3111/_next/static/chunks/node_modules_next_dist_1e8vcs8._.js:776
[  383272ms] [LOG] [Fast Refresh] done in 83ms @ http://localhost:3111/_next/static/chunks/node_modules_next_dist_1e8vcs8._.js:776
[  383322ms] [LOG] [Fast Refresh] done in 83ms @ http://localhost:3111/_next/static/chunks/node_modules_next_dist_1e8vcs8._.js:776
[  383372ms] [LOG] [Fast Refresh] done in 83ms @ http://localhost:3111/_next/static/chunks/node_modules_next_dist_1e8vcs8._.js:776
[  383435ms] [LOG] [Fast Refresh] done in 83ms @ http://localhost:3111/_next/static/chunks/node_modules_next_dist_1e8vcs8._.js:776
[  383489ms] [LOG] [Fast Refresh] done in 83ms @ http://localhost:3111/_next/static/chunks/node_modules_next_dist_1e8vcs8._.js:776
[  383539ms] [LOG] [Fast Refresh] done in 83ms @ http://localhost:3111/_next/static/chunks/node_modules_next_dist_1e8vcs8._.js:776
[  383588ms] [LOG] [Fast Refresh] done in 83ms @ http://localhost:3111/_next/static/chunks/node_modules_next_dist_1e8vcs8._.js:776
[  383638ms] [LOG] [Fast Refresh] done in 83ms @ http://localhost:3111/_next/static/chunks/node_modules_next_dist_1e8vcs8._.js:776
[  383686ms] [LOG] [Fast Refresh] done in 83ms @ http://localhost:3111/_next/static/chunks/node_modules_next_dist_1e8vcs8._.js:776
[  383736ms] [LOG] [Fast Refresh] done in 83ms @ http://localhost:3111/_next/static/chunks/node_modules_next_dist_1e8vcs8._.js:776
[  383789ms] [LOG] [Fast Refresh] done in 83ms @ http://localhost:3111/_next/static/chunks/node_modules_next_dist_1e8vcs8._.js:776
[  383838ms] [LOG] [Fast Refresh] done in 83ms @ http://localhost:3111/_next/static/chunks/node_modules_next_dist_1e8vcs8._.js:776
[  383889ms] [LOG] [Fast Refresh] done in 83ms @ http://localhost:3111/_next/static/chunks/node_modules_next_dist_1e8vcs8._.js:776
[  383938ms] [LOG] [Fast Refresh] done in 83ms @ http://localhost:3111/_next/static/chunks/node_modules_next_dist_1e8vcs8._.js:776
[  383988ms] [LOG] [Fast Refresh] done in 83ms @ http://localhost:3111/_next/static/chunks/node_modules_next_dist_1e8vcs8._.js:776
[  384039ms] [LOG] [Fast Refresh] done in 83ms @ http://localhost:3111/_next/static/chunks/node_modules_next_dist_1e8vcs8._.js:776
[  384089ms] [LOG] [Fast Refresh] done in 83ms @ http://localhost:3111/_next/static/chunks/node_modules_next_dist_1e8vcs8._.js:776
[  384138ms] [LOG] [Fast Refresh] done in 83ms @ http://localhost:3111/_next/static/chunks/node_modules_next_dist_1e8vcs8._.js:776
[  384189ms] [LOG] [Fast Refresh] done in 83ms @ http://localhost:3111/_next/static/chunks/node_modules_next_dist_1e8vcs8._.js:776
[  384238ms] [LOG] [Fast Refresh] done in 83ms @ http://localhost:3111/_next/static/chunks/node_modules_next_dist_1e8vcs8._.js:776
[  384289ms] [LOG] [Fast Refresh] done in 83ms @ http://localhost:3111/_next/static/chunks/node_modules_next_dist_1e8vcs8._.js:776
[  384339ms] [LOG] [Fast Refresh] done in 83ms @ http://localhost:3111/_next/static/chunks/node_modules_next_dist_1e8vcs8._.js:776
[  384389ms] [LOG] [Fast Refresh] done in 83ms @ http://localhost:3111/_next/static/chunks/node_modules_next_dist_1e8vcs8._.js:776
[  384438ms] [LOG] [Fast Refresh] done in 83ms @ http://localhost:3111/_next/static/chunks/node_modules_next_dist_1e8vcs8._.js:776
[  384489ms] [LOG] [Fast Refresh] done in 83ms @ http://localhost:3111/_next/static/chunks/node_modules_next_dist_1e8vcs8._.js:776
[  384538ms] [LOG] [Fast Refresh] done in 83ms @ http://localhost:3111/_next/static/chunks/node_modules_next_dist_1e8vcs8._.js:776
[  384586ms] [LOG] [Fast Refresh] done in 83ms @ http://localhost:3111/_next/static/chunks/node_modules_next_dist_1e8vcs8._.js:776
[  384638ms] [LOG] [Fast Refresh] done in 83ms @ http://localhost:3111/_next/static/chunks/node_modules_next_dist_1e8vcs8._.js:776
[  384689ms] [LOG] [Fast Refresh] done in 83ms @ http://localhost:3111/_next/static/chunks/node_modules_next_dist_1e8vcs8._.js:776
[  384738ms] [LOG] [Fast Refresh] done in 83ms @ http://localhost:3111/_next/static/chunks/node_modules_next_dist_1e8vcs8._.js:776
[  384788ms] [LOG] [Fast Refresh] done in 83ms @ http://localhost:3111/_next/static/chunks/node_modules_next_dist_1e8vcs8._.js:776
[  384838ms] [LOG] [Fast Refresh] done in 83ms @ http://localhost:3111/_next/static/chunks/node_modules_next_dist_1e8vcs8._.js:776
[  384901ms] [LOG] [Fast Refresh] done in 83ms @ http://localhost:3111/_next/static/chunks/node_modules_next_dist_1e8vcs8._.js:776
[  384953ms] [LOG] [Fast Refresh] done in 83ms @ http://localhost:3111/_next/static/chunks/node_modules_next_dist_1e8vcs8._.js:776
[  385005ms] [LOG] [Fast Refresh] done in 83ms @ http://localhost:3111/_next/static/chunks/node_modules_next_dist_1e8vcs8._.js:776
[  385055ms] [LOG] [Fast Refresh] done in 83ms @ http://localhost:3111/_next/static/chunks/node_modules_next_dist_1e8vcs8._.js:776
[  385105ms] [LOG] [Fast Refresh] done in 83ms @ http://localhost:3111/_next/static/chunks/node_modules_next_dist_1e8vcs8._.js:776
[  385152ms] [LOG] [Fast Refresh] done in 83ms @ http://localhost:3111/_next/static/chunks/node_modules_next_dist_1e8vcs8._.js:776
[  385205ms] [LOG] [Fast Refresh] done in 83ms @ http://localhost:3111/_next/static/chunks/node_modules_next_dist_1e8vcs8._.js:776
[  385255ms] [LOG] [Fast Refresh] done in 83ms @ http://localhost:3111/_next/static/chunks/node_modules_next_dist_1e8vcs8._.js:776
[  385338ms] [LOG] [Fast Refresh] done in 83ms @ http://localhost:3111/_next/static/chunks/node_modules_next_dist_1e8vcs8._.js:776
[  385388ms] [LOG] [Fast Refresh] done in 83ms @ http://localhost:3111/_next/static/chunks/node_modules_next_dist_1e8vcs8._.js:776
[  385435ms] [LOG] [Fast Refresh] done in 83ms @ http://localhost:3111/_next/static/chunks/node_modules_next_dist_1e8vcs8._.js:776
[  385488ms] [LOG] [Fast Refresh] done in 83ms @ http://localhost:3111/_next/static/chunks/node_modules_next_dist_1e8vcs8._.js:776
[  385538ms] [LOG] [Fast Refresh] done in 83ms @ http://localhost:3111/_next/static/chunks/node_modules_next_dist_1e8vcs8._.js:776
[  385588ms] [LOG] [Fast Refresh] done in 83ms @ http://localhost:3111/_next/static/chunks/node_modules_next_dist_1e8vcs8._.js:776
[  385635ms] [LOG] [Fast Refresh] done in 83ms @ http://localhost:3111/_next/static/chunks/node_modules_next_dist_1e8vcs8._.js:776
[  385688ms] [LOG] [Fast Refresh] done in 83ms @ http://localhost:3111/_next/static/chunks/node_modules_next_dist_1e8vcs8._.js:776
[  385738ms] [LOG] [Fast Refresh] done in 83ms @ http://localhost:3111/_next/static/chunks/node_modules_next_dist_1e8vcs8._.js:776
[  385788ms] [LOG] [Fast Refresh] done in 83ms @ http://localhost:3111/_next/static/chunks/node_modules_next_dist_1e8vcs8._.js:776
[  385838ms] [LOG] [Fast Refresh] done in 83ms @ http://localhost:3111/_next/static/chunks/node_modules_next_dist_1e8vcs8._.js:776
[  385885ms] [LOG] [Fast Refresh] done in 83ms @ http://localhost:3111/_next/static/chunks/node_modules_next_dist_1e8vcs8._.js:776
[  385938ms] [LOG] [Fast Refresh] done in 83ms @ http://localhost:3111/_next/static/chunks/node_modules_next_dist_1e8vcs8._.js:776
[  385988ms] [LOG] [Fast Refresh] done in 83ms @ http://localhost:3111/_next/static/chunks/node_modules_next_dist_1e8vcs8._.js:776
[  386038ms] [LOG] [Fast Refresh] done in 83ms @ http://localhost:3111/_next/static/chunks/node_modules_next_dist_1e8vcs8._.js:776
[  386088ms] [LOG] [Fast Refresh] done in 83ms @ http://localhost:3111/_next/static/chunks/node_modules_next_dist_1e8vcs8._.js:776
[  386138ms] [LOG] [Fast Refresh] done in 83ms @ http://localhost:3111/_next/static/chunks/node_modules_next_dist_1e8vcs8._.js:776
[  386188ms] [LOG] [Fast Refresh] done in 83ms @ http://localhost:3111/_next/static/chunks/node_modules_next_dist_1e8vcs8._.js:776
[  386238ms] [LOG] [Fast Refresh] done in 83ms @ http://localhost:3111/_next/static/chunks/node_modules_next_dist_1e8vcs8._.js:776
[  386302ms] [LOG] [Fast Refresh] done in 83ms @ http://localhost:3111/_next/static/chunks/node_modules_next_dist_1e8vcs8._.js:776
[  386355ms] [LOG] [Fast Refresh] done in 83ms @ http://localhost:3111/_next/static/chunks/node_modules_next_dist_1e8vcs8._.js:776
[  386416ms] [LOG] [Fast Refresh] done in 83ms @ http://localhost:3111/_next/static/chunks/node_modules_next_dist_1e8vcs8._.js:776
[  386455ms] [LOG] [Fast Refresh] done in 83ms @ http://localhost:3111/_next/static/chunks/node_modules_next_dist_1e8vcs8._.js:776
[  386505ms] [LOG] [Fast Refresh] done in 83ms @ http://localhost:3111/_next/static/chunks/node_modules_next_dist_1e8vcs8._.js:776
[  386551ms] [LOG] [Fast Refresh] done in 83ms @ http://localhost:3111/_next/static/chunks/node_modules_next_dist_1e8vcs8._.js:776
[  386604ms] [LOG] [Fast Refresh] done in 83ms @ http://localhost:3111/_next/static/chunks/node_modules_next_dist_1e8vcs8._.js:776
[  386654ms] [LOG] [Fast Refresh] done in 83ms @ http://localhost:3111/_next/static/chunks/node_modules_next_dist_1e8vcs8._.js:776
[  386988ms] [LOG] [Fast Refresh] done in 83ms @ http://localhost:3111/_next/static/chunks/node_modules_next_dist_1e8vcs8._.js:776
[  387038ms] [LOG] [Fast Refresh] done in 83ms @ http://localhost:3111/_next/static/chunks/node_modules_next_dist_1e8vcs8._.js:776
[  387086ms] [LOG] [Fast Refresh] done in 83ms @ http://localhost:3111/_next/static/chunks/node_modules_next_dist_1e8vcs8._.js:776
[  387138ms] [LOG] [Fast Refresh] done in 83ms @ http://localhost:3111/_next/static/chunks/node_modules_next_dist_1e8vcs8._.js:776
[  387188ms] [LOG] [Fast Refresh] done in 83ms @ http://localhost:3111/_next/static/chunks/node_modules_next_dist_1e8vcs8._.js:776
[  387238ms] [LOG] [Fast Refresh] done in 83ms @ http://localhost:3111/_next/static/chunks/node_modules_next_dist_1e8vcs8._.js:776
[  387287ms] [LOG] [Fast Refresh] done in 83ms @ http://localhost:3111/_next/static/chunks/node_modules_next_dist_1e8vcs8._.js:776
[  387338ms] [LOG] [Fast Refresh] done in 83ms @ http://localhost:3111/_next/static/chunks/node_modules_next_dist_1e8vcs8._.js:776
[  387387ms] [LOG] [Fast Refresh] done in 83ms @ http://localhost:3111/_next/static/chunks/node_modules_next_dist_1e8vcs8._.js:776
[  387438ms] [LOG] [Fast Refresh] done in 83ms @ http://localhost:3111/_next/static/chunks/node_modules_next_dist_1e8vcs8._.js:776
[  387488ms] [LOG] [Fast Refresh] done in 83ms @ http://localhost:3111/_next/static/chunks/node_modules_next_dist_1e8vcs8._.js:776
[  387538ms] [LOG] [Fast Refresh] done in 83ms @ http://localhost:3111/_next/static/chunks/node_modules_next_dist_1e8vcs8._.js:776
[  387587ms] [LOG] [Fast Refresh] done in 83ms @ http://localhost:3111/_next/static/chunks/node_modules_next_dist_1e8vcs8._.js:776
[  387635ms] [LOG] [Fast Refresh] done in 83ms @ http://localhost:3111/_next/static/chunks/node_modules_next_dist_1e8vcs8._.js:776
[  387685ms] [LOG] [Fast Refresh] done in 83ms @ http://localhost:3111/_next/static/chunks/node_modules_next_dist_1e8vcs8._.js:776
[  387737ms] [LOG] [Fast Refresh] done in 83ms @ http://localhost:3111/_next/static/chunks/node_modules_next_dist_1e8vcs8._.js:776
[  387786ms] [LOG] [Fast Refresh] done in 83ms @ http://localhost:3111/_next/static/chunks/node_modules_next_dist_1e8vcs8._.js:776
[  387838ms] [LOG] [Fast Refresh] done in 83ms @ http://localhost:3111/_next/static/chunks/node_modules_next_dist_1e8vcs8._.js:776
[  387889ms] [LOG] [Fast Refresh] done in 83ms @ http://localhost:3111/_next/static/chunks/node_modules_next_dist_1e8vcs8._.js:776
[  387936ms] [LOG] [Fast Refresh] done in 83ms @ http://localhost:3111/_next/static/chunks/node_modules_next_dist_1e8vcs8._.js:776
[  387989ms] [LOG] [Fast Refresh] done in 83ms @ http://localhost:3111/_next/static/chunks/node_modules_next_dist_1e8vcs8._.js:776
[  388354ms] [LOG] [Fast Refresh] done in 83ms @ http://localhost:3111/_next/static/chunks/node_modules_next_dist_1e8vcs8._.js:776
[  388402ms] [LOG] [Fast Refresh] done in 83ms @ http://localhost:3111/_next/static/chunks/node_modules_next_dist_1e8vcs8._.js:776
[  388455ms] [LOG] [Fast Refresh] done in 83ms @ http://localhost:3111/_next/static/chunks/node_modules_next_dist_1e8vcs8._.js:776
[  388505ms] [LOG] [Fast Refresh] done in 83ms @ http://localhost:3111/_next/static/chunks/node_modules_next_dist_1e8vcs8._.js:776
[  388572ms] [LOG] [Fast Refresh] done in 83ms @ http://localhost:3111/_next/static/chunks/node_modules_next_dist_1e8vcs8._.js:776
[  388621ms] [LOG] [Fast Refresh] done in 83ms @ http://localhost:3111/_next/static/chunks/node_modules_next_dist_1e8vcs8._.js:776
[  388688ms] [LOG] [Fast Refresh] done in 83ms @ http://localhost:3111/_next/static/chunks/node_modules_next_dist_1e8vcs8._.js:776
[  388738ms] [LOG] [Fast Refresh] done in 83ms @ http://localhost:3111/_next/static/chunks/node_modules_next_dist_1e8vcs8._.js:776
[  388788ms] [LOG] [Fast Refresh] done in 83ms @ http://localhost:3111/_next/static/chunks/node_modules_next_dist_1e8vcs8._.js:776
[  388838ms] [LOG] [Fast Refresh] done in 83ms @ http://localhost:3111/_next/static/chunks/node_modules_next_dist_1e8vcs8._.js:776
[  388901ms] [LOG] [Fast Refresh] done in 83ms @ http://localhost:3111/_next/static/chunks/node_modules_next_dist_1e8vcs8._.js:776
[  388954ms] [LOG] [Fast Refresh] done in 83ms @ http://localhost:3111/_next/static/chunks/node_modules_next_dist_1e8vcs8._.js:776
[  389005ms] [LOG] [Fast Refresh] done in 83ms @ http://localhost:3111/_next/static/chunks/node_modules_next_dist_1e8vcs8._.js:776
[  389055ms] [LOG] [Fast Refresh] done in 83ms @ http://localhost:3111/_next/static/chunks/node_modules_next_dist_1e8vcs8._.js:776
[  389105ms] [LOG] [Fast Refresh] done in 83ms @ http://localhost:3111/_next/static/chunks/node_modules_next_dist_1e8vcs8._.js:776
[  389152ms] [LOG] [Fast Refresh] done in 83ms @ http://localhost:3111/_next/static/chunks/node_modules_next_dist_1e8vcs8._.js:776
[  389202ms] [LOG] [Fast Refresh] done in 83ms @ http://localhost:3111/_next/static/chunks/node_modules_next_dist_1e8vcs8._.js:776
[  389270ms] [LOG] [Fast Refresh] done in 83ms @ http://localhost:3111/_next/static/chunks/node_modules_next_dist_1e8vcs8._.js:776
[  389321ms] [LOG] [Fast Refresh] done in 83ms @ http://localhost:3111/_next/static/chunks/node_modules_next_dist_1e8vcs8._.js:776
[  389384ms] [LOG] [Fast Refresh] done in 83ms @ http://localhost:3111/_next/static/chunks/node_modules_next_dist_1e8vcs8._.js:776
[  389455ms] [LOG] [Fast Refresh] done in 83ms @ http://localhost:3111/_next/static/chunks/node_modules_next_dist_1e8vcs8._.js:776
[  389502ms] [LOG] [Fast Refresh] done in 83ms @ http://localhost:3111/_next/static/chunks/node_modules_next_dist_1e8vcs8._.js:776
[  389554ms] [LOG] [Fast Refresh] done in 83ms @ http://localhost:3111/_next/static/chunks/node_modules_next_dist_1e8vcs8._.js:776
[  389604ms] [LOG] [Fast Refresh] done in 83ms @ http://localhost:3111/_next/static/chunks/node_modules_next_dist_1e8vcs8._.js:776
[  389652ms] [LOG] [Fast Refresh] done in 83ms @ http://localhost:3111/_next/static/chunks/node_modules_next_dist_1e8vcs8._.js:776
[  389704ms] [LOG] [Fast Refresh] done in 83ms @ http://localhost:3111/_next/static/chunks/node_modules_next_dist_1e8vcs8._.js:776
[  389754ms] [LOG] [Fast Refresh] done in 83ms @ http://localhost:3111/_next/static/chunks/node_modules_next_dist_1e8vcs8._.js:776
[  389804ms] [LOG] [Fast Refresh] done in 83ms @ http://localhost:3111/_next/static/chunks/node_modules_next_dist_1e8vcs8._.js:776
[  389855ms] [LOG] [Fast Refresh] done in 83ms @ http://localhost:3111/_next/static/chunks/node_modules_next_dist_1e8vcs8._.js:776
[  389915ms] [LOG] [Fast Refresh] done in 83ms @ http://localhost:3111/_next/static/chunks/node_modules_next_dist_1e8vcs8._.js:776
[  389954ms] [LOG] [Fast Refresh] done in 83ms @ http://localhost:3111/_next/static/chunks/node_modules_next_dist_1e8vcs8._.js:776
[  390005ms] [LOG] [Fast Refresh] done in 83ms @ http://localhost:3111/_next/static/chunks/node_modules_next_dist_1e8vcs8._.js:776
[  390053ms] [LOG] [Fast Refresh] done in 83ms @ http://localhost:3111/_next/static/chunks/node_modules_next_dist_1e8vcs8._.js:776
[  390104ms] [LOG] [Fast Refresh] done in 83ms @ http://localhost:3111/_next/static/chunks/node_modules_next_dist_1e8vcs8._.js:776
[  390156ms] [LOG] [Fast Refresh] done in 83ms @ http://localhost:3111/_next/static/chunks/node_modules_next_dist_1e8vcs8._.js:776
[  390204ms] [LOG] [Fast Refresh] done in 83ms @ http://localhost:3111/_next/static/chunks/node_modules_next_dist_1e8vcs8._.js:776
[  390255ms] [LOG] [Fast Refresh] done in 83ms @ http://localhost:3111/_next/static/chunks/node_modules_next_dist_1e8vcs8._.js:776
[  390304ms] [LOG] [Fast Refresh] done in 83ms @ http://localhost:3111/_next/static/chunks/node_modules_next_dist_1e8vcs8._.js:776
[  390354ms] [LOG] [Fast Refresh] done in 83ms @ http://localhost:3111/_next/static/chunks/node_modules_next_dist_1e8vcs8._.js:776
[  390416ms] [LOG] [Fast Refresh] done in 83ms @ http://localhost:3111/_next/static/chunks/node_modules_next_dist_1e8vcs8._.js:776
[  390456ms] [LOG] [Fast Refresh] done in 83ms @ http://localhost:3111/_next/static/chunks/node_modules_next_dist_1e8vcs8._.js:776
[  390504ms] [LOG] [Fast Refresh] done in 83ms @ http://localhost:3111/_next/static/chunks/node_modules_next_dist_1e8vcs8._.js:776
[  390552ms] [LOG] [Fast Refresh] done in 83ms @ http://localhost:3111/_next/static/chunks/node_modules_next_dist_1e8vcs8._.js:776
[  390604ms] [LOG] [Fast Refresh] done in 83ms @ http://localhost:3111/_next/static/chunks/node_modules_next_dist_1e8vcs8._.js:776
[  390654ms] [LOG] [Fast Refresh] done in 83ms @ http://localhost:3111/_next/static/chunks/node_modules_next_dist_1e8vcs8._.js:776
[  390704ms] [LOG] [Fast Refresh] done in 83ms @ http://localhost:3111/_next/static/chunks/node_modules_next_dist_1e8vcs8._.js:776
[  391371ms] [LOG] [Fast Refresh] done in 83ms @ http://localhost:3111/_next/static/chunks/node_modules_next_dist_1e8vcs8._.js:776
[  391435ms] [LOG] [Fast Refresh] done in 83ms @ http://localhost:3111/_next/static/chunks/node_modules_next_dist_1e8vcs8._.js:776
[  391472ms] [LOG] [Fast Refresh] done in 83ms @ http://localhost:3111/_next/static/chunks/node_modules_next_dist_1e8vcs8._.js:776
[  391521ms] [LOG] [Fast Refresh] done in 83ms @ http://localhost:3111/_next/static/chunks/node_modules_next_dist_1e8vcs8._.js:776
[  391570ms] [LOG] [Fast Refresh] done in 83ms @ http://localhost:3111/_next/static/chunks/node_modules_next_dist_1e8vcs8._.js:776
[  391621ms] [LOG] [Fast Refresh] done in 83ms @ http://localhost:3111/_next/static/chunks/node_modules_next_dist_1e8vcs8._.js:776
[  391669ms] [LOG] [Fast Refresh] done in 83ms @ http://localhost:3111/_next/static/chunks/node_modules_next_dist_1e8vcs8._.js:776
[  391721ms] [LOG] [Fast Refresh] done in 83ms @ http://localhost:3111/_next/static/chunks/node_modules_next_dist_1e8vcs8._.js:776
[  391771ms] [LOG] [Fast Refresh] done in 83ms @ http://localhost:3111/_next/static/chunks/node_modules_next_dist_1e8vcs8._.js:776
[  391821ms] [LOG] [Fast Refresh] done in 83ms @ http://localhost:3111/_next/static/chunks/node_modules_next_dist_1e8vcs8._.js:776
[  391885ms] [LOG] [Fast Refresh] done in 83ms @ http://localhost:3111/_next/static/chunks/node_modules_next_dist_1e8vcs8._.js:776
[  391935ms] [LOG] [Fast Refresh] done in 83ms @ http://localhost:3111/_next/static/chunks/node_modules_next_dist_1e8vcs8._.js:776
[  391988ms] [LOG] [Fast Refresh] done in 83ms @ http://localhost:3111/_next/static/chunks/node_modules_next_dist_1e8vcs8._.js:776
[  392036ms] [LOG] [Fast Refresh] done in 83ms @ http://localhost:3111/_next/static/chunks/node_modules_next_dist_1e8vcs8._.js:776
[  392087ms] [LOG] [Fast Refresh] done in 83ms @ http://localhost:3111/_next/static/chunks/node_modules_next_dist_1e8vcs8._.js:776
[  392421ms] [LOG] [Fast Refresh] done in 83ms @ http://localhost:3111/_next/static/chunks/node_modules_next_dist_1e8vcs8._.js:776
[  392472ms] [LOG] [Fast Refresh] done in 83ms @ http://localhost:3111/_next/static/chunks/node_modules_next_dist_1e8vcs8._.js:776
[  392521ms] [LOG] [Fast Refresh] done in 83ms @ http://localhost:3111/_next/static/chunks/node_modules_next_dist_1e8vcs8._.js:776
