[      17ms] [LOG] [Fast Refresh] done in 76ms @ http://localhost:3111/_next/static/chunks/node_modules_next_dist_1e8vcs8._.js:776
[      62ms] [LOG] [Fast Refresh] done in 76ms @ http://localhost:3111/_next/static/chunks/node_modules_next_dist_1e8vcs8._.js:776
[     116ms] [LOG] [Fast Refresh] done in 76ms @ http://localhost:3111/_next/static/chunks/node_modules_next_dist_1e8vcs8._.js:776
[     181ms] [LOG] [Fast Refresh] done in 76ms @ http://localhost:3111/_next/static/chunks/node_modules_next_dist_1e8vcs8._.js:776
[     219ms] [LOG] [Fast Refresh] done in 76ms @ http://localhost:3111/_next/static/chunks/node_modules_next_dist_1e8vcs8._.js:776
[     270ms] [LOG] [Fast Refresh] done in 76ms @ http://localhost:3111/_next/static/chunks/node_modules_next_dist_1e8vcs8._.js:776
[     347ms] [LOG] [Fast Refresh] done in 76ms @ http://localhost:3111/_next/static/chunks/node_modules_next_dist_1e8vcs8._.js:776
[     393ms] [LOG] [Fast Refresh] done in 76ms @ http://localhost:3111/_next/static/chunks/node_modules_next_dist_1e8vcs8._.js:776
[     433ms] [LOG] [Fast Refresh] done in 76ms @ http://localhost:3111/_next/static/chunks/node_modules_next_dist_1e8vcs8._.js:776
[     485ms] [LOG] [Fast Refresh] done in 76ms @ http://localhost:3111/_next/static/chunks/node_modules_next_dist_1e8vcs8._.js:776
[     632ms] [INFO] %cDownload the React DevTools for a better development experience: https://react.dev/link/react-devtools font-weight:bold @ http://localhost:3111/_next/static/chunks/node_modules_next_dist_1e8vcs8._.js:776
[     661ms] [LOG] [HMR] connected @ http://localhost:3111/_next/static/chunks/node_modules_next_dist_1e8vcs8._.js:776
[    1183ms] [WARNING] Image with src "/images/gallery/g5.jpeg" was detected as the Largest Contentful Paint (LCP). Please add the `loading="eager"` property if this image is above the fold.
Read more: https://nextjs.org/docs/app/api-reference/components/image#loading @ http://localhost:3111/_next/static/chunks/node_modules_next_dist_1e8vcs8._.js:776
[   41362ms] [INFO] %cDownload the React DevTools for a better development experience: https://react.dev/link/react-devtools font-weight:bold @ http://localhost:3111/_next/static/chunks/node_modules_next_dist_1e8vcs8._.js:776
[   41381ms] [LOG] [HMR] connected @ http://localhost:3111/_next/static/chunks/node_modules_next_dist_1e8vcs8._.js:776
[   94030ms] [LOG] [Fast Refresh] rebuilding @ http://localhost:3111/_next/static/chunks/node_modules_next_dist_1e8vcs8._.js:776
[   94076ms] [LOG] [Fast Refresh] done in 9ms @ http://localhost:3111/_next/static/chunks/node_modules_next_dist_1e8vcs8._.js:776
[   94140ms] [LOG] [Fast Refresh] done in 9ms @ http://localhost:3111/_next/static/chunks/node_modules_next_dist_1e8vcs8._.js:776
[   94193ms] [LOG] [Fast Refresh] done in 9ms @ http://localhost:3111/_next/static/chunks/node_modules_next_dist_1e8vcs8._.js:776
[   94246ms] [LOG] [Fast Refresh] done in 9ms @ http://localhost:3111/_next/static/chunks/node_modules_next_dist_1e8vcs8._.js:776
[   94295ms] [LOG] [Fast Refresh] done in 9ms @ http://localhost:3111/_next/static/chunks/node_modules_next_dist_1e8vcs8._.js:776
[   94345ms] [LOG] [Fast Refresh] done in 9ms @ http://localhost:3111/_next/static/chunks/node_modules_next_dist_1e8vcs8._.js:776
[   94395ms] [LOG] [Fast Refresh] done in 9ms @ http://localhost:3111/_next/static/chunks/node_modules_next_dist_1e8vcs8._.js:776
[   94442ms] [LOG] [Fast Refresh] done in 9ms @ http://localhost:3111/_next/static/chunks/node_modules_next_dist_1e8vcs8._.js:776
[   94494ms] [LOG] [Fast Refresh] done in 9ms @ http://localhost:3111/_next/static/chunks/node_modules_next_dist_1e8vcs8._.js:776
[   94543ms] [LOG] [Fast Refresh] done in 9ms @ http://localhost:3111/_next/static/chunks/node_modules_next_dist_1e8vcs8._.js:776
[   94592ms] [LOG] [Fast Refresh] done in 9ms @ http://localhost:3111/_next/static/chunks/node_modules_next_dist_1e8vcs8._.js:776
[   94642ms] [LOG] [Fast Refresh] done in 9ms @ http://localhost:3111/_next/static/chunks/node_modules_next_dist_1e8vcs8._.js:776
[   94692ms] [LOG] [Fast Refresh] done in 9ms @ http://localhost:3111/_next/static/chunks/node_modules_next_dist_1e8vcs8._.js:776
[   94741ms] [LOG] [Fast Refresh] done in 9ms @ http://localhost:3111/_next/static/chunks/node_modules_next_dist_1e8vcs8._.js:776
[   94795ms] [LOG] [Fast Refresh] done in 9ms @ http://localhost:3111/_next/static/chunks/node_modules_next_dist_1e8vcs8._.js:776
[   94843ms] [LOG] [Fast Refresh] done in 9ms @ http://localhost:3111/_next/static/chunks/node_modules_next_dist_1e8vcs8._.js:776
[   94891ms] [LOG] [Fast Refresh] done in 9ms @ http://localhost:3111/_next/static/chunks/node_modules_next_dist_1e8vcs8._.js:776
[   94943ms] [LOG] [Fast Refresh] done in 9ms @ http://localhost:3111/_next/static/chunks/node_modules_next_dist_1e8vcs8._.js:776
[   95005ms] [LOG] [Fast Refresh] done in 9ms @ http://localhost:3111/_next/static/chunks/node_modules_next_dist_1e8vcs8._.js:776
[   95044ms] [LOG] [Fast Refresh] done in 9ms @ http://localhost:3111/_next/static/chunks/node_modules_next_dist_1e8vcs8._.js:776
[   95093ms] [LOG] [Fast Refresh] done in 9ms @ http://localhost:3111/_next/static/chunks/node_modules_next_dist_1e8vcs8._.js:776
[   95142ms] [LOG] [Fast Refresh] done in 9ms @ http://localhost:3111/_next/static/chunks/node_modules_next_dist_1e8vcs8._.js:776
[   95193ms] [LOG] [Fast Refresh] done in 9ms @ http://localhost:3111/_next/static/chunks/node_modules_next_dist_1e8vcs8._.js:776
[   95241ms] [LOG] [Fast Refresh] done in 9ms @ http://localhost:3111/_next/static/chunks/node_modules_next_dist_1e8vcs8._.js:776
[   95291ms] [LOG] [Fast Refresh] done in 9ms @ http://localhost:3111/_next/static/chunks/node_modules_next_dist_1e8vcs8._.js:776
[   95343ms] [LOG] [Fast Refresh] done in 9ms @ http://localhost:3111/_next/static/chunks/node_modules_next_dist_1e8vcs8._.js:776
[   95391ms] [LOG] [Fast Refresh] done in 9ms @ http://localhost:3111/_next/static/chunks/node_modules_next_dist_1e8vcs8._.js:776
[   95443ms] [LOG] [Fast Refresh] done in 9ms @ http://localhost:3111/_next/static/chunks/node_modules_next_dist_1e8vcs8._.js:776
[   95493ms] [LOG] [Fast Refresh] done in 9ms @ http://localhost:3111/_next/static/chunks/node_modules_next_dist_1e8vcs8._.js:776
[   95542ms] [LOG] [Fast Refresh] done in 9ms @ http://localhost:3111/_next/static/chunks/node_modules_next_dist_1e8vcs8._.js:776
[   95591ms] [LOG] [Fast Refresh] done in 9ms @ http://localhost:3111/_next/static/chunks/node_modules_next_dist_1e8vcs8._.js:776
[   95642ms] [LOG] [Fast Refresh] done in 9ms @ http://localhost:3111/_next/static/chunks/node_modules_next_dist_1e8vcs8._.js:776
[   95691ms] [LOG] [Fast Refresh] done in 9ms @ http://localhost:3111/_next/static/chunks/node_modules_next_dist_1e8vcs8._.js:776
[   95742ms] [LOG] [Fast Refresh] done in 9ms @ http://localhost:3111/_next/static/chunks/node_modules_next_dist_1e8vcs8._.js:776
[   95791ms] [LOG] [Fast Refresh] done in 9ms @ http://localhost:3111/_next/static/chunks/node_modules_next_dist_1e8vcs8._.js:776
[   95842ms] [LOG] [Fast Refresh] done in 9ms @ http://localhost:3111/_next/static/chunks/node_modules_next_dist_1e8vcs8._.js:776
[   95892ms] [LOG] [Fast Refresh] done in 9ms @ http://localhost:3111/_next/static/chunks/node_modules_next_dist_1e8vcs8._.js:776
[   95944ms] [LOG] [Fast Refresh] done in 9ms @ http://localhost:3111/_next/static/chunks/node_modules_next_dist_1e8vcs8._.js:776
[   96005ms] [LOG] [Fast Refresh] done in 9ms @ http://localhost:3111/_next/static/chunks/node_modules_next_dist_1e8vcs8._.js:776
[   96058ms] [LOG] [Fast Refresh] done in 9ms @ http://localhost:3111/_next/static/chunks/node_modules_next_dist_1e8vcs8._.js:776
[   96125ms] [LOG] [Fast Refresh] done in 9ms @ http://localhost:3111/_next/static/chunks/node_modules_next_dist_1e8vcs8._.js:776
[   96191ms] [LOG] [Fast Refresh] done in 9ms @ http://localhost:3111/_next/static/chunks/node_modules_next_dist_1e8vcs8._.js:776
[   96241ms] [LOG] [Fast Refresh] done in 9ms @ http://localhost:3111/_next/static/chunks/node_modules_next_dist_1e8vcs8._.js:776
[   96292ms] [LOG] [Fast Refresh] done in 9ms @ http://localhost:3111/_next/static/chunks/node_modules_next_dist_1e8vcs8._.js:776
[   96341ms] [LOG] [Fast Refresh] done in 9ms @ http://localhost:3111/_next/static/chunks/node_modules_next_dist_1e8vcs8._.js:776
[   96392ms] [LOG] [Fast Refresh] done in 9ms @ http://localhost:3111/_next/static/chunks/node_modules_next_dist_1e8vcs8._.js:776
[   96442ms] [LOG] [Fast Refresh] done in 9ms @ http://localhost:3111/_next/static/chunks/node_modules_next_dist_1e8vcs8._.js:776
[   96492ms] [LOG] [Fast Refresh] done in 9ms @ http://localhost:3111/_next/static/chunks/node_modules_next_dist_1e8vcs8._.js:776
[   96541ms] [LOG] [Fast Refresh] done in 9ms @ http://localhost:3111/_next/static/chunks/node_modules_next_dist_1e8vcs8._.js:776
[   96593ms] [LOG] [Fast Refresh] done in 9ms @ http://localhost:3111/_next/static/chunks/node_modules_next_dist_1e8vcs8._.js:776
[   96642ms] [LOG] [Fast Refresh] done in 9ms @ http://localhost:3111/_next/static/chunks/node_modules_next_dist_1e8vcs8._.js:776
[   96709ms] [LOG] [Fast Refresh] done in 9ms @ http://localhost:3111/_next/static/chunks/node_modules_next_dist_1e8vcs8._.js:776
[   96760ms] [LOG] [Fast Refresh] done in 9ms @ http://localhost:3111/_next/static/chunks/node_modules_next_dist_1e8vcs8._.js:776
[   96811ms] [LOG] [Fast Refresh] done in 9ms @ http://localhost:3111/_next/static/chunks/node_modules_next_dist_1e8vcs8._.js:776
[   96859ms] [LOG] [Fast Refresh] done in 9ms @ http://localhost:3111/_next/static/chunks/node_modules_next_dist_1e8vcs8._.js:776
[   96908ms] [LOG] [Fast Refresh] done in 9ms @ http://localhost:3111/_next/static/chunks/node_modules_next_dist_1e8vcs8._.js:776
[   96958ms] [LOG] [Fast Refresh] done in 9ms @ http://localhost:3111/_next/static/chunks/node_modules_next_dist_1e8vcs8._.js:776
[   97025ms] [LOG] [Fast Refresh] done in 9ms @ http://localhost:3111/_next/static/chunks/node_modules_next_dist_1e8vcs8._.js:776
[   97076ms] [LOG] [Fast Refresh] done in 9ms @ http://localhost:3111/_next/static/chunks/node_modules_next_dist_1e8vcs8._.js:776
[   97126ms] [LOG] [Fast Refresh] done in 9ms @ http://localhost:3111/_next/static/chunks/node_modules_next_dist_1e8vcs8._.js:776
[   97175ms] [LOG] [Fast Refresh] done in 9ms @ http://localhost:3111/_next/static/chunks/node_modules_next_dist_1e8vcs8._.js:776
[   97226ms] [LOG] [Fast Refresh] done in 9ms @ http://localhost:3111/_next/static/chunks/node_modules_next_dist_1e8vcs8._.js:776
[   97277ms] [LOG] [Fast Refresh] done in 9ms @ http://localhost:3111/_next/static/chunks/node_modules_next_dist_1e8vcs8._.js:776
[   97325ms] [LOG] [Fast Refresh] done in 9ms @ http://localhost:3111/_next/static/chunks/node_modules_next_dist_1e8vcs8._.js:776
[   97375ms] [LOG] [Fast Refresh] done in 9ms @ http://localhost:3111/_next/static/chunks/node_modules_next_dist_1e8vcs8._.js:776
[   97426ms] [LOG] [Fast Refresh] done in 9ms @ http://localhost:3111/_next/static/chunks/node_modules_next_dist_1e8vcs8._.js:776
[   97475ms] [LOG] [Fast Refresh] done in 9ms @ http://localhost:3111/_next/static/chunks/node_modules_next_dist_1e8vcs8._.js:776
[   97525ms] [LOG] [Fast Refresh] done in 9ms @ http://localhost:3111/_next/static/chunks/node_modules_next_dist_1e8vcs8._.js:776
[   97575ms] [LOG] [Fast Refresh] done in 9ms @ http://localhost:3111/_next/static/chunks/node_modules_next_dist_1e8vcs8._.js:776
[   97626ms] [LOG] [Fast Refresh] done in 9ms @ http://localhost:3111/_next/static/chunks/node_modules_next_dist_1e8vcs8._.js:776
[   97674ms] [LOG] [Fast Refresh] done in 9ms @ http://localhost:3111/_next/static/chunks/node_modules_next_dist_1e8vcs8._.js:776
[   97726ms] [LOG] [Fast Refresh] done in 9ms @ http://localhost:3111/_next/static/chunks/node_modules_next_dist_1e8vcs8._.js:776
[   97774ms] [LOG] [Fast Refresh] done in 9ms @ http://localhost:3111/_next/static/chunks/node_modules_next_dist_1e8vcs8._.js:776
[   97825ms] [LOG] [Fast Refresh] done in 9ms @ http://localhost:3111/_next/static/chunks/node_modules_next_dist_1e8vcs8._.js:776
[   97876ms] [LOG] [Fast Refresh] done in 9ms @ http://localhost:3111/_next/static/chunks/node_modules_next_dist_1e8vcs8._.js:776
[   97925ms] [LOG] [Fast Refresh] done in 9ms @ http://localhost:3111/_next/static/chunks/node_modules_next_dist_1e8vcs8._.js:776
[   97976ms] [LOG] [Fast Refresh] done in 9ms @ http://localhost:3111/_next/static/chunks/node_modules_next_dist_1e8vcs8._.js:776
[   98025ms] [LOG] [Fast Refresh] done in 9ms @ http://localhost:3111/_next/static/chunks/node_modules_next_dist_1e8vcs8._.js:776
[   98075ms] [LOG] [Fast Refresh] done in 9ms @ http://localhost:3111/_next/static/chunks/node_modules_next_dist_1e8vcs8._.js:776
[   98126ms] [LOG] [Fast Refresh] done in 9ms @ http://localhost:3111/_next/static/chunks/node_modules_next_dist_1e8vcs8._.js:776
[   98175ms] [LOG] [Fast Refresh] done in 9ms @ http://localhost:3111/_next/static/chunks/node_modules_next_dist_1e8vcs8._.js:776
[   98226ms] [LOG] [Fast Refresh] done in 9ms @ http://localhost:3111/_next/static/chunks/node_modules_next_dist_1e8vcs8._.js:776
[   98276ms] [LOG] [Fast Refresh] done in 9ms @ http://localhost:3111/_next/static/chunks/node_modules_next_dist_1e8vcs8._.js:776
[   98325ms] [LOG] [Fast Refresh] done in 9ms @ http://localhost:3111/_next/static/chunks/node_modules_next_dist_1e8vcs8._.js:776
[   98374ms] [LOG] [Fast Refresh] done in 9ms @ http://localhost:3111/_next/static/chunks/node_modules_next_dist_1e8vcs8._.js:776
[   98426ms] [LOG] [Fast Refresh] done in 9ms @ http://localhost:3111/_next/static/chunks/node_modules_next_dist_1e8vcs8._.js:776
[   98475ms] [LOG] [Fast Refresh] done in 9ms @ http://localhost:3111/_next/static/chunks/node_modules_next_dist_1e8vcs8._.js:776
[   98526ms] [LOG] [Fast Refresh] done in 9ms @ http://localhost:3111/_next/static/chunks/node_modules_next_dist_1e8vcs8._.js:776
[   98576ms] [LOG] [Fast Refresh] done in 9ms @ http://localhost:3111/_next/static/chunks/node_modules_next_dist_1e8vcs8._.js:776
[   98624ms] [LOG] [Fast Refresh] done in 9ms @ http://localhost:3111/_next/static/chunks/node_modules_next_dist_1e8vcs8._.js:776
[   98677ms] [LOG] [Fast Refresh] done in 9ms @ http://localhost:3111/_next/static/chunks/node_modules_next_dist_1e8vcs8._.js:776
[   98742ms] [LOG] [Fast Refresh] done in 9ms @ http://localhost:3111/_next/static/chunks/node_modules_next_dist_1e8vcs8._.js:776
[   98792ms] [LOG] [Fast Refresh] done in 9ms @ http://localhost:3111/_next/static/chunks/node_modules_next_dist_1e8vcs8._.js:776
[   98842ms] [LOG] [Fast Refresh] done in 9ms @ http://localhost:3111/_next/static/chunks/node_modules_next_dist_1e8vcs8._.js:776
[   98894ms] [LOG] [Fast Refresh] done in 9ms @ http://localhost:3111/_next/static/chunks/node_modules_next_dist_1e8vcs8._.js:776
[   98942ms] [LOG] [Fast Refresh] done in 9ms @ http://localhost:3111/_next/static/chunks/node_modules_next_dist_1e8vcs8._.js:776
[   98991ms] [LOG] [Fast Refresh] done in 9ms @ http://localhost:3111/_next/static/chunks/node_modules_next_dist_1e8vcs8._.js:776
[   99042ms] [LOG] [Fast Refresh] done in 9ms @ http://localhost:3111/_next/static/chunks/node_modules_next_dist_1e8vcs8._.js:776
[   99091ms] [LOG] [Fast Refresh] done in 9ms @ http://localhost:3111/_next/static/chunks/node_modules_next_dist_1e8vcs8._.js:776
[   99142ms] [LOG] [Fast Refresh] done in 9ms @ http://localhost:3111/_next/static/chunks/node_modules_next_dist_1e8vcs8._.js:776
[   99191ms] [LOG] [Fast Refresh] done in 9ms @ http://localhost:3111/_next/static/chunks/node_modules_next_dist_1e8vcs8._.js:776
[   99242ms] [LOG] [Fast Refresh] done in 9ms @ http://localhost:3111/_next/static/chunks/node_modules_next_dist_1e8vcs8._.js:776
[   99291ms] [LOG] [Fast Refresh] done in 9ms @ http://localhost:3111/_next/static/chunks/node_modules_next_dist_1e8vcs8._.js:776
[   99342ms] [LOG] [Fast Refresh] done in 9ms @ http://localhost:3111/_next/static/chunks/node_modules_next_dist_1e8vcs8._.js:776
[   99391ms] [LOG] [Fast Refresh] done in 9ms @ http://localhost:3111/_next/static/chunks/node_modules_next_dist_1e8vcs8._.js:776
[   99444ms] [LOG] [Fast Refresh] done in 9ms @ http://localhost:3111/_next/static/chunks/node_modules_next_dist_1e8vcs8._.js:776
[   99491ms] [LOG] [Fast Refresh] done in 9ms @ http://localhost:3111/_next/static/chunks/node_modules_next_dist_1e8vcs8._.js:776
[   99541ms] [LOG] [Fast Refresh] done in 9ms @ http://localhost:3111/_next/static/chunks/node_modules_next_dist_1e8vcs8._.js:776
[   99608ms] [LOG] [Fast Refresh] done in 9ms @ http://localhost:3111/_next/static/chunks/node_modules_next_dist_1e8vcs8._.js:776
[   99659ms] [LOG] [Fast Refresh] done in 9ms @ http://localhost:3111/_next/static/chunks/node_modules_next_dist_1e8vcs8._.js:776
[   99708ms] [LOG] [Fast Refresh] done in 9ms @ http://localhost:3111/_next/static/chunks/node_modules_next_dist_1e8vcs8._.js:776
[   99759ms] [LOG] [Fast Refresh] done in 9ms @ http://localhost:3111/_next/static/chunks/node_modules_next_dist_1e8vcs8._.js:776
[   99808ms] [LOG] [Fast Refresh] done in 9ms @ http://localhost:3111/_next/static/chunks/node_modules_next_dist_1e8vcs8._.js:776
[   99857ms] [LOG] [Fast Refresh] done in 9ms @ http://localhost:3111/_next/static/chunks/node_modules_next_dist_1e8vcs8._.js:776
[   99909ms] [LOG] [Fast Refresh] done in 9ms @ http://localhost:3111/_next/static/chunks/node_modules_next_dist_1e8vcs8._.js:776
[   99958ms] [LOG] [Fast Refresh] done in 9ms @ http://localhost:3111/_next/static/chunks/node_modules_next_dist_1e8vcs8._.js:776
[  100006ms] [LOG] [Fast Refresh] done in 9ms @ http://localhost:3111/_next/static/chunks/node_modules_next_dist_1e8vcs8._.js:776
[  100058ms] [LOG] [Fast Refresh] done in 9ms @ http://localhost:3111/_next/static/chunks/node_modules_next_dist_1e8vcs8._.js:776
[  100110ms] [LOG] [Fast Refresh] done in 9ms @ http://localhost:3111/_next/static/chunks/node_modules_next_dist_1e8vcs8._.js:776
[  100159ms] [LOG] [Fast Refresh] done in 9ms @ http://localhost:3111/_next/static/chunks/node_modules_next_dist_1e8vcs8._.js:776
[  100209ms] [LOG] [Fast Refresh] done in 9ms @ http://localhost:3111/_next/static/chunks/node_modules_next_dist_1e8vcs8._.js:776
[  100259ms] [LOG] [Fast Refresh] done in 9ms @ http://localhost:3111/_next/static/chunks/node_modules_next_dist_1e8vcs8._.js:776
[  100310ms] [LOG] [Fast Refresh] done in 9ms @ http://localhost:3111/_next/static/chunks/node_modules_next_dist_1e8vcs8._.js:776
[  100357ms] [LOG] [Fast Refresh] done in 9ms @ http://localhost:3111/_next/static/chunks/node_modules_next_dist_1e8vcs8._.js:776
[  100425ms] [LOG] [Fast Refresh] done in 9ms @ http://localhost:3111/_next/static/chunks/node_modules_next_dist_1e8vcs8._.js:776
[  100475ms] [LOG] [Fast Refresh] done in 9ms @ http://localhost:3111/_next/static/chunks/node_modules_next_dist_1e8vcs8._.js:776
[  100525ms] [LOG] [Fast Refresh] done in 9ms @ http://localhost:3111/_next/static/chunks/node_modules_next_dist_1e8vcs8._.js:776
[  100575ms] [LOG] [Fast Refresh] done in 9ms @ http://localhost:3111/_next/static/chunks/node_modules_next_dist_1e8vcs8._.js:776
[  100624ms] [LOG] [Fast Refresh] done in 9ms @ http://localhost:3111/_next/static/chunks/node_modules_next_dist_1e8vcs8._.js:776
[  100675ms] [LOG] [Fast Refresh] done in 9ms @ http://localhost:3111/_next/static/chunks/node_modules_next_dist_1e8vcs8._.js:776
[  100725ms] [LOG] [Fast Refresh] done in 9ms @ http://localhost:3111/_next/static/chunks/node_modules_next_dist_1e8vcs8._.js:776
[  100774ms] [LOG] [Fast Refresh] done in 9ms @ http://localhost:3111/_next/static/chunks/node_modules_next_dist_1e8vcs8._.js:776
[  100827ms] [LOG] [Fast Refresh] done in 9ms @ http://localhost:3111/_next/static/chunks/node_modules_next_dist_1e8vcs8._.js:776
[  100877ms] [LOG] [Fast Refresh] done in 9ms @ http://localhost:3111/_next/static/chunks/node_modules_next_dist_1e8vcs8._.js:776
[  100925ms] [LOG] [Fast Refresh] done in 9ms @ http://localhost:3111/_next/static/chunks/node_modules_next_dist_1e8vcs8._.js:776
[  100977ms] [LOG] [Fast Refresh] done in 9ms @ http://localhost:3111/_next/static/chunks/node_modules_next_dist_1e8vcs8._.js:776
[  101024ms] [LOG] [Fast Refresh] done in 9ms @ http://localhost:3111/_next/static/chunks/node_modules_next_dist_1e8vcs8._.js:776
[  101075ms] [LOG] [Fast Refresh] done in 9ms @ http://localhost:3111/_next/static/chunks/node_modules_next_dist_1e8vcs8._.js:776
[  101124ms] [LOG] [Fast Refresh] done in 9ms @ http://localhost:3111/_next/static/chunks/node_modules_next_dist_1e8vcs8._.js:776
[  101175ms] [LOG] [Fast Refresh] done in 9ms @ http://localhost:3111/_next/static/chunks/node_modules_next_dist_1e8vcs8._.js:776
[  101225ms] [LOG] [Fast Refresh] done in 9ms @ http://localhost:3111/_next/static/chunks/node_modules_next_dist_1e8vcs8._.js:776
[  101274ms] [LOG] [Fast Refresh] done in 9ms @ http://localhost:3111/_next/static/chunks/node_modules_next_dist_1e8vcs8._.js:776
[  101324ms] [LOG] [Fast Refresh] done in 9ms @ http://localhost:3111/_next/static/chunks/node_modules_next_dist_1e8vcs8._.js:776
[  101376ms] [LOG] [Fast Refresh] done in 9ms @ http://localhost:3111/_next/static/chunks/node_modules_next_dist_1e8vcs8._.js:776
[  101427ms] [LOG] [Fast Refresh] done in 9ms @ http://localhost:3111/_next/static/chunks/node_modules_next_dist_1e8vcs8._.js:776
[  101490ms] [LOG] [Fast Refresh] done in 9ms @ http://localhost:3111/_next/static/chunks/node_modules_next_dist_1e8vcs8._.js:776
[  101541ms] [LOG] [Fast Refresh] done in 9ms @ http://localhost:3111/_next/static/chunks/node_modules_next_dist_1e8vcs8._.js:776
[  101592ms] [LOG] [Fast Refresh] done in 9ms @ http://localhost:3111/_next/static/chunks/node_modules_next_dist_1e8vcs8._.js:776
[  101642ms] [LOG] [Fast Refresh] done in 9ms @ http://localhost:3111/_next/static/chunks/node_modules_next_dist_1e8vcs8._.js:776
[  101691ms] [LOG] [Fast Refresh] done in 9ms @ http://localhost:3111/_next/static/chunks/node_modules_next_dist_1e8vcs8._.js:776
[  101741ms] [LOG] [Fast Refresh] done in 9ms @ http://localhost:3111/_next/static/chunks/node_modules_next_dist_1e8vcs8._.js:776
[  101792ms] [LOG] [Fast Refresh] done in 9ms @ http://localhost:3111/_next/static/chunks/node_modules_next_dist_1e8vcs8._.js:776
[  101841ms] [LOG] [Fast Refresh] done in 9ms @ http://localhost:3111/_next/static/chunks/node_modules_next_dist_1e8vcs8._.js:776
[  101891ms] [LOG] [Fast Refresh] done in 9ms @ http://localhost:3111/_next/static/chunks/node_modules_next_dist_1e8vcs8._.js:776
[  101943ms] [LOG] [Fast Refresh] done in 9ms @ http://localhost:3111/_next/static/chunks/node_modules_next_dist_1e8vcs8._.js:776
[  101991ms] [LOG] [Fast Refresh] done in 9ms @ http://localhost:3111/_next/static/chunks/node_modules_next_dist_1e8vcs8._.js:776
[  102041ms] [LOG] [Fast Refresh] done in 9ms @ http://localhost:3111/_next/static/chunks/node_modules_next_dist_1e8vcs8._.js:776
[  102092ms] [LOG] [Fast Refresh] done in 9ms @ http://localhost:3111/_next/static/chunks/node_modules_next_dist_1e8vcs8._.js:776
[  102141ms] [LOG] [Fast Refresh] done in 9ms @ http://localhost:3111/_next/static/chunks/node_modules_next_dist_1e8vcs8._.js:776
[  102192ms] [LOG] [Fast Refresh] done in 9ms @ http://localhost:3111/_next/static/chunks/node_modules_next_dist_1e8vcs8._.js:776
[  102241ms] [LOG] [Fast Refresh] done in 9ms @ http://localhost:3111/_next/static/chunks/node_modules_next_dist_1e8vcs8._.js:776
[  102291ms] [LOG] [Fast Refresh] done in 9ms @ http://localhost:3111/_next/static/chunks/node_modules_next_dist_1e8vcs8._.js:776
[  102342ms] [LOG] [Fast Refresh] done in 9ms @ http://localhost:3111/_next/static/chunks/node_modules_next_dist_1e8vcs8._.js:776
[  102393ms] [LOG] [Fast Refresh] done in 9ms @ http://localhost:3111/_next/static/chunks/node_modules_next_dist_1e8vcs8._.js:776
[  102441ms] [LOG] [Fast Refresh] done in 9ms @ http://localhost:3111/_next/static/chunks/node_modules_next_dist_1e8vcs8._.js:776
[  102493ms] [LOG] [Fast Refresh] done in 9ms @ http://localhost:3111/_next/static/chunks/node_modules_next_dist_1e8vcs8._.js:776
[  102542ms] [LOG] [Fast Refresh] done in 9ms @ http://localhost:3111/_next/static/chunks/node_modules_next_dist_1e8vcs8._.js:776
[  102590ms] [LOG] [Fast Refresh] done in 9ms @ http://localhost:3111/_next/static/chunks/node_modules_next_dist_1e8vcs8._.js:776
[  102641ms] [LOG] [Fast Refresh] done in 9ms @ http://localhost:3111/_next/static/chunks/node_modules_next_dist_1e8vcs8._.js:776
[  102692ms] [LOG] [Fast Refresh] done in 9ms @ http://localhost:3111/_next/static/chunks/node_modules_next_dist_1e8vcs8._.js:776
[  102742ms] [LOG] [Fast Refresh] done in 9ms @ http://localhost:3111/_next/static/chunks/node_modules_next_dist_1e8vcs8._.js:776
[  102791ms] [LOG] [Fast Refresh] done in 9ms @ http://localhost:3111/_next/static/chunks/node_modules_next_dist_1e8vcs8._.js:776
[  102842ms] [LOG] [Fast Refresh] done in 9ms @ http://localhost:3111/_next/static/chunks/node_modules_next_dist_1e8vcs8._.js:776
[  102891ms] [LOG] [Fast Refresh] done in 9ms @ http://localhost:3111/_next/static/chunks/node_modules_next_dist_1e8vcs8._.js:776
[  102942ms] [LOG] [Fast Refresh] done in 9ms @ http://localhost:3111/_next/static/chunks/node_modules_next_dist_1e8vcs8._.js:776
[  102991ms] [LOG] [Fast Refresh] done in 9ms @ http://localhost:3111/_next/static/chunks/node_modules_next_dist_1e8vcs8._.js:776
[  103042ms] [LOG] [Fast Refresh] done in 9ms @ http://localhost:3111/_next/static/chunks/node_modules_next_dist_1e8vcs8._.js:776
[  103091ms] [LOG] [Fast Refresh] done in 9ms @ http://localhost:3111/_next/static/chunks/node_modules_next_dist_1e8vcs8._.js:776
[  103142ms] [LOG] [Fast Refresh] done in 9ms @ http://localhost:3111/_next/static/chunks/node_modules_next_dist_1e8vcs8._.js:776
[  103192ms] [LOG] [Fast Refresh] done in 9ms @ http://localhost:3111/_next/static/chunks/node_modules_next_dist_1e8vcs8._.js:776
[  103243ms] [LOG] [Fast Refresh] done in 9ms @ http://localhost:3111/_next/static/chunks/node_modules_next_dist_1e8vcs8._.js:776
[  103292ms] [LOG] [Fast Refresh] done in 9ms @ http://localhost:3111/_next/static/chunks/node_modules_next_dist_1e8vcs8._.js:776
[  103344ms] [LOG] [Fast Refresh] done in 9ms @ http://localhost:3111/_next/static/chunks/node_modules_next_dist_1e8vcs8._.js:776
[  103392ms] [LOG] [Fast Refresh] done in 9ms @ http://localhost:3111/_next/static/chunks/node_modules_next_dist_1e8vcs8._.js:776
[  103442ms] [LOG] [Fast Refresh] done in 9ms @ http://localhost:3111/_next/static/chunks/node_modules_next_dist_1e8vcs8._.js:776
[  103491ms] [LOG] [Fast Refresh] done in 9ms @ http://localhost:3111/_next/static/chunks/node_modules_next_dist_1e8vcs8._.js:776
[  103542ms] [LOG] [Fast Refresh] done in 9ms @ http://localhost:3111/_next/static/chunks/node_modules_next_dist_1e8vcs8._.js:776
[  103591ms] [LOG] [Fast Refresh] done in 9ms @ http://localhost:3111/_next/static/chunks/node_modules_next_dist_1e8vcs8._.js:776
[  103641ms] [LOG] [Fast Refresh] done in 9ms @ http://localhost:3111/_next/static/chunks/node_modules_next_dist_1e8vcs8._.js:776
[  103692ms] [LOG] [Fast Refresh] done in 9ms @ http://localhost:3111/_next/static/chunks/node_modules_next_dist_1e8vcs8._.js:776
[  103741ms] [LOG] [Fast Refresh] done in 9ms @ http://localhost:3111/_next/static/chunks/node_modules_next_dist_1e8vcs8._.js:776
[  103791ms] [LOG] [Fast Refresh] done in 9ms @ http://localhost:3111/_next/static/chunks/node_modules_next_dist_1e8vcs8._.js:776
[  103841ms] [LOG] [Fast Refresh] done in 9ms @ http://localhost:3111/_next/static/chunks/node_modules_next_dist_1e8vcs8._.js:776
[  103892ms] [LOG] [Fast Refresh] done in 9ms @ http://localhost:3111/_next/static/chunks/node_modules_next_dist_1e8vcs8._.js:776
[  103943ms] [LOG] [Fast Refresh] done in 9ms @ http://localhost:3111/_next/static/chunks/node_modules_next_dist_1e8vcs8._.js:776
[  103991ms] [LOG] [Fast Refresh] done in 9ms @ http://localhost:3111/_next/static/chunks/node_modules_next_dist_1e8vcs8._.js:776
[  104041ms] [LOG] [Fast Refresh] done in 9ms @ http://localhost:3111/_next/static/chunks/node_modules_next_dist_1e8vcs8._.js:776
[  104092ms] [LOG] [Fast Refresh] done in 9ms @ http://localhost:3111/_next/static/chunks/node_modules_next_dist_1e8vcs8._.js:776
[  104140ms] [LOG] [Fast Refresh] done in 9ms @ http://localhost:3111/_next/static/chunks/node_modules_next_dist_1e8vcs8._.js:776
[  104190ms] [LOG] [Fast Refresh] done in 9ms @ http://localhost:3111/_next/static/chunks/node_modules_next_dist_1e8vcs8._.js:776
[  104243ms] [LOG] [Fast Refresh] done in 9ms @ http://localhost:3111/_next/static/chunks/node_modules_next_dist_1e8vcs8._.js:776
[  104290ms] [LOG] [Fast Refresh] done in 9ms @ http://localhost:3111/_next/static/chunks/node_modules_next_dist_1e8vcs8._.js:776
[  104341ms] [LOG] [Fast Refresh] done in 9ms @ http://localhost:3111/_next/static/chunks/node_modules_next_dist_1e8vcs8._.js:776
[  104392ms] [LOG] [Fast Refresh] done in 9ms @ http://localhost:3111/_next/static/chunks/node_modules_next_dist_1e8vcs8._.js:776
[  104441ms] [LOG] [Fast Refresh] done in 9ms @ http://localhost:3111/_next/static/chunks/node_modules_next_dist_1e8vcs8._.js:776
[  104490ms] [LOG] [Fast Refresh] done in 9ms @ http://localhost:3111/_next/static/chunks/node_modules_next_dist_1e8vcs8._.js:776
[  104542ms] [LOG] [Fast Refresh] done in 9ms @ http://localhost:3111/_next/static/chunks/node_modules_next_dist_1e8vcs8._.js:776
[  104590ms] [LOG] [Fast Refresh] done in 9ms @ http://localhost:3111/_next/static/chunks/node_modules_next_dist_1e8vcs8._.js:776
[  104642ms] [LOG] [Fast Refresh] done in 9ms @ http://localhost:3111/_next/static/chunks/node_modules_next_dist_1e8vcs8._.js:776
[  104690ms] [LOG] [Fast Refresh] done in 9ms @ http://localhost:3111/_next/static/chunks/node_modules_next_dist_1e8vcs8._.js:776
[  104742ms] [LOG] [Fast Refresh] done in 9ms @ http://localhost:3111/_next/static/chunks/node_modules_next_dist_1e8vcs8._.js:776
[  104790ms] [LOG] [Fast Refresh] done in 9ms @ http://localhost:3111/_next/static/chunks/node_modules_next_dist_1e8vcs8._.js:776
[  104841ms] [LOG] [Fast Refresh] done in 9ms @ http://localhost:3111/_next/static/chunks/node_modules_next_dist_1e8vcs8._.js:776
[  104891ms] [LOG] [Fast Refresh] done in 9ms @ http://localhost:3111/_next/static/chunks/node_modules_next_dist_1e8vcs8._.js:776
[  104942ms] [LOG] [Fast Refresh] done in 9ms @ http://localhost:3111/_next/static/chunks/node_modules_next_dist_1e8vcs8._.js:776
[  104989ms] [LOG] [Fast Refresh] done in 9ms @ http://localhost:3111/_next/static/chunks/node_modules_next_dist_1e8vcs8._.js:776
[  105042ms] [LOG] [Fast Refresh] done in 9ms @ http://localhost:3111/_next/static/chunks/node_modules_next_dist_1e8vcs8._.js:776
[  105091ms] [LOG] [Fast Refresh] done in 9ms @ http://localhost:3111/_next/static/chunks/node_modules_next_dist_1e8vcs8._.js:776
[  105143ms] [LOG] [Fast Refresh] done in 9ms @ http://localhost:3111/_next/static/chunks/node_modules_next_dist_1e8vcs8._.js:776
[  105190ms] [LOG] [Fast Refresh] done in 9ms @ http://localhost:3111/_next/static/chunks/node_modules_next_dist_1e8vcs8._.js:776
[  105240ms] [LOG] [Fast Refresh] done in 9ms @ http://localhost:3111/_next/static/chunks/node_modules_next_dist_1e8vcs8._.js:776
[  105291ms] [LOG] [Fast Refresh] done in 9ms @ http://localhost:3111/_next/static/chunks/node_modules_next_dist_1e8vcs8._.js:776
[  105341ms] [LOG] [Fast Refresh] done in 9ms @ http://localhost:3111/_next/static/chunks/node_modules_next_dist_1e8vcs8._.js:776
[  105391ms] [LOG] [Fast Refresh] done in 9ms @ http://localhost:3111/_next/static/chunks/node_modules_next_dist_1e8vcs8._.js:776
[  105441ms] [LOG] [Fast Refresh] done in 9ms @ http://localhost:3111/_next/static/chunks/node_modules_next_dist_1e8vcs8._.js:776
[  105491ms] [LOG] [Fast Refresh] done in 9ms @ http://localhost:3111/_next/static/chunks/node_modules_next_dist_1e8vcs8._.js:776
[  105541ms] [LOG] [Fast Refresh] done in 9ms @ http://localhost:3111/_next/static/chunks/node_modules_next_dist_1e8vcs8._.js:776
[  105591ms] [LOG] [Fast Refresh] done in 9ms @ http://localhost:3111/_next/static/chunks/node_modules_next_dist_1e8vcs8._.js:776
[  105641ms] [LOG] [Fast Refresh] done in 9ms @ http://localhost:3111/_next/static/chunks/node_modules_next_dist_1e8vcs8._.js:776
[  105690ms] [LOG] [Fast Refresh] done in 9ms @ http://localhost:3111/_next/static/chunks/node_modules_next_dist_1e8vcs8._.js:776
[  105741ms] [LOG] [Fast Refresh] done in 9ms @ http://localhost:3111/_next/static/chunks/node_modules_next_dist_1e8vcs8._.js:776
[  105790ms] [LOG] [Fast Refresh] done in 9ms @ http://localhost:3111/_next/static/chunks/node_modules_next_dist_1e8vcs8._.js:776
[  105843ms] [LOG] [Fast Refresh] done in 9ms @ http://localhost:3111/_next/static/chunks/node_modules_next_dist_1e8vcs8._.js:776
[  105892ms] [LOG] [Fast Refresh] done in 9ms @ http://localhost:3111/_next/static/chunks/node_modules_next_dist_1e8vcs8._.js:776
[  105943ms] [LOG] [Fast Refresh] done in 9ms @ http://localhost:3111/_next/static/chunks/node_modules_next_dist_1e8vcs8._.js:776
[  105990ms] [LOG] [Fast Refresh] done in 9ms @ http://localhost:3111/_next/static/chunks/node_modules_next_dist_1e8vcs8._.js:776
[  106040ms] [LOG] [Fast Refresh] done in 9ms @ http://localhost:3111/_next/static/chunks/node_modules_next_dist_1e8vcs8._.js:776
[  106091ms] [LOG] [Fast Refresh] done in 9ms @ http://localhost:3111/_next/static/chunks/node_modules_next_dist_1e8vcs8._.js:776
[  106141ms] [LOG] [Fast Refresh] done in 9ms @ http://localhost:3111/_next/static/chunks/node_modules_next_dist_1e8vcs8._.js:776
[  106192ms] [LOG] [Fast Refresh] done in 9ms @ http://localhost:3111/_next/static/chunks/node_modules_next_dist_1e8vcs8._.js:776
[  106241ms] [LOG] [Fast Refresh] done in 9ms @ http://localhost:3111/_next/static/chunks/node_modules_next_dist_1e8vcs8._.js:776
[  106290ms] [LOG] [Fast Refresh] done in 9ms @ http://localhost:3111/_next/static/chunks/node_modules_next_dist_1e8vcs8._.js:776
[  106341ms] [LOG] [Fast Refresh] done in 9ms @ http://localhost:3111/_next/static/chunks/node_modules_next_dist_1e8vcs8._.js:776
[  106407ms] [LOG] [Fast Refresh] done in 9ms @ http://localhost:3111/_next/static/chunks/node_modules_next_dist_1e8vcs8._.js:776
[  106458ms] [LOG] [Fast Refresh] done in 9ms @ http://localhost:3111/_next/static/chunks/node_modules_next_dist_1e8vcs8._.js:776
[  106506ms] [LOG] [Fast Refresh] done in 9ms @ http://localhost:3111/_next/static/chunks/node_modules_next_dist_1e8vcs8._.js:776
[  106557ms] [LOG] [Fast Refresh] done in 9ms @ http://localhost:3111/_next/static/chunks/node_modules_next_dist_1e8vcs8._.js:776
[  106608ms] [LOG] [Fast Refresh] done in 9ms @ http://localhost:3111/_next/static/chunks/node_modules_next_dist_1e8vcs8._.js:776
[  106657ms] [LOG] [Fast Refresh] done in 9ms @ http://localhost:3111/_next/static/chunks/node_modules_next_dist_1e8vcs8._.js:776
[  106708ms] [LOG] [Fast Refresh] done in 9ms @ http://localhost:3111/_next/static/chunks/node_modules_next_dist_1e8vcs8._.js:776
[  106757ms] [LOG] [Fast Refresh] done in 9ms @ http://localhost:3111/_next/static/chunks/node_modules_next_dist_1e8vcs8._.js:776
[  106808ms] [LOG] [Fast Refresh] done in 9ms @ http://localhost:3111/_next/static/chunks/node_modules_next_dist_1e8vcs8._.js:776
[  106859ms] [LOG] [Fast Refresh] done in 9ms @ http://localhost:3111/_next/static/chunks/node_modules_next_dist_1e8vcs8._.js:776
[  106907ms] [LOG] [Fast Refresh] done in 9ms @ http://localhost:3111/_next/static/chunks/node_modules_next_dist_1e8vcs8._.js:776
[  106958ms] [LOG] [Fast Refresh] done in 9ms @ http://localhost:3111/_next/static/chunks/node_modules_next_dist_1e8vcs8._.js:776
[  107007ms] [LOG] [Fast Refresh] done in 9ms @ http://localhost:3111/_next/static/chunks/node_modules_next_dist_1e8vcs8._.js:776
[  107057ms] [LOG] [Fast Refresh] done in 9ms @ http://localhost:3111/_next/static/chunks/node_modules_next_dist_1e8vcs8._.js:776
[  107108ms] [LOG] [Fast Refresh] done in 9ms @ http://localhost:3111/_next/static/chunks/node_modules_next_dist_1e8vcs8._.js:776
[  107158ms] [LOG] [Fast Refresh] done in 9ms @ http://localhost:3111/_next/static/chunks/node_modules_next_dist_1e8vcs8._.js:776
[  107210ms] [LOG] [Fast Refresh] done in 9ms @ http://localhost:3111/_next/static/chunks/node_modules_next_dist_1e8vcs8._.js:776
[  107257ms] [LOG] [Fast Refresh] done in 9ms @ http://localhost:3111/_next/static/chunks/node_modules_next_dist_1e8vcs8._.js:776
[  107308ms] [LOG] [Fast Refresh] done in 9ms @ http://localhost:3111/_next/static/chunks/node_modules_next_dist_1e8vcs8._.js:776
[  107360ms] [LOG] [Fast Refresh] done in 9ms @ http://localhost:3111/_next/static/chunks/node_modules_next_dist_1e8vcs8._.js:776
[  107407ms] [LOG] [Fast Refresh] done in 9ms @ http://localhost:3111/_next/static/chunks/node_modules_next_dist_1e8vcs8._.js:776
[  107458ms] [LOG] [Fast Refresh] done in 9ms @ http://localhost:3111/_next/static/chunks/node_modules_next_dist_1e8vcs8._.js:776
[  107508ms] [LOG] [Fast Refresh] done in 9ms @ http://localhost:3111/_next/static/chunks/node_modules_next_dist_1e8vcs8._.js:776
[  107557ms] [LOG] [Fast Refresh] done in 9ms @ http://localhost:3111/_next/static/chunks/node_modules_next_dist_1e8vcs8._.js:776
[  107608ms] [LOG] [Fast Refresh] done in 9ms @ http://localhost:3111/_next/static/chunks/node_modules_next_dist_1e8vcs8._.js:776
[  107657ms] [LOG] [Fast Refresh] done in 9ms @ http://localhost:3111/_next/static/chunks/node_modules_next_dist_1e8vcs8._.js:776
[  107708ms] [LOG] [Fast Refresh] done in 9ms @ http://localhost:3111/_next/static/chunks/node_modules_next_dist_1e8vcs8._.js:776
[  107759ms] [LOG] [Fast Refresh] done in 9ms @ http://localhost:3111/_next/static/chunks/node_modules_next_dist_1e8vcs8._.js:776
[  107807ms] [LOG] [Fast Refresh] done in 9ms @ http://localhost:3111/_next/static/chunks/node_modules_next_dist_1e8vcs8._.js:776
[  107858ms] [LOG] [Fast Refresh] done in 9ms @ http://localhost:3111/_next/static/chunks/node_modules_next_dist_1e8vcs8._.js:776
[  107907ms] [LOG] [Fast Refresh] done in 9ms @ http://localhost:3111/_next/static/chunks/node_modules_next_dist_1e8vcs8._.js:776
[  107957ms] [LOG] [Fast Refresh] done in 9ms @ http://localhost:3111/_next/static/chunks/node_modules_next_dist_1e8vcs8._.js:776
[  108010ms] [LOG] [Fast Refresh] done in 9ms @ http://localhost:3111/_next/static/chunks/node_modules_next_dist_1e8vcs8._.js:776
[  108060ms] [LOG] [Fast Refresh] done in 9ms @ http://localhost:3111/_next/static/chunks/node_modules_next_dist_1e8vcs8._.js:776
[  108108ms] [LOG] [Fast Refresh] done in 9ms @ http://localhost:3111/_next/static/chunks/node_modules_next_dist_1e8vcs8._.js:776
[  108158ms] [LOG] [Fast Refresh] done in 9ms @ http://localhost:3111/_next/static/chunks/node_modules_next_dist_1e8vcs8._.js:776
[  108208ms] [LOG] [Fast Refresh] done in 9ms @ http://localhost:3111/_next/static/chunks/node_modules_next_dist_1e8vcs8._.js:776
[  108257ms] [LOG] [Fast Refresh] done in 9ms @ http://localhost:3111/_next/static/chunks/node_modules_next_dist_1e8vcs8._.js:776
[  108307ms] [LOG] [Fast Refresh] done in 9ms @ http://localhost:3111/_next/static/chunks/node_modules_next_dist_1e8vcs8._.js:776
[  108358ms] [LOG] [Fast Refresh] done in 9ms @ http://localhost:3111/_next/static/chunks/node_modules_next_dist_1e8vcs8._.js:776
[  108408ms] [LOG] [Fast Refresh] done in 9ms @ http://localhost:3111/_next/static/chunks/node_modules_next_dist_1e8vcs8._.js:776
[  108457ms] [LOG] [Fast Refresh] done in 9ms @ http://localhost:3111/_next/static/chunks/node_modules_next_dist_1e8vcs8._.js:776
[  108510ms] [LOG] [Fast Refresh] done in 9ms @ http://localhost:3111/_next/static/chunks/node_modules_next_dist_1e8vcs8._.js:776
[  108558ms] [LOG] [Fast Refresh] done in 9ms @ http://localhost:3111/_next/static/chunks/node_modules_next_dist_1e8vcs8._.js:776
[  108607ms] [LOG] [Fast Refresh] done in 9ms @ http://localhost:3111/_next/static/chunks/node_modules_next_dist_1e8vcs8._.js:776
[  108658ms] [LOG] [Fast Refresh] done in 9ms @ http://localhost:3111/_next/static/chunks/node_modules_next_dist_1e8vcs8._.js:776
[  108708ms] [LOG] [Fast Refresh] done in 9ms @ http://localhost:3111/_next/static/chunks/node_modules_next_dist_1e8vcs8._.js:776
[  108758ms] [LOG] [Fast Refresh] done in 9ms @ http://localhost:3111/_next/static/chunks/node_modules_next_dist_1e8vcs8._.js:776
[  108807ms] [LOG] [Fast Refresh] done in 9ms @ http://localhost:3111/_next/static/chunks/node_modules_next_dist_1e8vcs8._.js:776
[  108858ms] [LOG] [Fast Refresh] done in 9ms @ http://localhost:3111/_next/static/chunks/node_modules_next_dist_1e8vcs8._.js:776
[  108908ms] [LOG] [Fast Refresh] done in 9ms @ http://localhost:3111/_next/static/chunks/node_modules_next_dist_1e8vcs8._.js:776
[  108957ms] [LOG] [Fast Refresh] done in 9ms @ http://localhost:3111/_next/static/chunks/node_modules_next_dist_1e8vcs8._.js:776
[  109021ms] [LOG] [Fast Refresh] done in 9ms @ http://localhost:3111/_next/static/chunks/node_modules_next_dist_1e8vcs8._.js:776
[  109057ms] [LOG] [Fast Refresh] done in 9ms @ http://localhost:3111/_next/static/chunks/node_modules_next_dist_1e8vcs8._.js:776
[  109110ms] [LOG] [Fast Refresh] done in 9ms @ http://localhost:3111/_next/static/chunks/node_modules_next_dist_1e8vcs8._.js:776
[  109158ms] [LOG] [Fast Refresh] done in 9ms @ http://localhost:3111/_next/static/chunks/node_modules_next_dist_1e8vcs8._.js:776
[  109208ms] [LOG] [Fast Refresh] done in 9ms @ http://localhost:3111/_next/static/chunks/node_modules_next_dist_1e8vcs8._.js:776
[  109258ms] [LOG] [Fast Refresh] done in 9ms @ http://localhost:3111/_next/static/chunks/node_modules_next_dist_1e8vcs8._.js:776
[  109306ms] [LOG] [Fast Refresh] done in 9ms @ http://localhost:3111/_next/static/chunks/node_modules_next_dist_1e8vcs8._.js:776
[  109359ms] [LOG] [Fast Refresh] done in 9ms @ http://localhost:3111/_next/static/chunks/node_modules_next_dist_1e8vcs8._.js:776
[  109408ms] [LOG] [Fast Refresh] done in 9ms @ http://localhost:3111/_next/static/chunks/node_modules_next_dist_1e8vcs8._.js:776
[  109458ms] [LOG] [Fast Refresh] done in 9ms @ http://localhost:3111/_next/static/chunks/node_modules_next_dist_1e8vcs8._.js:776
[  109505ms] [LOG] [Fast Refresh] done in 9ms @ http://localhost:3111/_next/static/chunks/node_modules_next_dist_1e8vcs8._.js:776
[  109558ms] [LOG] [Fast Refresh] done in 9ms @ http://localhost:3111/_next/static/chunks/node_modules_next_dist_1e8vcs8._.js:776
[  109606ms] [LOG] [Fast Refresh] done in 9ms @ http://localhost:3111/_next/static/chunks/node_modules_next_dist_1e8vcs8._.js:776
[  109658ms] [LOG] [Fast Refresh] done in 9ms @ http://localhost:3111/_next/static/chunks/node_modules_next_dist_1e8vcs8._.js:776
[  109709ms] [LOG] [Fast Refresh] done in 9ms @ http://localhost:3111/_next/static/chunks/node_modules_next_dist_1e8vcs8._.js:776
[  109757ms] [LOG] [Fast Refresh] done in 9ms @ http://localhost:3111/_next/static/chunks/node_modules_next_dist_1e8vcs8._.js:776
[  109810ms] [LOG] [Fast Refresh] done in 9ms @ http://localhost:3111/_next/static/chunks/node_modules_next_dist_1e8vcs8._.js:776
[  109858ms] [LOG] [Fast Refresh] done in 9ms @ http://localhost:3111/_next/static/chunks/node_modules_next_dist_1e8vcs8._.js:776
[  109907ms] [LOG] [Fast Refresh] done in 9ms @ http://localhost:3111/_next/static/chunks/node_modules_next_dist_1e8vcs8._.js:776
[  109958ms] [LOG] [Fast Refresh] done in 9ms @ http://localhost:3111/_next/static/chunks/node_modules_next_dist_1e8vcs8._.js:776
[  110007ms] [LOG] [Fast Refresh] done in 9ms @ http://localhost:3111/_next/static/chunks/node_modules_next_dist_1e8vcs8._.js:776
[  110058ms] [LOG] [Fast Refresh] done in 9ms @ http://localhost:3111/_next/static/chunks/node_modules_next_dist_1e8vcs8._.js:776
[  110106ms] [LOG] [Fast Refresh] done in 9ms @ http://localhost:3111/_next/static/chunks/node_modules_next_dist_1e8vcs8._.js:776
[  110156ms] [LOG] [Fast Refresh] done in 9ms @ http://localhost:3111/_next/static/chunks/node_modules_next_dist_1e8vcs8._.js:776
[  110210ms] [LOG] [Fast Refresh] done in 9ms @ http://localhost:3111/_next/static/chunks/node_modules_next_dist_1e8vcs8._.js:776
[  110258ms] [LOG] [Fast Refresh] done in 9ms @ http://localhost:3111/_next/static/chunks/node_modules_next_dist_1e8vcs8._.js:776
[  110307ms] [LOG] [Fast Refresh] done in 9ms @ http://localhost:3111/_next/static/chunks/node_modules_next_dist_1e8vcs8._.js:776
[  110357ms] [LOG] [Fast Refresh] done in 9ms @ http://localhost:3111/_next/static/chunks/node_modules_next_dist_1e8vcs8._.js:776
[  110409ms] [LOG] [Fast Refresh] done in 9ms @ http://localhost:3111/_next/static/chunks/node_modules_next_dist_1e8vcs8._.js:776
[  110458ms] [LOG] [Fast Refresh] done in 9ms @ http://localhost:3111/_next/static/chunks/node_modules_next_dist_1e8vcs8._.js:776
[  110506ms] [LOG] [Fast Refresh] done in 9ms @ http://localhost:3111/_next/static/chunks/node_modules_next_dist_1e8vcs8._.js:776
[  110556ms] [LOG] [Fast Refresh] done in 9ms @ http://localhost:3111/_next/static/chunks/node_modules_next_dist_1e8vcs8._.js:776
[  110609ms] [LOG] [Fast Refresh] done in 9ms @ http://localhost:3111/_next/static/chunks/node_modules_next_dist_1e8vcs8._.js:776
[  110657ms] [LOG] [Fast Refresh] done in 9ms @ http://localhost:3111/_next/static/chunks/node_modules_next_dist_1e8vcs8._.js:776
[  110707ms] [LOG] [Fast Refresh] done in 9ms @ http://localhost:3111/_next/static/chunks/node_modules_next_dist_1e8vcs8._.js:776
[  110757ms] [LOG] [Fast Refresh] done in 9ms @ http://localhost:3111/_next/static/chunks/node_modules_next_dist_1e8vcs8._.js:776
[  110808ms] [LOG] [Fast Refresh] done in 9ms @ http://localhost:3111/_next/static/chunks/node_modules_next_dist_1e8vcs8._.js:776
[  110860ms] [LOG] [Fast Refresh] done in 9ms @ http://localhost:3111/_next/static/chunks/node_modules_next_dist_1e8vcs8._.js:776
[  110909ms] [LOG] [Fast Refresh] done in 9ms @ http://localhost:3111/_next/static/chunks/node_modules_next_dist_1e8vcs8._.js:776
[  110958ms] [LOG] [Fast Refresh] done in 9ms @ http://localhost:3111/_next/static/chunks/node_modules_next_dist_1e8vcs8._.js:776
[  111006ms] [LOG] [Fast Refresh] done in 9ms @ http://localhost:3111/_next/static/chunks/node_modules_next_dist_1e8vcs8._.js:776
[  111057ms] [LOG] [Fast Refresh] done in 9ms @ http://localhost:3111/_next/static/chunks/node_modules_next_dist_1e8vcs8._.js:776
[  111107ms] [LOG] [Fast Refresh] done in 9ms @ http://localhost:3111/_next/static/chunks/node_modules_next_dist_1e8vcs8._.js:776
[  111157ms] [LOG] [Fast Refresh] done in 9ms @ http://localhost:3111/_next/static/chunks/node_modules_next_dist_1e8vcs8._.js:776
[  111207ms] [LOG] [Fast Refresh] done in 9ms @ http://localhost:3111/_next/static/chunks/node_modules_next_dist_1e8vcs8._.js:776
[  111256ms] [LOG] [Fast Refresh] done in 9ms @ http://localhost:3111/_next/static/chunks/node_modules_next_dist_1e8vcs8._.js:776
[  111306ms] [LOG] [Fast Refresh] done in 9ms @ http://localhost:3111/_next/static/chunks/node_modules_next_dist_1e8vcs8._.js:776
[  111357ms] [LOG] [Fast Refresh] done in 9ms @ http://localhost:3111/_next/static/chunks/node_modules_next_dist_1e8vcs8._.js:776
[  111406ms] [LOG] [Fast Refresh] done in 9ms @ http://localhost:3111/_next/static/chunks/node_modules_next_dist_1e8vcs8._.js:776
[  111457ms] [LOG] [Fast Refresh] done in 9ms @ http://localhost:3111/_next/static/chunks/node_modules_next_dist_1e8vcs8._.js:776
[  111509ms] [LOG] [Fast Refresh] done in 9ms @ http://localhost:3111/_next/static/chunks/node_modules_next_dist_1e8vcs8._.js:776
[  111557ms] [LOG] [Fast Refresh] done in 9ms @ http://localhost:3111/_next/static/chunks/node_modules_next_dist_1e8vcs8._.js:776
[  111606ms] [LOG] [Fast Refresh] done in 9ms @ http://localhost:3111/_next/static/chunks/node_modules_next_dist_1e8vcs8._.js:776
[  111657ms] [LOG] [Fast Refresh] done in 9ms @ http://localhost:3111/_next/static/chunks/node_modules_next_dist_1e8vcs8._.js:776
[  111723ms] [LOG] [Fast Refresh] done in 9ms @ http://localhost:3111/_next/static/chunks/node_modules_next_dist_1e8vcs8._.js:776
[  111897ms] [LOG] [Fast Refresh] rebuilding @ http://localhost:3111/_next/static/chunks/node_modules_next_dist_1e8vcs8._.js:776
[  112005ms] [LOG] [Fast Refresh] done in 79ms @ http://localhost:3111/_next/static/chunks/node_modules_next_dist_1e8vcs8._.js:776
[  112091ms] [LOG] [Fast Refresh] done in 79ms @ http://localhost:3111/_next/static/chunks/node_modules_next_dist_1e8vcs8._.js:776
[  112140ms] [LOG] [Fast Refresh] done in 79ms @ http://localhost:3111/_next/static/chunks/node_modules_next_dist_1e8vcs8._.js:776
[  112191ms] [LOG] [Fast Refresh] done in 79ms @ http://localhost:3111/_next/static/chunks/node_modules_next_dist_1e8vcs8._.js:776
[  112251ms] [LOG] [Fast Refresh] done in 79ms @ http://localhost:3111/_next/static/chunks/node_modules_next_dist_1e8vcs8._.js:776
[  112291ms] [LOG] [Fast Refresh] done in 79ms @ http://localhost:3111/_next/static/chunks/node_modules_next_dist_1e8vcs8._.js:776
[  112345ms] [LOG] [Fast Refresh] done in 79ms @ http://localhost:3111/_next/static/chunks/node_modules_next_dist_1e8vcs8._.js:776
[  112391ms] [LOG] [Fast Refresh] done in 79ms @ http://localhost:3111/_next/static/chunks/node_modules_next_dist_1e8vcs8._.js:776
[  112445ms] [LOG] [Fast Refresh] done in 79ms @ http://localhost:3111/_next/static/chunks/node_modules_next_dist_1e8vcs8._.js:776
[  112491ms] [LOG] [Fast Refresh] done in 79ms @ http://localhost:3111/_next/static/chunks/node_modules_next_dist_1e8vcs8._.js:776
[  112554ms] [LOG] [Fast Refresh] done in 79ms @ http://localhost:3111/_next/static/chunks/node_modules_next_dist_1e8vcs8._.js:776
[  112590ms] [LOG] [Fast Refresh] done in 79ms @ http://localhost:3111/_next/static/chunks/node_modules_next_dist_1e8vcs8._.js:776
[  112645ms] [LOG] [Fast Refresh] done in 79ms @ http://localhost:3111/_next/static/chunks/node_modules_next_dist_1e8vcs8._.js:776
[  112691ms] [LOG] [Fast Refresh] done in 79ms @ http://localhost:3111/_next/static/chunks/node_modules_next_dist_1e8vcs8._.js:776
[  112755ms] [LOG] [Fast Refresh] done in 79ms @ http://localhost:3111/_next/static/chunks/node_modules_next_dist_1e8vcs8._.js:776
[  112807ms] [LOG] [Fast Refresh] done in 79ms @ http://localhost:3111/_next/static/chunks/node_modules_next_dist_1e8vcs8._.js:776
[  112859ms] [LOG] [Fast Refresh] done in 79ms @ http://localhost:3111/_next/static/chunks/node_modules_next_dist_1e8vcs8._.js:776
[  112907ms] [LOG] [Fast Refresh] done in 79ms @ http://localhost:3111/_next/static/chunks/node_modules_next_dist_1e8vcs8._.js:776
[  112957ms] [LOG] [Fast Refresh] done in 79ms @ http://localhost:3111/_next/static/chunks/node_modules_next_dist_1e8vcs8._.js:776
[  113021ms] [LOG] [Fast Refresh] done in 79ms @ http://localhost:3111/_next/static/chunks/node_modules_next_dist_1e8vcs8._.js:776
[  113073ms] [LOG] [Fast Refresh] done in 79ms @ http://localhost:3111/_next/static/chunks/node_modules_next_dist_1e8vcs8._.js:776
[  113127ms] [LOG] [Fast Refresh] done in 79ms @ http://localhost:3111/_next/static/chunks/node_modules_next_dist_1e8vcs8._.js:776
[  113179ms] [LOG] [Fast Refresh] done in 79ms @ http://localhost:3111/_next/static/chunks/node_modules_next_dist_1e8vcs8._.js:776
[  113229ms] [LOG] [Fast Refresh] done in 79ms @ http://localhost:3111/_next/static/chunks/node_modules_next_dist_1e8vcs8._.js:776
[  113274ms] [LOG] [Fast Refresh] done in 79ms @ http://localhost:3111/_next/static/chunks/node_modules_next_dist_1e8vcs8._.js:776
[  113324ms] [LOG] [Fast Refresh] done in 79ms @ http://localhost:3111/_next/static/chunks/node_modules_next_dist_1e8vcs8._.js:776
[  113375ms] [LOG] [Fast Refresh] done in 79ms @ http://localhost:3111/_next/static/chunks/node_modules_next_dist_1e8vcs8._.js:776
[  113429ms] [LOG] [Fast Refresh] done in 79ms @ http://localhost:3111/_next/static/chunks/node_modules_next_dist_1e8vcs8._.js:776
[  113541ms] [LOG] [Fast Refresh] done in 79ms @ http://localhost:3111/_next/static/chunks/node_modules_next_dist_1e8vcs8._.js:776
[  113608ms] [LOG] [Fast Refresh] done in 79ms @ http://localhost:3111/_next/static/chunks/node_modules_next_dist_1e8vcs8._.js:776
[  113656ms] [LOG] [Fast Refresh] done in 79ms @ http://localhost:3111/_next/static/chunks/node_modules_next_dist_1e8vcs8._.js:776
[  113708ms] [LOG] [Fast Refresh] done in 79ms @ http://localhost:3111/_next/static/chunks/node_modules_next_dist_1e8vcs8._.js:776
[  113757ms] [LOG] [Fast Refresh] done in 79ms @ http://localhost:3111/_next/static/chunks/node_modules_next_dist_1e8vcs8._.js:776
[  113806ms] [LOG] [Fast Refresh] done in 79ms @ http://localhost:3111/_next/static/chunks/node_modules_next_dist_1e8vcs8._.js:776
[  113858ms] [LOG] [Fast Refresh] done in 79ms @ http://localhost:3111/_next/static/chunks/node_modules_next_dist_1e8vcs8._.js:776
[  113907ms] [LOG] [Fast Refresh] done in 79ms @ http://localhost:3111/_next/static/chunks/node_modules_next_dist_1e8vcs8._.js:776
[  113960ms] [LOG] [Fast Refresh] done in 79ms @ http://localhost:3111/_next/static/chunks/node_modules_next_dist_1e8vcs8._.js:776
[  114041ms] [LOG] [Fast Refresh] done in 79ms @ http://localhost:3111/_next/static/chunks/node_modules_next_dist_1e8vcs8._.js:776
[  114093ms] [LOG] [Fast Refresh] done in 79ms @ http://localhost:3111/_next/static/chunks/node_modules_next_dist_1e8vcs8._.js:776
[  114145ms] [LOG] [Fast Refresh] done in 79ms @ http://localhost:3111/_next/static/chunks/node_modules_next_dist_1e8vcs8._.js:776
[  114190ms] [LOG] [Fast Refresh] done in 79ms @ http://localhost:3111/_next/static/chunks/node_modules_next_dist_1e8vcs8._.js:776
[  114245ms] [LOG] [Fast Refresh] done in 79ms @ http://localhost:3111/_next/static/chunks/node_modules_next_dist_1e8vcs8._.js:776
[  114310ms] [LOG] [Fast Refresh] done in 79ms @ http://localhost:3111/_next/static/chunks/node_modules_next_dist_1e8vcs8._.js:776
[  114360ms] [LOG] [Fast Refresh] done in 79ms @ http://localhost:3111/_next/static/chunks/node_modules_next_dist_1e8vcs8._.js:776
[  114410ms] [LOG] [Fast Refresh] done in 79ms @ http://localhost:3111/_next/static/chunks/node_modules_next_dist_1e8vcs8._.js:776
[  114458ms] [LOG] [Fast Refresh] done in 79ms @ http://localhost:3111/_next/static/chunks/node_modules_next_dist_1e8vcs8._.js:776
[  114509ms] [LOG] [Fast Refresh] done in 79ms @ http://localhost:3111/_next/static/chunks/node_modules_next_dist_1e8vcs8._.js:776
[  114560ms] [LOG] [Fast Refresh] done in 79ms @ http://localhost:3111/_next/static/chunks/node_modules_next_dist_1e8vcs8._.js:776
[  114607ms] [LOG] [Fast Refresh] done in 79ms @ http://localhost:3111/_next/static/chunks/node_modules_next_dist_1e8vcs8._.js:776
[  114674ms] [LOG] [Fast Refresh] done in 79ms @ http://localhost:3111/_next/static/chunks/node_modules_next_dist_1e8vcs8._.js:776
[  114952ms] [LOG] [Fast Refresh] done in 79ms @ http://localhost:3111/_next/static/chunks/node_modules_next_dist_1e8vcs8._.js:776
[  115074ms] [LOG] [Fast Refresh] done in 79ms @ http://localhost:3111/_next/static/chunks/node_modules_next_dist_1e8vcs8._.js:776
[  115124ms] [LOG] [Fast Refresh] done in 79ms @ http://localhost:3111/_next/static/chunks/node_modules_next_dist_1e8vcs8._.js:776
[  115217ms] [LOG] [Fast Refresh] done in 79ms @ http://localhost:3111/_next/static/chunks/node_modules_next_dist_1e8vcs8._.js:776
[  115275ms] [LOG] [Fast Refresh] done in 79ms @ http://localhost:3111/_next/static/chunks/node_modules_next_dist_1e8vcs8._.js:776
[  115323ms] [LOG] [Fast Refresh] done in 79ms @ http://localhost:3111/_next/static/chunks/node_modules_next_dist_1e8vcs8._.js:776
[  115373ms] [LOG] [Fast Refresh] done in 79ms @ http://localhost:3111/_next/static/chunks/node_modules_next_dist_1e8vcs8._.js:776
[  115425ms] [LOG] [Fast Refresh] done in 79ms @ http://localhost:3111/_next/static/chunks/node_modules_next_dist_1e8vcs8._.js:776
[  115474ms] [LOG] [Fast Refresh] done in 79ms @ http://localhost:3111/_next/static/chunks/node_modules_next_dist_1e8vcs8._.js:776
[  115539ms] [LOG] [Fast Refresh] done in 79ms @ http://localhost:3111/_next/static/chunks/node_modules_next_dist_1e8vcs8._.js:776
[  115590ms] [LOG] [Fast Refresh] done in 79ms @ http://localhost:3111/_next/static/chunks/node_modules_next_dist_1e8vcs8._.js:776
[  115640ms] [LOG] [Fast Refresh] done in 79ms @ http://localhost:3111/_next/static/chunks/node_modules_next_dist_1e8vcs8._.js:776
[  115691ms] [LOG] [Fast Refresh] done in 79ms @ http://localhost:3111/_next/static/chunks/node_modules_next_dist_1e8vcs8._.js:776
[  115756ms] [LOG] [Fast Refresh] done in 79ms @ http://localhost:3111/_next/static/chunks/node_modules_next_dist_1e8vcs8._.js:776
[  115808ms] [LOG] [Fast Refresh] done in 79ms @ http://localhost:3111/_next/static/chunks/node_modules_next_dist_1e8vcs8._.js:776
[  115860ms] [LOG] [Fast Refresh] done in 79ms @ http://localhost:3111/_next/static/chunks/node_modules_next_dist_1e8vcs8._.js:776
[  115907ms] [LOG] [Fast Refresh] done in 79ms @ http://localhost:3111/_next/static/chunks/node_modules_next_dist_1e8vcs8._.js:776
[  115974ms] [LOG] [Fast Refresh] done in 79ms @ http://localhost:3111/_next/static/chunks/node_modules_next_dist_1e8vcs8._.js:776
[  116039ms] [LOG] [Fast Refresh] done in 79ms @ http://localhost:3111/_next/static/chunks/node_modules_next_dist_1e8vcs8._.js:776
[  116093ms] [LOG] [Fast Refresh] done in 79ms @ http://localhost:3111/_next/static/chunks/node_modules_next_dist_1e8vcs8._.js:776
[  116140ms] [LOG] [Fast Refresh] done in 79ms @ http://localhost:3111/_next/static/chunks/node_modules_next_dist_1e8vcs8._.js:776
[  116192ms] [LOG] [Fast Refresh] done in 79ms @ http://localhost:3111/_next/static/chunks/node_modules_next_dist_1e8vcs8._.js:776
[  116240ms] [LOG] [Fast Refresh] done in 79ms @ http://localhost:3111/_next/static/chunks/node_modules_next_dist_1e8vcs8._.js:776
[  116288ms] [LOG] [Fast Refresh] done in 79ms @ http://localhost:3111/_next/static/chunks/node_modules_next_dist_1e8vcs8._.js:776
[  116339ms] [LOG] [Fast Refresh] done in 79ms @ http://localhost:3111/_next/static/chunks/node_modules_next_dist_1e8vcs8._.js:776
[  116390ms] [LOG] [Fast Refresh] done in 79ms @ http://localhost:3111/_next/static/chunks/node_modules_next_dist_1e8vcs8._.js:776
[  116456ms] [LOG] [Fast Refresh] done in 79ms @ http://localhost:3111/_next/static/chunks/node_modules_next_dist_1e8vcs8._.js:776
[  116521ms] [LOG] [Fast Refresh] done in 79ms @ http://localhost:3111/_next/static/chunks/node_modules_next_dist_1e8vcs8._.js:776
[  116573ms] [LOG] [Fast Refresh] done in 79ms @ http://localhost:3111/_next/static/chunks/node_modules_next_dist_1e8vcs8._.js:776
[  116624ms] [LOG] [Fast Refresh] done in 79ms @ http://localhost:3111/_next/static/chunks/node_modules_next_dist_1e8vcs8._.js:776
[  116674ms] [LOG] [Fast Refresh] done in 79ms @ http://localhost:3111/_next/static/chunks/node_modules_next_dist_1e8vcs8._.js:776
[  116722ms] [LOG] [Fast Refresh] done in 79ms @ http://localhost:3111/_next/static/chunks/node_modules_next_dist_1e8vcs8._.js:776
[  116774ms] [LOG] [Fast Refresh] done in 79ms @ http://localhost:3111/_next/static/chunks/node_modules_next_dist_1e8vcs8._.js:776
[  116823ms] [LOG] [Fast Refresh] done in 79ms @ http://localhost:3111/_next/static/chunks/node_modules_next_dist_1e8vcs8._.js:776
[  116875ms] [LOG] [Fast Refresh] done in 79ms @ http://localhost:3111/_next/static/chunks/node_modules_next_dist_1e8vcs8._.js:776
[  116924ms] [LOG] [Fast Refresh] done in 79ms @ http://localhost:3111/_next/static/chunks/node_modules_next_dist_1e8vcs8._.js:776
[  116973ms] [LOG] [Fast Refresh] done in 79ms @ http://localhost:3111/_next/static/chunks/node_modules_next_dist_1e8vcs8._.js:776
[  117025ms] [LOG] [Fast Refresh] done in 79ms @ http://localhost:3111/_next/static/chunks/node_modules_next_dist_1e8vcs8._.js:776
[  117073ms] [LOG] [Fast Refresh] done in 79ms @ http://localhost:3111/_next/static/chunks/node_modules_next_dist_1e8vcs8._.js:776
[  117138ms] [LOG] [Fast Refresh] done in 79ms @ http://localhost:3111/_next/static/chunks/node_modules_next_dist_1e8vcs8._.js:776
[  117192ms] [LOG] [Fast Refresh] done in 79ms @ http://localhost:3111/_next/static/chunks/node_modules_next_dist_1e8vcs8._.js:776
[  117239ms] [LOG] [Fast Refresh] done in 79ms @ http://localhost:3111/_next/static/chunks/node_modules_next_dist_1e8vcs8._.js:776
[  117289ms] [LOG] [Fast Refresh] done in 79ms @ http://localhost:3111/_next/static/chunks/node_modules_next_dist_1e8vcs8._.js:776
[  117340ms] [LOG] [Fast Refresh] done in 79ms @ http://localhost:3111/_next/static/chunks/node_modules_next_dist_1e8vcs8._.js:776
[  117390ms] [LOG] [Fast Refresh] done in 79ms @ http://localhost:3111/_next/static/chunks/node_modules_next_dist_1e8vcs8._.js:776
[  117440ms] [LOG] [Fast Refresh] done in 79ms @ http://localhost:3111/_next/static/chunks/node_modules_next_dist_1e8vcs8._.js:776
[  117489ms] [LOG] [Fast Refresh] done in 79ms @ http://localhost:3111/_next/static/chunks/node_modules_next_dist_1e8vcs8._.js:776
[  117541ms] [LOG] [Fast Refresh] done in 79ms @ http://localhost:3111/_next/static/chunks/node_modules_next_dist_1e8vcs8._.js:776
[  117590ms] [LOG] [Fast Refresh] done in 79ms @ http://localhost:3111/_next/static/chunks/node_modules_next_dist_1e8vcs8._.js:776
[  117641ms] [LOG] [Fast Refresh] done in 79ms @ http://localhost:3111/_next/static/chunks/node_modules_next_dist_1e8vcs8._.js:776
[  117692ms] [LOG] [Fast Refresh] done in 79ms @ http://localhost:3111/_next/static/chunks/node_modules_next_dist_1e8vcs8._.js:776
[  117739ms] [LOG] [Fast Refresh] done in 79ms @ http://localhost:3111/_next/static/chunks/node_modules_next_dist_1e8vcs8._.js:776
[  117789ms] [LOG] [Fast Refresh] done in 79ms @ http://localhost:3111/_next/static/chunks/node_modules_next_dist_1e8vcs8._.js:776
[  117841ms] [LOG] [Fast Refresh] done in 79ms @ http://localhost:3111/_next/static/chunks/node_modules_next_dist_1e8vcs8._.js:776
[  117905ms] [LOG] [Fast Refresh] done in 79ms @ http://localhost:3111/_next/static/chunks/node_modules_next_dist_1e8vcs8._.js:776
[  117942ms] [LOG] [Fast Refresh] done in 79ms @ http://localhost:3111/_next/static/chunks/node_modules_next_dist_1e8vcs8._.js:776
[  117991ms] [LOG] [Fast Refresh] done in 79ms @ http://localhost:3111/_next/static/chunks/node_modules_next_dist_1e8vcs8._.js:776
[  118041ms] [LOG] [Fast Refresh] done in 79ms @ http://localhost:3111/_next/static/chunks/node_modules_next_dist_1e8vcs8._.js:776
[  118089ms] [LOG] [Fast Refresh] done in 79ms @ http://localhost:3111/_next/static/chunks/node_modules_next_dist_1e8vcs8._.js:776
[  118139ms] [LOG] [Fast Refresh] done in 79ms @ http://localhost:3111/_next/static/chunks/node_modules_next_dist_1e8vcs8._.js:776
[  118191ms] [LOG] [Fast Refresh] done in 79ms @ http://localhost:3111/_next/static/chunks/node_modules_next_dist_1e8vcs8._.js:776
[  118240ms] [LOG] [Fast Refresh] done in 79ms @ http://localhost:3111/_next/static/chunks/node_modules_next_dist_1e8vcs8._.js:776
[  118290ms] [LOG] [Fast Refresh] done in 79ms @ http://localhost:3111/_next/static/chunks/node_modules_next_dist_1e8vcs8._.js:776
[  118339ms] [LOG] [Fast Refresh] done in 79ms @ http://localhost:3111/_next/static/chunks/node_modules_next_dist_1e8vcs8._.js:776
[  118392ms] [LOG] [Fast Refresh] done in 79ms @ http://localhost:3111/_next/static/chunks/node_modules_next_dist_1e8vcs8._.js:776
[  118442ms] [LOG] [Fast Refresh] done in 79ms @ http://localhost:3111/_next/static/chunks/node_modules_next_dist_1e8vcs8._.js:776
[  118490ms] [LOG] [Fast Refresh] done in 79ms @ http://localhost:3111/_next/static/chunks/node_modules_next_dist_1e8vcs8._.js:776
[  118541ms] [LOG] [Fast Refresh] done in 79ms @ http://localhost:3111/_next/static/chunks/node_modules_next_dist_1e8vcs8._.js:776
[  118591ms] [LOG] [Fast Refresh] done in 79ms @ http://localhost:3111/_next/static/chunks/node_modules_next_dist_1e8vcs8._.js:776
[  118643ms] [LOG] [Fast Refresh] done in 79ms @ http://localhost:3111/_next/static/chunks/node_modules_next_dist_1e8vcs8._.js:776
[  118691ms] [LOG] [Fast Refresh] done in 79ms @ http://localhost:3111/_next/static/chunks/node_modules_next_dist_1e8vcs8._.js:776
[  118741ms] [LOG] [Fast Refresh] done in 79ms @ http://localhost:3111/_next/static/chunks/node_modules_next_dist_1e8vcs8._.js:776
[  118807ms] [LOG] [Fast Refresh] done in 79ms @ http://localhost:3111/_next/static/chunks/node_modules_next_dist_1e8vcs8._.js:776
[  118877ms] [LOG] [Fast Refresh] done in 79ms @ http://localhost:3111/_next/static/chunks/node_modules_next_dist_1e8vcs8._.js:776
[  118928ms] [LOG] [Fast Refresh] done in 79ms @ http://localhost:3111/_next/static/chunks/node_modules_next_dist_1e8vcs8._.js:776
[  118978ms] [LOG] [Fast Refresh] done in 79ms @ http://localhost:3111/_next/static/chunks/node_modules_next_dist_1e8vcs8._.js:776
[  119050ms] [LOG] [Fast Refresh] done in 79ms @ http://localhost:3111/_next/static/chunks/node_modules_next_dist_1e8vcs8._.js:776
[  119121ms] [LOG] [Fast Refresh] done in 79ms @ http://localhost:3111/_next/static/chunks/node_modules_next_dist_1e8vcs8._.js:776
[  119220ms] [LOG] [Fast Refresh] done in 79ms @ http://localhost:3111/_next/static/chunks/node_modules_next_dist_1e8vcs8._.js:776
[  119274ms] [LOG] [Fast Refresh] done in 79ms @ http://localhost:3111/_next/static/chunks/node_modules_next_dist_1e8vcs8._.js:776
[  119341ms] [LOG] [Fast Refresh] done in 79ms @ http://localhost:3111/_next/static/chunks/node_modules_next_dist_1e8vcs8._.js:776
[  119394ms] [LOG] [Fast Refresh] done in 79ms @ http://localhost:3111/_next/static/chunks/node_modules_next_dist_1e8vcs8._.js:776
[  119443ms] [LOG] [Fast Refresh] done in 79ms @ http://localhost:3111/_next/static/chunks/node_modules_next_dist_1e8vcs8._.js:776
[  119507ms] [LOG] [Fast Refresh] done in 79ms @ http://localhost:3111/_next/static/chunks/node_modules_next_dist_1e8vcs8._.js:776
[  119564ms] [LOG] [Fast Refresh] done in 79ms @ http://localhost:3111/_next/static/chunks/node_modules_next_dist_1e8vcs8._.js:776
[  119637ms] [LOG] [Fast Refresh] done in 79ms @ http://localhost:3111/_next/static/chunks/node_modules_next_dist_1e8vcs8._.js:776
[  119752ms] [LOG] [Fast Refresh] done in 79ms @ http://localhost:3111/_next/static/chunks/node_modules_next_dist_1e8vcs8._.js:776
[  119814ms] [LOG] [Fast Refresh] done in 79ms @ http://localhost:3111/_next/static/chunks/node_modules_next_dist_1e8vcs8._.js:776
[  119861ms] [LOG] [Fast Refresh] done in 79ms @ http://localhost:3111/_next/static/chunks/node_modules_next_dist_1e8vcs8._.js:776
[  119908ms] [LOG] [Fast Refresh] done in 79ms @ http://localhost:3111/_next/static/chunks/node_modules_next_dist_1e8vcs8._.js:776
[  119957ms] [LOG] [Fast Refresh] done in 79ms @ http://localhost:3111/_next/static/chunks/node_modules_next_dist_1e8vcs8._.js:776
[  120006ms] [LOG] [Fast Refresh] done in 79ms @ http://localhost:3111/_next/static/chunks/node_modules_next_dist_1e8vcs8._.js:776
[  120057ms] [LOG] [Fast Refresh] done in 79ms @ http://localhost:3111/_next/static/chunks/node_modules_next_dist_1e8vcs8._.js:776
[  120105ms] [LOG] [Fast Refresh] done in 79ms @ http://localhost:3111/_next/static/chunks/node_modules_next_dist_1e8vcs8._.js:776
[  120157ms] [LOG] [Fast Refresh] done in 79ms @ http://localhost:3111/_next/static/chunks/node_modules_next_dist_1e8vcs8._.js:776
[  120207ms] [LOG] [Fast Refresh] done in 79ms @ http://localhost:3111/_next/static/chunks/node_modules_next_dist_1e8vcs8._.js:776
[  120256ms] [LOG] [Fast Refresh] done in 79ms @ http://localhost:3111/_next/static/chunks/node_modules_next_dist_1e8vcs8._.js:776
[  120322ms] [LOG] [Fast Refresh] done in 79ms @ http://localhost:3111/_next/static/chunks/node_modules_next_dist_1e8vcs8._.js:776
[  120375ms] [LOG] [Fast Refresh] done in 79ms @ http://localhost:3111/_next/static/chunks/node_modules_next_dist_1e8vcs8._.js:776
[  120423ms] [LOG] [Fast Refresh] done in 79ms @ http://localhost:3111/_next/static/chunks/node_modules_next_dist_1e8vcs8._.js:776
[  120474ms] [LOG] [Fast Refresh] done in 79ms @ http://localhost:3111/_next/static/chunks/node_modules_next_dist_1e8vcs8._.js:776
[  120537ms] [LOG] [Fast Refresh] done in 79ms @ http://localhost:3111/_next/static/chunks/node_modules_next_dist_1e8vcs8._.js:776
[  120589ms] [LOG] [Fast Refresh] done in 79ms @ http://localhost:3111/_next/static/chunks/node_modules_next_dist_1e8vcs8._.js:776
[  120640ms] [LOG] [Fast Refresh] done in 79ms @ http://localhost:3111/_next/static/chunks/node_modules_next_dist_1e8vcs8._.js:776
[  120709ms] [LOG] [Fast Refresh] done in 79ms @ http://localhost:3111/_next/static/chunks/node_modules_next_dist_1e8vcs8._.js:776
[  120773ms] [LOG] [Fast Refresh] done in 79ms @ http://localhost:3111/_next/static/chunks/node_modules_next_dist_1e8vcs8._.js:776
[  120822ms] [LOG] [Fast Refresh] done in 79ms @ http://localhost:3111/_next/static/chunks/node_modules_next_dist_1e8vcs8._.js:776
[  120873ms] [LOG] [Fast Refresh] done in 79ms @ http://localhost:3111/_next/static/chunks/node_modules_next_dist_1e8vcs8._.js:776
[  120923ms] [LOG] [Fast Refresh] done in 79ms @ http://localhost:3111/_next/static/chunks/node_modules_next_dist_1e8vcs8._.js:776
[  120973ms] [LOG] [Fast Refresh] done in 79ms @ http://localhost:3111/_next/static/chunks/node_modules_next_dist_1e8vcs8._.js:776
[  121025ms] [LOG] [Fast Refresh] done in 79ms @ http://localhost:3111/_next/static/chunks/node_modules_next_dist_1e8vcs8._.js:776
[  121073ms] [LOG] [Fast Refresh] done in 79ms @ http://localhost:3111/_next/static/chunks/node_modules_next_dist_1e8vcs8._.js:776
[  121125ms] [LOG] [Fast Refresh] done in 79ms @ http://localhost:3111/_next/static/chunks/node_modules_next_dist_1e8vcs8._.js:776
[  121188ms] [LOG] [Fast Refresh] done in 79ms @ http://localhost:3111/_next/static/chunks/node_modules_next_dist_1e8vcs8._.js:776
[  121239ms] [LOG] [Fast Refresh] done in 79ms @ http://localhost:3111/_next/static/chunks/node_modules_next_dist_1e8vcs8._.js:776
[  121289ms] [LOG] [Fast Refresh] done in 79ms @ http://localhost:3111/_next/static/chunks/node_modules_next_dist_1e8vcs8._.js:776
[  121339ms] [LOG] [Fast Refresh] done in 79ms @ http://localhost:3111/_next/static/chunks/node_modules_next_dist_1e8vcs8._.js:776
[  121388ms] [LOG] [Fast Refresh] done in 79ms @ http://localhost:3111/_next/static/chunks/node_modules_next_dist_1e8vcs8._.js:776
[  121441ms] [LOG] [Fast Refresh] done in 79ms @ http://localhost:3111/_next/static/chunks/node_modules_next_dist_1e8vcs8._.js:776
[  121490ms] [LOG] [Fast Refresh] done in 79ms @ http://localhost:3111/_next/static/chunks/node_modules_next_dist_1e8vcs8._.js:776
[  121542ms] [LOG] [Fast Refresh] done in 79ms @ http://localhost:3111/_next/static/chunks/node_modules_next_dist_1e8vcs8._.js:776
[  121590ms] [LOG] [Fast Refresh] done in 79ms @ http://localhost:3111/_next/static/chunks/node_modules_next_dist_1e8vcs8._.js:776
[  121639ms] [LOG] [Fast Refresh] done in 79ms @ http://localhost:3111/_next/static/chunks/node_modules_next_dist_1e8vcs8._.js:776
[  121689ms] [LOG] [Fast Refresh] done in 79ms @ http://localhost:3111/_next/static/chunks/node_modules_next_dist_1e8vcs8._.js:776
[  121742ms] [LOG] [Fast Refresh] done in 79ms @ http://localhost:3111/_next/static/chunks/node_modules_next_dist_1e8vcs8._.js:776
[  121790ms] [LOG] [Fast Refresh] done in 79ms @ http://localhost:3111/_next/static/chunks/node_modules_next_dist_1e8vcs8._.js:776
[  121842ms] [LOG] [Fast Refresh] done in 79ms @ http://localhost:3111/_next/static/chunks/node_modules_next_dist_1e8vcs8._.js:776
[  121889ms] [LOG] [Fast Refresh] done in 79ms @ http://localhost:3111/_next/static/chunks/node_modules_next_dist_1e8vcs8._.js:776
[  121940ms] [LOG] [Fast Refresh] done in 79ms @ http://localhost:3111/_next/static/chunks/node_modules_next_dist_1e8vcs8._.js:776
[  121989ms] [LOG] [Fast Refresh] done in 79ms @ http://localhost:3111/_next/static/chunks/node_modules_next_dist_1e8vcs8._.js:776
[  122039ms] [LOG] [Fast Refresh] done in 79ms @ http://localhost:3111/_next/static/chunks/node_modules_next_dist_1e8vcs8._.js:776
[  122089ms] [LOG] [Fast Refresh] done in 79ms @ http://localhost:3111/_next/static/chunks/node_modules_next_dist_1e8vcs8._.js:776
[  122141ms] [LOG] [Fast Refresh] done in 79ms @ http://localhost:3111/_next/static/chunks/node_modules_next_dist_1e8vcs8._.js:776
[  122191ms] [LOG] [Fast Refresh] done in 79ms @ http://localhost:3111/_next/static/chunks/node_modules_next_dist_1e8vcs8._.js:776
[  122241ms] [LOG] [Fast Refresh] done in 79ms @ http://localhost:3111/_next/static/chunks/node_modules_next_dist_1e8vcs8._.js:776
[  122289ms] [LOG] [Fast Refresh] done in 79ms @ http://localhost:3111/_next/static/chunks/node_modules_next_dist_1e8vcs8._.js:776
[  122338ms] [LOG] [Fast Refresh] done in 79ms @ http://localhost:3111/_next/static/chunks/node_modules_next_dist_1e8vcs8._.js:776
[  122390ms] [LOG] [Fast Refresh] done in 79ms @ http://localhost:3111/_next/static/chunks/node_modules_next_dist_1e8vcs8._.js:776
[  122439ms] [LOG] [Fast Refresh] done in 79ms @ http://localhost:3111/_next/static/chunks/node_modules_next_dist_1e8vcs8._.js:776
[  122504ms] [LOG] [Fast Refresh] done in 79ms @ http://localhost:3111/_next/static/chunks/node_modules_next_dist_1e8vcs8._.js:776
[  122555ms] [LOG] [Fast Refresh] done in 79ms @ http://localhost:3111/_next/static/chunks/node_modules_next_dist_1e8vcs8._.js:776
[  122605ms] [LOG] [Fast Refresh] done in 79ms @ http://localhost:3111/_next/static/chunks/node_modules_next_dist_1e8vcs8._.js:776
[  122658ms] [LOG] [Fast Refresh] done in 79ms @ http://localhost:3111/_next/static/chunks/node_modules_next_dist_1e8vcs8._.js:776
[  122705ms] [LOG] [Fast Refresh] done in 79ms @ http://localhost:3111/_next/static/chunks/node_modules_next_dist_1e8vcs8._.js:776
[  122755ms] [LOG] [Fast Refresh] done in 79ms @ http://localhost:3111/_next/static/chunks/node_modules_next_dist_1e8vcs8._.js:776
[  122805ms] [LOG] [Fast Refresh] done in 79ms @ http://localhost:3111/_next/static/chunks/node_modules_next_dist_1e8vcs8._.js:776
[  122854ms] [LOG] [Fast Refresh] done in 79ms @ http://localhost:3111/_next/static/chunks/node_modules_next_dist_1e8vcs8._.js:776
[  122908ms] [LOG] [Fast Refresh] done in 79ms @ http://localhost:3111/_next/static/chunks/node_modules_next_dist_1e8vcs8._.js:776
[  122956ms] [LOG] [Fast Refresh] done in 79ms @ http://localhost:3111/_next/static/chunks/node_modules_next_dist_1e8vcs8._.js:776
[  123020ms] [LOG] [Fast Refresh] done in 79ms @ http://localhost:3111/_next/static/chunks/node_modules_next_dist_1e8vcs8._.js:776
[  123072ms] [LOG] [Fast Refresh] done in 79ms @ http://localhost:3111/_next/static/chunks/node_modules_next_dist_1e8vcs8._.js:776
[  123123ms] [LOG] [Fast Refresh] done in 79ms @ http://localhost:3111/_next/static/chunks/node_modules_next_dist_1e8vcs8._.js:776
[  123172ms] [LOG] [Fast Refresh] done in 79ms @ http://localhost:3111/_next/static/chunks/node_modules_next_dist_1e8vcs8._.js:776
[  123222ms] [LOG] [Fast Refresh] done in 79ms @ http://localhost:3111/_next/static/chunks/node_modules_next_dist_1e8vcs8._.js:776
[  123274ms] [LOG] [Fast Refresh] done in 79ms @ http://localhost:3111/_next/static/chunks/node_modules_next_dist_1e8vcs8._.js:776
[  123323ms] [LOG] [Fast Refresh] done in 79ms @ http://localhost:3111/_next/static/chunks/node_modules_next_dist_1e8vcs8._.js:776
[  123372ms] [LOG] [Fast Refresh] done in 79ms @ http://localhost:3111/_next/static/chunks/node_modules_next_dist_1e8vcs8._.js:776
[  123423ms] [LOG] [Fast Refresh] done in 79ms @ http://localhost:3111/_next/static/chunks/node_modules_next_dist_1e8vcs8._.js:776
[  123472ms] [LOG] [Fast Refresh] done in 79ms @ http://localhost:3111/_next/static/chunks/node_modules_next_dist_1e8vcs8._.js:776
[  123520ms] [LOG] [Fast Refresh] done in 79ms @ http://localhost:3111/_next/static/chunks/node_modules_next_dist_1e8vcs8._.js:776
[  123556ms] [LOG] [Fast Refresh] done in 79ms @ http://localhost:3111/_next/static/chunks/node_modules_next_dist_1e8vcs8._.js:776
[  123607ms] [LOG] [Fast Refresh] done in 79ms @ http://localhost:3111/_next/static/chunks/node_modules_next_dist_1e8vcs8._.js:776
[  123656ms] [LOG] [Fast Refresh] done in 79ms @ http://localhost:3111/_next/static/chunks/node_modules_next_dist_1e8vcs8._.js:776
[  123705ms] [LOG] [Fast Refresh] done in 79ms @ http://localhost:3111/_next/static/chunks/node_modules_next_dist_1e8vcs8._.js:776
[  123755ms] [LOG] [Fast Refresh] done in 79ms @ http://localhost:3111/_next/static/chunks/node_modules_next_dist_1e8vcs8._.js:776
[  123805ms] [LOG] [Fast Refresh] done in 79ms @ http://localhost:3111/_next/static/chunks/node_modules_next_dist_1e8vcs8._.js:776
[  123856ms] [LOG] [Fast Refresh] done in 79ms @ http://localhost:3111/_next/static/chunks/node_modules_next_dist_1e8vcs8._.js:776
[  123908ms] [LOG] [Fast Refresh] done in 79ms @ http://localhost:3111/_next/static/chunks/node_modules_next_dist_1e8vcs8._.js:776
[  123958ms] [LOG] [Fast Refresh] done in 79ms @ http://localhost:3111/_next/static/chunks/node_modules_next_dist_1e8vcs8._.js:776
[  124004ms] [LOG] [Fast Refresh] done in 79ms @ http://localhost:3111/_next/static/chunks/node_modules_next_dist_1e8vcs8._.js:776
[  124056ms] [LOG] [Fast Refresh] done in 79ms @ http://localhost:3111/_next/static/chunks/node_modules_next_dist_1e8vcs8._.js:776
[  124108ms] [LOG] [Fast Refresh] done in 79ms @ http://localhost:3111/_next/static/chunks/node_modules_next_dist_1e8vcs8._.js:776
[  124156ms] [LOG] [Fast Refresh] done in 79ms @ http://localhost:3111/_next/static/chunks/node_modules_next_dist_1e8vcs8._.js:776
[  124207ms] [LOG] [Fast Refresh] done in 79ms @ http://localhost:3111/_next/static/chunks/node_modules_next_dist_1e8vcs8._.js:776
[  124255ms] [LOG] [Fast Refresh] done in 79ms @ http://localhost:3111/_next/static/chunks/node_modules_next_dist_1e8vcs8._.js:776
[  124307ms] [LOG] [Fast Refresh] done in 79ms @ http://localhost:3111/_next/static/chunks/node_modules_next_dist_1e8vcs8._.js:776
[  124358ms] [LOG] [Fast Refresh] done in 79ms @ http://localhost:3111/_next/static/chunks/node_modules_next_dist_1e8vcs8._.js:776
[  124406ms] [LOG] [Fast Refresh] done in 79ms @ http://localhost:3111/_next/static/chunks/node_modules_next_dist_1e8vcs8._.js:776
[  124455ms] [LOG] [Fast Refresh] done in 79ms @ http://localhost:3111/_next/static/chunks/node_modules_next_dist_1e8vcs8._.js:776
[  124505ms] [LOG] [Fast Refresh] done in 79ms @ http://localhost:3111/_next/static/chunks/node_modules_next_dist_1e8vcs8._.js:776
[  124555ms] [LOG] [Fast Refresh] done in 79ms @ http://localhost:3111/_next/static/chunks/node_modules_next_dist_1e8vcs8._.js:776
[  124622ms] [LOG] [Fast Refresh] done in 79ms @ http://localhost:3111/_next/static/chunks/node_modules_next_dist_1e8vcs8._.js:776
[  124672ms] [LOG] [Fast Refresh] done in 79ms @ http://localhost:3111/_next/static/chunks/node_modules_next_dist_1e8vcs8._.js:776
[  124723ms] [LOG] [Fast Refresh] done in 79ms @ http://localhost:3111/_next/static/chunks/node_modules_next_dist_1e8vcs8._.js:776
[  124773ms] [LOG] [Fast Refresh] done in 79ms @ http://localhost:3111/_next/static/chunks/node_modules_next_dist_1e8vcs8._.js:776
[  124823ms] [LOG] [Fast Refresh] done in 79ms @ http://localhost:3111/_next/static/chunks/node_modules_next_dist_1e8vcs8._.js:776
[  124872ms] [LOG] [Fast Refresh] done in 79ms @ http://localhost:3111/_next/static/chunks/node_modules_next_dist_1e8vcs8._.js:776
[  124925ms] [LOG] [Fast Refresh] done in 79ms @ http://localhost:3111/_next/static/chunks/node_modules_next_dist_1e8vcs8._.js:776
[  124973ms] [LOG] [Fast Refresh] done in 79ms @ http://localhost:3111/_next/static/chunks/node_modules_next_dist_1e8vcs8._.js:776
[  125039ms] [LOG] [Fast Refresh] done in 79ms @ http://localhost:3111/_next/static/chunks/node_modules_next_dist_1e8vcs8._.js:776
[  125089ms] [LOG] [Fast Refresh] done in 79ms @ http://localhost:3111/_next/static/chunks/node_modules_next_dist_1e8vcs8._.js:776
[  125140ms] [LOG] [Fast Refresh] done in 79ms @ http://localhost:3111/_next/static/chunks/node_modules_next_dist_1e8vcs8._.js:776
[  125188ms] [LOG] [Fast Refresh] done in 79ms @ http://localhost:3111/_next/static/chunks/node_modules_next_dist_1e8vcs8._.js:776
[  125240ms] [LOG] [Fast Refresh] done in 79ms @ http://localhost:3111/_next/static/chunks/node_modules_next_dist_1e8vcs8._.js:776
[  125289ms] [LOG] [Fast Refresh] done in 79ms @ http://localhost:3111/_next/static/chunks/node_modules_next_dist_1e8vcs8._.js:776
[  125355ms] [LOG] [Fast Refresh] done in 79ms @ http://localhost:3111/_next/static/chunks/node_modules_next_dist_1e8vcs8._.js:776
[  125407ms] [LOG] [Fast Refresh] done in 79ms @ http://localhost:3111/_next/static/chunks/node_modules_next_dist_1e8vcs8._.js:776
[  125455ms] [LOG] [Fast Refresh] done in 79ms @ http://localhost:3111/_next/static/chunks/node_modules_next_dist_1e8vcs8._.js:776
[  125520ms] [LOG] [Fast Refresh] done in 79ms @ http://localhost:3111/_next/static/chunks/node_modules_next_dist_1e8vcs8._.js:776
[  125558ms] [LOG] [Fast Refresh] done in 79ms @ http://localhost:3111/_next/static/chunks/node_modules_next_dist_1e8vcs8._.js:776
[  125606ms] [LOG] [Fast Refresh] done in 79ms @ http://localhost:3111/_next/static/chunks/node_modules_next_dist_1e8vcs8._.js:776
[  125655ms] [LOG] [Fast Refresh] done in 79ms @ http://localhost:3111/_next/static/chunks/node_modules_next_dist_1e8vcs8._.js:776
[  125705ms] [LOG] [Fast Refresh] done in 79ms @ http://localhost:3111/_next/static/chunks/node_modules_next_dist_1e8vcs8._.js:776
[  125756ms] [LOG] [Fast Refresh] done in 79ms @ http://localhost:3111/_next/static/chunks/node_modules_next_dist_1e8vcs8._.js:776
[  125806ms] [LOG] [Fast Refresh] done in 79ms @ http://localhost:3111/_next/static/chunks/node_modules_next_dist_1e8vcs8._.js:776
[  125855ms] [LOG] [Fast Refresh] done in 79ms @ http://localhost:3111/_next/static/chunks/node_modules_next_dist_1e8vcs8._.js:776
[  125922ms] [LOG] [Fast Refresh] done in 79ms @ http://localhost:3111/_next/static/chunks/node_modules_next_dist_1e8vcs8._.js:776
[  125986ms] [LOG] [Fast Refresh] done in 79ms @ http://localhost:3111/_next/static/chunks/node_modules_next_dist_1e8vcs8._.js:776
[  126037ms] [LOG] [Fast Refresh] done in 79ms @ http://localhost:3111/_next/static/chunks/node_modules_next_dist_1e8vcs8._.js:776
[  126074ms] [LOG] [Fast Refresh] done in 79ms @ http://localhost:3111/_next/static/chunks/node_modules_next_dist_1e8vcs8._.js:776
[  126123ms] [LOG] [Fast Refresh] done in 79ms @ http://localhost:3111/_next/static/chunks/node_modules_next_dist_1e8vcs8._.js:776
[  126172ms] [LOG] [Fast Refresh] done in 79ms @ http://localhost:3111/_next/static/chunks/node_modules_next_dist_1e8vcs8._.js:776
[  126222ms] [LOG] [Fast Refresh] done in 79ms @ http://localhost:3111/_next/static/chunks/node_modules_next_dist_1e8vcs8._.js:776
[  126273ms] [LOG] [Fast Refresh] done in 79ms @ http://localhost:3111/_next/static/chunks/node_modules_next_dist_1e8vcs8._.js:776
[  126322ms] [LOG] [Fast Refresh] done in 79ms @ http://localhost:3111/_next/static/chunks/node_modules_next_dist_1e8vcs8._.js:776
[  126372ms] [LOG] [Fast Refresh] done in 79ms @ http://localhost:3111/_next/static/chunks/node_modules_next_dist_1e8vcs8._.js:776
[  126423ms] [LOG] [Fast Refresh] done in 79ms @ http://localhost:3111/_next/static/chunks/node_modules_next_dist_1e8vcs8._.js:776
[  126472ms] [LOG] [Fast Refresh] done in 79ms @ http://localhost:3111/_next/static/chunks/node_modules_next_dist_1e8vcs8._.js:776
[  126525ms] [LOG] [Fast Refresh] done in 79ms @ http://localhost:3111/_next/static/chunks/node_modules_next_dist_1e8vcs8._.js:776
[  126573ms] [LOG] [Fast Refresh] done in 79ms @ http://localhost:3111/_next/static/chunks/node_modules_next_dist_1e8vcs8._.js:776
[  126622ms] [LOG] [Fast Refresh] done in 79ms @ http://localhost:3111/_next/static/chunks/node_modules_next_dist_1e8vcs8._.js:776
[  126671ms] [LOG] [Fast Refresh] done in 79ms @ http://localhost:3111/_next/static/chunks/node_modules_next_dist_1e8vcs8._.js:776
[  126724ms] [LOG] [Fast Refresh] done in 79ms @ http://localhost:3111/_next/static/chunks/node_modules_next_dist_1e8vcs8._.js:776
[  126772ms] [LOG] [Fast Refresh] done in 79ms @ http://localhost:3111/_next/static/chunks/node_modules_next_dist_1e8vcs8._.js:776
[  126823ms] [LOG] [Fast Refresh] done in 79ms @ http://localhost:3111/_next/static/chunks/node_modules_next_dist_1e8vcs8._.js:776
[  126874ms] [LOG] [Fast Refresh] done in 79ms @ http://localhost:3111/_next/static/chunks/node_modules_next_dist_1e8vcs8._.js:776
[  126925ms] [LOG] [Fast Refresh] done in 79ms @ http://localhost:3111/_next/static/chunks/node_modules_next_dist_1e8vcs8._.js:776
[  126973ms] [LOG] [Fast Refresh] done in 79ms @ http://localhost:3111/_next/static/chunks/node_modules_next_dist_1e8vcs8._.js:776
[  127025ms] [LOG] [Fast Refresh] done in 79ms @ http://localhost:3111/_next/static/chunks/node_modules_next_dist_1e8vcs8._.js:776
[  127073ms] [LOG] [Fast Refresh] done in 79ms @ http://localhost:3111/_next/static/chunks/node_modules_next_dist_1e8vcs8._.js:776
[  127122ms] [LOG] [Fast Refresh] done in 79ms @ http://localhost:3111/_next/static/chunks/node_modules_next_dist_1e8vcs8._.js:776
[  127174ms] [LOG] [Fast Refresh] done in 79ms @ http://localhost:3111/_next/static/chunks/node_modules_next_dist_1e8vcs8._.js:776
[  127222ms] [LOG] [Fast Refresh] done in 79ms @ http://localhost:3111/_next/static/chunks/node_modules_next_dist_1e8vcs8._.js:776
[  127273ms] [LOG] [Fast Refresh] done in 79ms @ http://localhost:3111/_next/static/chunks/node_modules_next_dist_1e8vcs8._.js:776
[  127321ms] [LOG] [Fast Refresh] done in 79ms @ http://localhost:3111/_next/static/chunks/node_modules_next_dist_1e8vcs8._.js:776
[  127373ms] [LOG] [Fast Refresh] done in 79ms @ http://localhost:3111/_next/static/chunks/node_modules_next_dist_1e8vcs8._.js:776
[  127421ms] [LOG] [Fast Refresh] done in 79ms @ http://localhost:3111/_next/static/chunks/node_modules_next_dist_1e8vcs8._.js:776
[  127471ms] [LOG] [Fast Refresh] done in 79ms @ http://localhost:3111/_next/static/chunks/node_modules_next_dist_1e8vcs8._.js:776
[  127538ms] [LOG] [Fast Refresh] done in 79ms @ http://localhost:3111/_next/static/chunks/node_modules_next_dist_1e8vcs8._.js:776
[  127590ms] [LOG] [Fast Refresh] done in 79ms @ http://localhost:3111/_next/static/chunks/node_modules_next_dist_1e8vcs8._.js:776
[  127639ms] [LOG] [Fast Refresh] done in 79ms @ http://localhost:3111/_next/static/chunks/node_modules_next_dist_1e8vcs8._.js:776
[  127689ms] [LOG] [Fast Refresh] done in 79ms @ http://localhost:3111/_next/static/chunks/node_modules_next_dist_1e8vcs8._.js:776
[  127740ms] [LOG] [Fast Refresh] done in 79ms @ http://localhost:3111/_next/static/chunks/node_modules_next_dist_1e8vcs8._.js:776
[  127789ms] [LOG] [Fast Refresh] done in 79ms @ http://localhost:3111/_next/static/chunks/node_modules_next_dist_1e8vcs8._.js:776
[  127838ms] [LOG] [Fast Refresh] done in 79ms @ http://localhost:3111/_next/static/chunks/node_modules_next_dist_1e8vcs8._.js:776
[  127889ms] [LOG] [Fast Refresh] done in 79ms @ http://localhost:3111/_next/static/chunks/node_modules_next_dist_1e8vcs8._.js:776
[  127939ms] [LOG] [Fast Refresh] done in 79ms @ http://localhost:3111/_next/static/chunks/node_modules_next_dist_1e8vcs8._.js:776
[  127993ms] [LOG] [Fast Refresh] done in 79ms @ http://localhost:3111/_next/static/chunks/node_modules_next_dist_1e8vcs8._.js:776
[  128055ms] [LOG] [Fast Refresh] done in 79ms @ http://localhost:3111/_next/static/chunks/node_modules_next_dist_1e8vcs8._.js:776
[  128106ms] [LOG] [Fast Refresh] done in 79ms @ http://localhost:3111/_next/static/chunks/node_modules_next_dist_1e8vcs8._.js:776
[  128157ms] [LOG] [Fast Refresh] done in 79ms @ http://localhost:3111/_next/static/chunks/node_modules_next_dist_1e8vcs8._.js:776
[  128207ms] [LOG] [Fast Refresh] done in 79ms @ http://localhost:3111/_next/static/chunks/node_modules_next_dist_1e8vcs8._.js:776
[  128256ms] [LOG] [Fast Refresh] done in 79ms @ http://localhost:3111/_next/static/chunks/node_modules_next_dist_1e8vcs8._.js:776
[  128305ms] [LOG] [Fast Refresh] done in 79ms @ http://localhost:3111/_next/static/chunks/node_modules_next_dist_1e8vcs8._.js:776
[  128358ms] [LOG] [Fast Refresh] done in 79ms @ http://localhost:3111/_next/static/chunks/node_modules_next_dist_1e8vcs8._.js:776
[  128406ms] [LOG] [Fast Refresh] done in 79ms @ http://localhost:3111/_next/static/chunks/node_modules_next_dist_1e8vcs8._.js:776
[  128456ms] [LOG] [Fast Refresh] done in 79ms @ http://localhost:3111/_next/static/chunks/node_modules_next_dist_1e8vcs8._.js:776
[  128519ms] [LOG] [Fast Refresh] done in 79ms @ http://localhost:3111/_next/static/chunks/node_modules_next_dist_1e8vcs8._.js:776
[  128574ms] [LOG] [Fast Refresh] done in 79ms @ http://localhost:3111/_next/static/chunks/node_modules_next_dist_1e8vcs8._.js:776
[  128626ms] [LOG] [Fast Refresh] done in 79ms @ http://localhost:3111/_next/static/chunks/node_modules_next_dist_1e8vcs8._.js:776
[  128677ms] [LOG] [Fast Refresh] done in 79ms @ http://localhost:3111/_next/static/chunks/node_modules_next_dist_1e8vcs8._.js:776
[  128725ms] [LOG] [Fast Refresh] done in 79ms @ http://localhost:3111/_next/static/chunks/node_modules_next_dist_1e8vcs8._.js:776
[  128773ms] [LOG] [Fast Refresh] done in 79ms @ http://localhost:3111/_next/static/chunks/node_modules_next_dist_1e8vcs8._.js:776
[  128823ms] [LOG] [Fast Refresh] done in 79ms @ http://localhost:3111/_next/static/chunks/node_modules_next_dist_1e8vcs8._.js:776
[  128873ms] [LOG] [Fast Refresh] done in 79ms @ http://localhost:3111/_next/static/chunks/node_modules_next_dist_1e8vcs8._.js:776
[  128924ms] [LOG] [Fast Refresh] done in 79ms @ http://localhost:3111/_next/static/chunks/node_modules_next_dist_1e8vcs8._.js:776
[  128973ms] [LOG] [Fast Refresh] done in 79ms @ http://localhost:3111/_next/static/chunks/node_modules_next_dist_1e8vcs8._.js:776
[  129024ms] [LOG] [Fast Refresh] done in 79ms @ http://localhost:3111/_next/static/chunks/node_modules_next_dist_1e8vcs8._.js:776
[  129072ms] [LOG] [Fast Refresh] done in 79ms @ http://localhost:3111/_next/static/chunks/node_modules_next_dist_1e8vcs8._.js:776
[  129124ms] [LOG] [Fast Refresh] done in 79ms @ http://localhost:3111/_next/static/chunks/node_modules_next_dist_1e8vcs8._.js:776
[  129174ms] [LOG] [Fast Refresh] done in 79ms @ http://localhost:3111/_next/static/chunks/node_modules_next_dist_1e8vcs8._.js:776
[  129223ms] [LOG] [Fast Refresh] done in 79ms @ http://localhost:3111/_next/static/chunks/node_modules_next_dist_1e8vcs8._.js:776
[  129272ms] [LOG] [Fast Refresh] done in 79ms @ http://localhost:3111/_next/static/chunks/node_modules_next_dist_1e8vcs8._.js:776
[  129324ms] [LOG] [Fast Refresh] done in 79ms @ http://localhost:3111/_next/static/chunks/node_modules_next_dist_1e8vcs8._.js:776
[  129374ms] [LOG] [Fast Refresh] done in 79ms @ http://localhost:3111/_next/static/chunks/node_modules_next_dist_1e8vcs8._.js:776
[  129422ms] [LOG] [Fast Refresh] done in 79ms @ http://localhost:3111/_next/static/chunks/node_modules_next_dist_1e8vcs8._.js:776
[  129474ms] [LOG] [Fast Refresh] done in 79ms @ http://localhost:3111/_next/static/chunks/node_modules_next_dist_1e8vcs8._.js:776
[  129524ms] [LOG] [Fast Refresh] done in 79ms @ http://localhost:3111/_next/static/chunks/node_modules_next_dist_1e8vcs8._.js:776
[  129573ms] [LOG] [Fast Refresh] done in 79ms @ http://localhost:3111/_next/static/chunks/node_modules_next_dist_1e8vcs8._.js:776
[  129624ms] [LOG] [Fast Refresh] done in 79ms @ http://localhost:3111/_next/static/chunks/node_modules_next_dist_1e8vcs8._.js:776
[  129674ms] [LOG] [Fast Refresh] done in 79ms @ http://localhost:3111/_next/static/chunks/node_modules_next_dist_1e8vcs8._.js:776
[  129722ms] [LOG] [Fast Refresh] done in 79ms @ http://localhost:3111/_next/static/chunks/node_modules_next_dist_1e8vcs8._.js:776
[  129774ms] [LOG] [Fast Refresh] done in 79ms @ http://localhost:3111/_next/static/chunks/node_modules_next_dist_1e8vcs8._.js:776
[  129823ms] [LOG] [Fast Refresh] done in 79ms @ http://localhost:3111/_next/static/chunks/node_modules_next_dist_1e8vcs8._.js:776
[  129872ms] [LOG] [Fast Refresh] done in 79ms @ http://localhost:3111/_next/static/chunks/node_modules_next_dist_1e8vcs8._.js:776
[  129921ms] [LOG] [Fast Refresh] done in 79ms @ http://localhost:3111/_next/static/chunks/node_modules_next_dist_1e8vcs8._.js:776
[  129972ms] [LOG] [Fast Refresh] done in 79ms @ http://localhost:3111/_next/static/chunks/node_modules_next_dist_1e8vcs8._.js:776
[  130023ms] [LOG] [Fast Refresh] done in 79ms @ http://localhost:3111/_next/static/chunks/node_modules_next_dist_1e8vcs8._.js:776
[  130072ms] [LOG] [Fast Refresh] done in 79ms @ http://localhost:3111/_next/static/chunks/node_modules_next_dist_1e8vcs8._.js:776
[  130124ms] [LOG] [Fast Refresh] done in 79ms @ http://localhost:3111/_next/static/chunks/node_modules_next_dist_1e8vcs8._.js:776
[  130188ms] [LOG] [Fast Refresh] done in 79ms @ http://localhost:3111/_next/static/chunks/node_modules_next_dist_1e8vcs8._.js:776
[  130224ms] [LOG] [Fast Refresh] done in 79ms @ http://localhost:3111/_next/static/chunks/node_modules_next_dist_1e8vcs8._.js:776
[  130272ms] [LOG] [Fast Refresh] done in 79ms @ http://localhost:3111/_next/static/chunks/node_modules_next_dist_1e8vcs8._.js:776
[  130338ms] [LOG] [Fast Refresh] done in 79ms @ http://localhost:3111/_next/static/chunks/node_modules_next_dist_1e8vcs8._.js:776
[  130390ms] [LOG] [Fast Refresh] done in 79ms @ http://localhost:3111/_next/static/chunks/node_modules_next_dist_1e8vcs8._.js:776
[  130438ms] [LOG] [Fast Refresh] done in 79ms @ http://localhost:3111/_next/static/chunks/node_modules_next_dist_1e8vcs8._.js:776
[  130503ms] [LOG] [Fast Refresh] done in 79ms @ http://localhost:3111/_next/static/chunks/node_modules_next_dist_1e8vcs8._.js:776
[  130558ms] [LOG] [Fast Refresh] done in 79ms @ http://localhost:3111/_next/static/chunks/node_modules_next_dist_1e8vcs8._.js:776
[  130610ms] [LOG] [Fast Refresh] done in 79ms @ http://localhost:3111/_next/static/chunks/node_modules_next_dist_1e8vcs8._.js:776
[  130659ms] [LOG] [Fast Refresh] done in 79ms @ http://localhost:3111/_next/static/chunks/node_modules_next_dist_1e8vcs8._.js:776
[  130695ms] [LOG] [Fast Refresh] done in 79ms @ http://localhost:3111/_next/static/chunks/node_modules_next_dist_1e8vcs8._.js:776
[  130742ms] [LOG] [Fast Refresh] done in 79ms @ http://localhost:3111/_next/static/chunks/node_modules_next_dist_1e8vcs8._.js:776
[  130792ms] [LOG] [Fast Refresh] done in 79ms @ http://localhost:3111/_next/static/chunks/node_modules_next_dist_1e8vcs8._.js:776
[  130843ms] [LOG] [Fast Refresh] done in 79ms @ http://localhost:3111/_next/static/chunks/node_modules_next_dist_1e8vcs8._.js:776
[  130879ms] [LOG] [Fast Refresh] done in 79ms @ http://localhost:3111/_next/static/chunks/node_modules_next_dist_1e8vcs8._.js:776
[  130927ms] [LOG] [Fast Refresh] done in 79ms @ http://localhost:3111/_next/static/chunks/node_modules_next_dist_1e8vcs8._.js:776
[  130976ms] [LOG] [Fast Refresh] done in 79ms @ http://localhost:3111/_next/static/chunks/node_modules_next_dist_1e8vcs8._.js:776
[  131026ms] [LOG] [Fast Refresh] done in 79ms @ http://localhost:3111/_next/static/chunks/node_modules_next_dist_1e8vcs8._.js:776
[  131076ms] [LOG] [Fast Refresh] done in 79ms @ http://localhost:3111/_next/static/chunks/node_modules_next_dist_1e8vcs8._.js:776
[  131126ms] [LOG] [Fast Refresh] done in 79ms @ http://localhost:3111/_next/static/chunks/node_modules_next_dist_1e8vcs8._.js:776
[  131176ms] [LOG] [Fast Refresh] done in 79ms @ http://localhost:3111/_next/static/chunks/node_modules_next_dist_1e8vcs8._.js:776
[  131225ms] [LOG] [Fast Refresh] done in 79ms @ http://localhost:3111/_next/static/chunks/node_modules_next_dist_1e8vcs8._.js:776
[  131276ms] [LOG] [Fast Refresh] done in 79ms @ http://localhost:3111/_next/static/chunks/node_modules_next_dist_1e8vcs8._.js:776
[  131326ms] [LOG] [Fast Refresh] done in 79ms @ http://localhost:3111/_next/static/chunks/node_modules_next_dist_1e8vcs8._.js:776
[  131376ms] [LOG] [Fast Refresh] done in 79ms @ http://localhost:3111/_next/static/chunks/node_modules_next_dist_1e8vcs8._.js:776
[  131425ms] [LOG] [Fast Refresh] done in 79ms @ http://localhost:3111/_next/static/chunks/node_modules_next_dist_1e8vcs8._.js:776
[  131476ms] [LOG] [Fast Refresh] done in 79ms @ http://localhost:3111/_next/static/chunks/node_modules_next_dist_1e8vcs8._.js:776
[  131525ms] [LOG] [Fast Refresh] done in 79ms @ http://localhost:3111/_next/static/chunks/node_modules_next_dist_1e8vcs8._.js:776
[  131576ms] [LOG] [Fast Refresh] done in 79ms @ http://localhost:3111/_next/static/chunks/node_modules_next_dist_1e8vcs8._.js:776
[  131628ms] [LOG] [Fast Refresh] done in 79ms @ http://localhost:3111/_next/static/chunks/node_modules_next_dist_1e8vcs8._.js:776
[  131676ms] [LOG] [Fast Refresh] done in 79ms @ http://localhost:3111/_next/static/chunks/node_modules_next_dist_1e8vcs8._.js:776
[  131726ms] [LOG] [Fast Refresh] done in 79ms @ http://localhost:3111/_next/static/chunks/node_modules_next_dist_1e8vcs8._.js:776
[  131772ms] [LOG] [Fast Refresh] done in 79ms @ http://localhost:3111/_next/static/chunks/node_modules_next_dist_1e8vcs8._.js:776
[  131826ms] [LOG] [Fast Refresh] done in 79ms @ http://localhost:3111/_next/static/chunks/node_modules_next_dist_1e8vcs8._.js:776
[  131874ms] [LOG] [Fast Refresh] done in 79ms @ http://localhost:3111/_next/static/chunks/node_modules_next_dist_1e8vcs8._.js:776
[  131913ms] [LOG] [Fast Refresh] done in 79ms @ http://localhost:3111/_next/static/chunks/node_modules_next_dist_1e8vcs8._.js:776
[  131959ms] [LOG] [Fast Refresh] done in 79ms @ http://localhost:3111/_next/static/chunks/node_modules_next_dist_1e8vcs8._.js:776
[  132010ms] [LOG] [Fast Refresh] done in 79ms @ http://localhost:3111/_next/static/chunks/node_modules_next_dist_1e8vcs8._.js:776
[  132058ms] [LOG] [Fast Refresh] done in 79ms @ http://localhost:3111/_next/static/chunks/node_modules_next_dist_1e8vcs8._.js:776
[  132109ms] [LOG] [Fast Refresh] done in 79ms @ http://localhost:3111/_next/static/chunks/node_modules_next_dist_1e8vcs8._.js:776
[  132158ms] [LOG] [Fast Refresh] done in 79ms @ http://localhost:3111/_next/static/chunks/node_modules_next_dist_1e8vcs8._.js:776
[  132209ms] [LOG] [Fast Refresh] done in 79ms @ http://localhost:3111/_next/static/chunks/node_modules_next_dist_1e8vcs8._.js:776
[  132259ms] [LOG] [Fast Refresh] done in 79ms @ http://localhost:3111/_next/static/chunks/node_modules_next_dist_1e8vcs8._.js:776
[  132308ms] [LOG] [Fast Refresh] done in 79ms @ http://localhost:3111/_next/static/chunks/node_modules_next_dist_1e8vcs8._.js:776
[  132358ms] [LOG] [Fast Refresh] done in 79ms @ http://localhost:3111/_next/static/chunks/node_modules_next_dist_1e8vcs8._.js:776
[  132408ms] [LOG] [Fast Refresh] done in 79ms @ http://localhost:3111/_next/static/chunks/node_modules_next_dist_1e8vcs8._.js:776
[  132458ms] [LOG] [Fast Refresh] done in 79ms @ http://localhost:3111/_next/static/chunks/node_modules_next_dist_1e8vcs8._.js:776
[  132503ms] [LOG] [Fast Refresh] done in 79ms @ http://localhost:3111/_next/static/chunks/node_modules_next_dist_1e8vcs8._.js:776
[  132542ms] [LOG] [Fast Refresh] done in 79ms @ http://localhost:3111/_next/static/chunks/node_modules_next_dist_1e8vcs8._.js:776
[  132579ms] [LOG] [Fast Refresh] done in 79ms @ http://localhost:3111/_next/static/chunks/node_modules_next_dist_1e8vcs8._.js:776
[  132626ms] [LOG] [Fast Refresh] done in 79ms @ http://localhost:3111/_next/static/chunks/node_modules_next_dist_1e8vcs8._.js:776
[  132675ms] [LOG] [Fast Refresh] done in 79ms @ http://localhost:3111/_next/static/chunks/node_modules_next_dist_1e8vcs8._.js:776
[  132714ms] [LOG] [Fast Refresh] done in 79ms @ http://localhost:3111/_next/static/chunks/node_modules_next_dist_1e8vcs8._.js:776
[  132759ms] [LOG] [Fast Refresh] done in 79ms @ http://localhost:3111/_next/static/chunks/node_modules_next_dist_1e8vcs8._.js:776
[  132809ms] [LOG] [Fast Refresh] done in 79ms @ http://localhost:3111/_next/static/chunks/node_modules_next_dist_1e8vcs8._.js:776
[  132859ms] [LOG] [Fast Refresh] done in 79ms @ http://localhost:3111/_next/static/chunks/node_modules_next_dist_1e8vcs8._.js:776
[  132909ms] [LOG] [Fast Refresh] done in 79ms @ http://localhost:3111/_next/static/chunks/node_modules_next_dist_1e8vcs8._.js:776
[  132959ms] [LOG] [Fast Refresh] done in 79ms @ http://localhost:3111/_next/static/chunks/node_modules_next_dist_1e8vcs8._.js:776
[  133009ms] [LOG] [Fast Refresh] done in 79ms @ http://localhost:3111/_next/static/chunks/node_modules_next_dist_1e8vcs8._.js:776
[  133059ms] [LOG] [Fast Refresh] done in 79ms @ http://localhost:3111/_next/static/chunks/node_modules_next_dist_1e8vcs8._.js:776
[  133097ms] [LOG] [Fast Refresh] done in 79ms @ http://localhost:3111/_next/static/chunks/node_modules_next_dist_1e8vcs8._.js:776
[  133142ms] [LOG] [Fast Refresh] done in 79ms @ http://localhost:3111/_next/static/chunks/node_modules_next_dist_1e8vcs8._.js:776
[  133193ms] [LOG] [Fast Refresh] done in 79ms @ http://localhost:3111/_next/static/chunks/node_modules_next_dist_1e8vcs8._.js:776
[  133243ms] [LOG] [Fast Refresh] done in 79ms @ http://localhost:3111/_next/static/chunks/node_modules_next_dist_1e8vcs8._.js:776
[  133292ms] [LOG] [Fast Refresh] done in 79ms @ http://localhost:3111/_next/static/chunks/node_modules_next_dist_1e8vcs8._.js:776
[  133342ms] [LOG] [Fast Refresh] done in 79ms @ http://localhost:3111/_next/static/chunks/node_modules_next_dist_1e8vcs8._.js:776
[  133393ms] [LOG] [Fast Refresh] done in 79ms @ http://localhost:3111/_next/static/chunks/node_modules_next_dist_1e8vcs8._.js:776
[  133442ms] [LOG] [Fast Refresh] done in 79ms @ http://localhost:3111/_next/static/chunks/node_modules_next_dist_1e8vcs8._.js:776
[  133491ms] [LOG] [Fast Refresh] done in 79ms @ http://localhost:3111/_next/static/chunks/node_modules_next_dist_1e8vcs8._.js:776
[  133542ms] [LOG] [Fast Refresh] done in 79ms @ http://localhost:3111/_next/static/chunks/node_modules_next_dist_1e8vcs8._.js:776
[  133592ms] [LOG] [Fast Refresh] done in 79ms @ http://localhost:3111/_next/static/chunks/node_modules_next_dist_1e8vcs8._.js:776
[  133641ms] [LOG] [Fast Refresh] done in 79ms @ http://localhost:3111/_next/static/chunks/node_modules_next_dist_1e8vcs8._.js:776
[  133691ms] [LOG] [Fast Refresh] done in 79ms @ http://localhost:3111/_next/static/chunks/node_modules_next_dist_1e8vcs8._.js:776
[  133741ms] [LOG] [Fast Refresh] done in 79ms @ http://localhost:3111/_next/static/chunks/node_modules_next_dist_1e8vcs8._.js:776
[  133791ms] [LOG] [Fast Refresh] done in 79ms @ http://localhost:3111/_next/static/chunks/node_modules_next_dist_1e8vcs8._.js:776
[  133841ms] [LOG] [Fast Refresh] done in 79ms @ http://localhost:3111/_next/static/chunks/node_modules_next_dist_1e8vcs8._.js:776
[  133891ms] [LOG] [Fast Refresh] done in 79ms @ http://localhost:3111/_next/static/chunks/node_modules_next_dist_1e8vcs8._.js:776
[  133941ms] [LOG] [Fast Refresh] done in 79ms @ http://localhost:3111/_next/static/chunks/node_modules_next_dist_1e8vcs8._.js:776
[  134003ms] [LOG] [Fast Refresh] done in 79ms @ http://localhost:3111/_next/static/chunks/node_modules_next_dist_1e8vcs8._.js:776
[  134057ms] [LOG] [Fast Refresh] done in 79ms @ http://localhost:3111/_next/static/chunks/node_modules_next_dist_1e8vcs8._.js:776
[  134107ms] [LOG] [Fast Refresh] done in 79ms @ http://localhost:3111/_next/static/chunks/node_modules_next_dist_1e8vcs8._.js:776
[  134158ms] [LOG] [Fast Refresh] done in 79ms @ http://localhost:3111/_next/static/chunks/node_modules_next_dist_1e8vcs8._.js:776
[  134207ms] [LOG] [Fast Refresh] done in 79ms @ http://localhost:3111/_next/static/chunks/node_modules_next_dist_1e8vcs8._.js:776
[  134257ms] [LOG] [Fast Refresh] done in 79ms @ http://localhost:3111/_next/static/chunks/node_modules_next_dist_1e8vcs8._.js:776
[  134305ms] [LOG] [Fast Refresh] done in 79ms @ http://localhost:3111/_next/static/chunks/node_modules_next_dist_1e8vcs8._.js:776
[  134355ms] [LOG] [Fast Refresh] done in 79ms @ http://localhost:3111/_next/static/chunks/node_modules_next_dist_1e8vcs8._.js:776
[  134407ms] [LOG] [Fast Refresh] done in 79ms @ http://localhost:3111/_next/static/chunks/node_modules_next_dist_1e8vcs8._.js:776
[  134457ms] [LOG] [Fast Refresh] done in 79ms @ http://localhost:3111/_next/static/chunks/node_modules_next_dist_1e8vcs8._.js:776
[  134519ms] [LOG] [Fast Refresh] done in 79ms @ http://localhost:3111/_next/static/chunks/node_modules_next_dist_1e8vcs8._.js:776
[  134557ms] [LOG] [Fast Refresh] done in 79ms @ http://localhost:3111/_next/static/chunks/node_modules_next_dist_1e8vcs8._.js:776
[  134608ms] [LOG] [Fast Refresh] done in 79ms @ http://localhost:3111/_next/static/chunks/node_modules_next_dist_1e8vcs8._.js:776
[  134655ms] [LOG] [Fast Refresh] done in 79ms @ http://localhost:3111/_next/static/chunks/node_modules_next_dist_1e8vcs8._.js:776
[  134706ms] [LOG] [Fast Refresh] done in 79ms @ http://localhost:3111/_next/static/chunks/node_modules_next_dist_1e8vcs8._.js:776
[  134755ms] [LOG] [Fast Refresh] done in 79ms @ http://localhost:3111/_next/static/chunks/node_modules_next_dist_1e8vcs8._.js:776
[  134805ms] [LOG] [Fast Refresh] done in 79ms @ http://localhost:3111/_next/static/chunks/node_modules_next_dist_1e8vcs8._.js:776
[  134854ms] [LOG] [Fast Refresh] done in 79ms @ http://localhost:3111/_next/static/chunks/node_modules_next_dist_1e8vcs8._.js:776
[  134905ms] [LOG] [Fast Refresh] done in 79ms @ http://localhost:3111/_next/static/chunks/node_modules_next_dist_1e8vcs8._.js:776
[  134953ms] [LOG] [Fast Refresh] done in 79ms @ http://localhost:3111/_next/static/chunks/node_modules_next_dist_1e8vcs8._.js:776
[  135017ms] [LOG] [Fast Refresh] done in 79ms @ http://localhost:3111/_next/static/chunks/node_modules_next_dist_1e8vcs8._.js:776
[  135069ms] [LOG] [Fast Refresh] done in 79ms @ http://localhost:3111/_next/static/chunks/node_modules_next_dist_1e8vcs8._.js:776
[  135121ms] [LOG] [Fast Refresh] done in 79ms @ http://localhost:3111/_next/static/chunks/node_modules_next_dist_1e8vcs8._.js:776
[  135170ms] [LOG] [Fast Refresh] done in 79ms @ http://localhost:3111/_next/static/chunks/node_modules_next_dist_1e8vcs8._.js:776
[  135219ms] [LOG] [Fast Refresh] done in 79ms @ http://localhost:3111/_next/static/chunks/node_modules_next_dist_1e8vcs8._.js:776
[  135271ms] [LOG] [Fast Refresh] done in 79ms @ http://localhost:3111/_next/static/chunks/node_modules_next_dist_1e8vcs8._.js:776
[  135320ms] [LOG] [Fast Refresh] done in 79ms @ http://localhost:3111/_next/static/chunks/node_modules_next_dist_1e8vcs8._.js:776
[  135371ms] [LOG] [Fast Refresh] done in 79ms @ http://localhost:3111/_next/static/chunks/node_modules_next_dist_1e8vcs8._.js:776
[  135437ms] [LOG] [Fast Refresh] done in 79ms @ http://localhost:3111/_next/static/chunks/node_modules_next_dist_1e8vcs8._.js:776
[  135487ms] [LOG] [Fast Refresh] done in 79ms @ http://localhost:3111/_next/static/chunks/node_modules_next_dist_1e8vcs8._.js:776
[  135538ms] [LOG] [Fast Refresh] done in 79ms @ http://localhost:3111/_next/static/chunks/node_modules_next_dist_1e8vcs8._.js:776
[  135586ms] [LOG] [Fast Refresh] done in 79ms @ http://localhost:3111/_next/static/chunks/node_modules_next_dist_1e8vcs8._.js:776
[  135638ms] [LOG] [Fast Refresh] done in 79ms @ http://localhost:3111/_next/static/chunks/node_modules_next_dist_1e8vcs8._.js:776
[  135686ms] [LOG] [Fast Refresh] done in 79ms @ http://localhost:3111/_next/static/chunks/node_modules_next_dist_1e8vcs8._.js:776
[  135739ms] [LOG] [Fast Refresh] done in 79ms @ http://localhost:3111/_next/static/chunks/node_modules_next_dist_1e8vcs8._.js:776
[  135788ms] [LOG] [Fast Refresh] done in 79ms @ http://localhost:3111/_next/static/chunks/node_modules_next_dist_1e8vcs8._.js:776
[  135838ms] [LOG] [Fast Refresh] done in 79ms @ http://localhost:3111/_next/static/chunks/node_modules_next_dist_1e8vcs8._.js:776
[  135886ms] [LOG] [Fast Refresh] done in 79ms @ http://localhost:3111/_next/static/chunks/node_modules_next_dist_1e8vcs8._.js:776
[  135938ms] [LOG] [Fast Refresh] done in 79ms @ http://localhost:3111/_next/static/chunks/node_modules_next_dist_1e8vcs8._.js:776
[  135986ms] [LOG] [Fast Refresh] done in 79ms @ http://localhost:3111/_next/static/chunks/node_modules_next_dist_1e8vcs8._.js:776
[  136035ms] [LOG] [Fast Refresh] done in 79ms @ http://localhost:3111/_next/static/chunks/node_modules_next_dist_1e8vcs8._.js:776
[  136087ms] [LOG] [Fast Refresh] done in 79ms @ http://localhost:3111/_next/static/chunks/node_modules_next_dist_1e8vcs8._.js:776
[  136136ms] [LOG] [Fast Refresh] done in 79ms @ http://localhost:3111/_next/static/chunks/node_modules_next_dist_1e8vcs8._.js:776
[  136186ms] [LOG] [Fast Refresh] done in 79ms @ http://localhost:3111/_next/static/chunks/node_modules_next_dist_1e8vcs8._.js:776
[  136237ms] [LOG] [Fast Refresh] done in 79ms @ http://localhost:3111/_next/static/chunks/node_modules_next_dist_1e8vcs8._.js:776
[  136287ms] [LOG] [Fast Refresh] done in 79ms @ http://localhost:3111/_next/static/chunks/node_modules_next_dist_1e8vcs8._.js:776
[  136338ms] [LOG] [Fast Refresh] done in 79ms @ http://localhost:3111/_next/static/chunks/node_modules_next_dist_1e8vcs8._.js:776
[  136386ms] [LOG] [Fast Refresh] done in 79ms @ http://localhost:3111/_next/static/chunks/node_modules_next_dist_1e8vcs8._.js:776
[  136439ms] [LOG] [Fast Refresh] done in 79ms @ http://localhost:3111/_next/static/chunks/node_modules_next_dist_1e8vcs8._.js:776
[  136488ms] [LOG] [Fast Refresh] done in 79ms @ http://localhost:3111/_next/static/chunks/node_modules_next_dist_1e8vcs8._.js:776
[  136539ms] [LOG] [Fast Refresh] done in 79ms @ http://localhost:3111/_next/static/chunks/node_modules_next_dist_1e8vcs8._.js:776
[  136589ms] [LOG] [Fast Refresh] done in 79ms @ http://localhost:3111/_next/static/chunks/node_modules_next_dist_1e8vcs8._.js:776
[  136639ms] [LOG] [Fast Refresh] done in 79ms @ http://localhost:3111/_next/static/chunks/node_modules_next_dist_1e8vcs8._.js:776
[  136689ms] [LOG] [Fast Refresh] done in 79ms @ http://localhost:3111/_next/static/chunks/node_modules_next_dist_1e8vcs8._.js:776
[  136738ms] [LOG] [Fast Refresh] done in 79ms @ http://localhost:3111/_next/static/chunks/node_modules_next_dist_1e8vcs8._.js:776
[  136789ms] [LOG] [Fast Refresh] done in 79ms @ http://localhost:3111/_next/static/chunks/node_modules_next_dist_1e8vcs8._.js:776
[  136838ms] [LOG] [Fast Refresh] done in 79ms @ http://localhost:3111/_next/static/chunks/node_modules_next_dist_1e8vcs8._.js:776
[  136889ms] [LOG] [Fast Refresh] done in 79ms @ http://localhost:3111/_next/static/chunks/node_modules_next_dist_1e8vcs8._.js:776
[  136939ms] [LOG] [Fast Refresh] done in 79ms @ http://localhost:3111/_next/static/chunks/node_modules_next_dist_1e8vcs8._.js:776
[  137002ms] [LOG] [Fast Refresh] done in 79ms @ http://localhost:3111/_next/static/chunks/node_modules_next_dist_1e8vcs8._.js:776
[  137055ms] [LOG] [Fast Refresh] done in 79ms @ http://localhost:3111/_next/static/chunks/node_modules_next_dist_1e8vcs8._.js:776
[  137105ms] [LOG] [Fast Refresh] done in 79ms @ http://localhost:3111/_next/static/chunks/node_modules_next_dist_1e8vcs8._.js:776
[  137153ms] [LOG] [Fast Refresh] done in 79ms @ http://localhost:3111/_next/static/chunks/node_modules_next_dist_1e8vcs8._.js:776
[  137190ms] [LOG] [Fast Refresh] done in 79ms @ http://localhost:3111/_next/static/chunks/node_modules_next_dist_1e8vcs8._.js:776
[  137238ms] [LOG] [Fast Refresh] done in 79ms @ http://localhost:3111/_next/static/chunks/node_modules_next_dist_1e8vcs8._.js:776
[  137289ms] [LOG] [Fast Refresh] done in 79ms @ http://localhost:3111/_next/static/chunks/node_modules_next_dist_1e8vcs8._.js:776
[  137338ms] [LOG] [Fast Refresh] done in 79ms @ http://localhost:3111/_next/static/chunks/node_modules_next_dist_1e8vcs8._.js:776
[  137389ms] [LOG] [Fast Refresh] done in 79ms @ http://localhost:3111/_next/static/chunks/node_modules_next_dist_1e8vcs8._.js:776
[  137438ms] [LOG] [Fast Refresh] done in 79ms @ http://localhost:3111/_next/static/chunks/node_modules_next_dist_1e8vcs8._.js:776
[  137488ms] [LOG] [Fast Refresh] done in 79ms @ http://localhost:3111/_next/static/chunks/node_modules_next_dist_1e8vcs8._.js:776
[  137538ms] [LOG] [Fast Refresh] done in 79ms @ http://localhost:3111/_next/static/chunks/node_modules_next_dist_1e8vcs8._.js:776
[  137588ms] [LOG] [Fast Refresh] done in 79ms @ http://localhost:3111/_next/static/chunks/node_modules_next_dist_1e8vcs8._.js:776
[  137638ms] [LOG] [Fast Refresh] done in 79ms @ http://localhost:3111/_next/static/chunks/node_modules_next_dist_1e8vcs8._.js:776
[  137688ms] [LOG] [Fast Refresh] done in 79ms @ http://localhost:3111/_next/static/chunks/node_modules_next_dist_1e8vcs8._.js:776
[  137738ms] [LOG] [Fast Refresh] done in 79ms @ http://localhost:3111/_next/static/chunks/node_modules_next_dist_1e8vcs8._.js:776
[  137788ms] [LOG] [Fast Refresh] done in 79ms @ http://localhost:3111/_next/static/chunks/node_modules_next_dist_1e8vcs8._.js:776
[  137838ms] [LOG] [Fast Refresh] done in 79ms @ http://localhost:3111/_next/static/chunks/node_modules_next_dist_1e8vcs8._.js:776
[  137888ms] [LOG] [Fast Refresh] done in 79ms @ http://localhost:3111/_next/static/chunks/node_modules_next_dist_1e8vcs8._.js:776
[  137938ms] [LOG] [Fast Refresh] done in 79ms @ http://localhost:3111/_next/static/chunks/node_modules_next_dist_1e8vcs8._.js:776
[  137989ms] [LOG] [Fast Refresh] done in 79ms @ http://localhost:3111/_next/static/chunks/node_modules_next_dist_1e8vcs8._.js:776
[  138039ms] [LOG] [Fast Refresh] done in 79ms @ http://localhost:3111/_next/static/chunks/node_modules_next_dist_1e8vcs8._.js:776
[  138088ms] [LOG] [Fast Refresh] done in 79ms @ http://localhost:3111/_next/static/chunks/node_modules_next_dist_1e8vcs8._.js:776
[  138139ms] [LOG] [Fast Refresh] done in 79ms @ http://localhost:3111/_next/static/chunks/node_modules_next_dist_1e8vcs8._.js:776
[  138189ms] [LOG] [Fast Refresh] done in 79ms @ http://localhost:3111/_next/static/chunks/node_modules_next_dist_1e8vcs8._.js:776
[  138239ms] [LOG] [Fast Refresh] done in 79ms @ http://localhost:3111/_next/static/chunks/node_modules_next_dist_1e8vcs8._.js:776
[  138288ms] [LOG] [Fast Refresh] done in 79ms @ http://localhost:3111/_next/static/chunks/node_modules_next_dist_1e8vcs8._.js:776
[  138338ms] [LOG] [Fast Refresh] done in 79ms @ http://localhost:3111/_next/static/chunks/node_modules_next_dist_1e8vcs8._.js:776
[  138388ms] [LOG] [Fast Refresh] done in 79ms @ http://localhost:3111/_next/static/chunks/node_modules_next_dist_1e8vcs8._.js:776
[  138438ms] [LOG] [Fast Refresh] done in 79ms @ http://localhost:3111/_next/static/chunks/node_modules_next_dist_1e8vcs8._.js:776
[  138488ms] [LOG] [Fast Refresh] done in 79ms @ http://localhost:3111/_next/static/chunks/node_modules_next_dist_1e8vcs8._.js:776
[  138540ms] [LOG] [Fast Refresh] done in 79ms @ http://localhost:3111/_next/static/chunks/node_modules_next_dist_1e8vcs8._.js:776
[  138588ms] [LOG] [Fast Refresh] done in 79ms @ http://localhost:3111/_next/static/chunks/node_modules_next_dist_1e8vcs8._.js:776
[  138638ms] [LOG] [Fast Refresh] done in 79ms @ http://localhost:3111/_next/static/chunks/node_modules_next_dist_1e8vcs8._.js:776
[  138688ms] [LOG] [Fast Refresh] done in 79ms @ http://localhost:3111/_next/static/chunks/node_modules_next_dist_1e8vcs8._.js:776
[  138739ms] [LOG] [Fast Refresh] done in 79ms @ http://localhost:3111/_next/static/chunks/node_modules_next_dist_1e8vcs8._.js:776
[  138789ms] [LOG] [Fast Refresh] done in 79ms @ http://localhost:3111/_next/static/chunks/node_modules_next_dist_1e8vcs8._.js:776
[  138838ms] [LOG] [Fast Refresh] done in 79ms @ http://localhost:3111/_next/static/chunks/node_modules_next_dist_1e8vcs8._.js:776
[  138905ms] [LOG] [Fast Refresh] done in 79ms @ http://localhost:3111/_next/static/chunks/node_modules_next_dist_1e8vcs8._.js:776
[  138956ms] [LOG] [Fast Refresh] done in 79ms @ http://localhost:3111/_next/static/chunks/node_modules_next_dist_1e8vcs8._.js:776
[  139019ms] [LOG] [Fast Refresh] done in 79ms @ http://localhost:3111/_next/static/chunks/node_modules_next_dist_1e8vcs8._.js:776
[  139057ms] [LOG] [Fast Refresh] done in 79ms @ http://localhost:3111/_next/static/chunks/node_modules_next_dist_1e8vcs8._.js:776
[  139105ms] [LOG] [Fast Refresh] done in 79ms @ http://localhost:3111/_next/static/chunks/node_modules_next_dist_1e8vcs8._.js:776
[  139154ms] [LOG] [Fast Refresh] done in 79ms @ http://localhost:3111/_next/static/chunks/node_modules_next_dist_1e8vcs8._.js:776
[  139204ms] [LOG] [Fast Refresh] done in 79ms @ http://localhost:3111/_next/static/chunks/node_modules_next_dist_1e8vcs8._.js:776
[  139254ms] [LOG] [Fast Refresh] done in 79ms @ http://localhost:3111/_next/static/chunks/node_modules_next_dist_1e8vcs8._.js:776
[  139304ms] [LOG] [Fast Refresh] done in 79ms @ http://localhost:3111/_next/static/chunks/node_modules_next_dist_1e8vcs8._.js:776
[  139355ms] [LOG] [Fast Refresh] done in 79ms @ http://localhost:3111/_next/static/chunks/node_modules_next_dist_1e8vcs8._.js:776
[  139405ms] [LOG] [Fast Refresh] done in 79ms @ http://localhost:3111/_next/static/chunks/node_modules_next_dist_1e8vcs8._.js:776
[  139455ms] [LOG] [Fast Refresh] done in 79ms @ http://localhost:3111/_next/static/chunks/node_modules_next_dist_1e8vcs8._.js:776
[  139519ms] [LOG] [Fast Refresh] done in 79ms @ http://localhost:3111/_next/static/chunks/node_modules_next_dist_1e8vcs8._.js:776
[  139569ms] [LOG] [Fast Refresh] done in 79ms @ http://localhost:3111/_next/static/chunks/node_modules_next_dist_1e8vcs8._.js:776
[  139621ms] [LOG] [Fast Refresh] done in 79ms @ http://localhost:3111/_next/static/chunks/node_modules_next_dist_1e8vcs8._.js:776
[  139670ms] [LOG] [Fast Refresh] done in 79ms @ http://localhost:3111/_next/static/chunks/node_modules_next_dist_1e8vcs8._.js:776
[  139721ms] [LOG] [Fast Refresh] done in 79ms @ http://localhost:3111/_next/static/chunks/node_modules_next_dist_1e8vcs8._.js:776
[  139770ms] [LOG] [Fast Refresh] done in 79ms @ http://localhost:3111/_next/static/chunks/node_modules_next_dist_1e8vcs8._.js:776
[  139820ms] [LOG] [Fast Refresh] done in 79ms @ http://localhost:3111/_next/static/chunks/node_modules_next_dist_1e8vcs8._.js:776
[  139871ms] [LOG] [Fast Refresh] done in 79ms @ http://localhost:3111/_next/static/chunks/node_modules_next_dist_1e8vcs8._.js:776
[  139921ms] [LOG] [Fast Refresh] done in 79ms @ http://localhost:3111/_next/static/chunks/node_modules_next_dist_1e8vcs8._.js:776
[  139971ms] [LOG] [Fast Refresh] done in 79ms @ http://localhost:3111/_next/static/chunks/node_modules_next_dist_1e8vcs8._.js:776
[  140035ms] [LOG] [Fast Refresh] done in 79ms @ http://localhost:3111/_next/static/chunks/node_modules_next_dist_1e8vcs8._.js:776
[  140071ms] [LOG] [Fast Refresh] done in 79ms @ http://localhost:3111/_next/static/chunks/node_modules_next_dist_1e8vcs8._.js:776
[  140121ms] [LOG] [Fast Refresh] done in 79ms @ http://localhost:3111/_next/static/chunks/node_modules_next_dist_1e8vcs8._.js:776
[  140171ms] [LOG] [Fast Refresh] done in 79ms @ http://localhost:3111/_next/static/chunks/node_modules_next_dist_1e8vcs8._.js:776
[  140221ms] [LOG] [Fast Refresh] done in 79ms @ http://localhost:3111/_next/static/chunks/node_modules_next_dist_1e8vcs8._.js:776
[  140271ms] [LOG] [Fast Refresh] done in 79ms @ http://localhost:3111/_next/static/chunks/node_modules_next_dist_1e8vcs8._.js:776
[  140320ms] [LOG] [Fast Refresh] done in 79ms @ http://localhost:3111/_next/static/chunks/node_modules_next_dist_1e8vcs8._.js:776
[  140369ms] [LOG] [Fast Refresh] done in 79ms @ http://localhost:3111/_next/static/chunks/node_modules_next_dist_1e8vcs8._.js:776
[  140421ms] [LOG] [Fast Refresh] done in 79ms @ http://localhost:3111/_next/static/chunks/node_modules_next_dist_1e8vcs8._.js:776
[  140471ms] [LOG] [Fast Refresh] done in 79ms @ http://localhost:3111/_next/static/chunks/node_modules_next_dist_1e8vcs8._.js:776
[  140537ms] [LOG] [Fast Refresh] done in 79ms @ http://localhost:3111/_next/static/chunks/node_modules_next_dist_1e8vcs8._.js:776
[  140588ms] [LOG] [Fast Refresh] done in 79ms @ http://localhost:3111/_next/static/chunks/node_modules_next_dist_1e8vcs8._.js:776
[  140655ms] [LOG] [Fast Refresh] done in 79ms @ http://localhost:3111/_next/static/chunks/node_modules_next_dist_1e8vcs8._.js:776
[  140704ms] [LOG] [Fast Refresh] done in 79ms @ http://localhost:3111/_next/static/chunks/node_modules_next_dist_1e8vcs8._.js:776
[  140754ms] [LOG] [Fast Refresh] done in 79ms @ http://localhost:3111/_next/static/chunks/node_modules_next_dist_1e8vcs8._.js:776
[  140803ms] [LOG] [Fast Refresh] done in 79ms @ http://localhost:3111/_next/static/chunks/node_modules_next_dist_1e8vcs8._.js:776
[  140855ms] [LOG] [Fast Refresh] done in 79ms @ http://localhost:3111/_next/static/chunks/node_modules_next_dist_1e8vcs8._.js:776
[  140904ms] [LOG] [Fast Refresh] done in 79ms @ http://localhost:3111/_next/static/chunks/node_modules_next_dist_1e8vcs8._.js:776
[  140954ms] [LOG] [Fast Refresh] done in 79ms @ http://localhost:3111/_next/static/chunks/node_modules_next_dist_1e8vcs8._.js:776
[  141002ms] [LOG] [Fast Refresh] done in 79ms @ http://localhost:3111/_next/static/chunks/node_modules_next_dist_1e8vcs8._.js:776
[  141054ms] [LOG] [Fast Refresh] done in 79ms @ http://localhost:3111/_next/static/chunks/node_modules_next_dist_1e8vcs8._.js:776
[  141104ms] [LOG] [Fast Refresh] done in 79ms @ http://localhost:3111/_next/static/chunks/node_modules_next_dist_1e8vcs8._.js:776
[  141154ms] [LOG] [Fast Refresh] done in 79ms @ http://localhost:3111/_next/static/chunks/node_modules_next_dist_1e8vcs8._.js:776
[  141205ms] [LOG] [Fast Refresh] done in 79ms @ http://localhost:3111/_next/static/chunks/node_modules_next_dist_1e8vcs8._.js:776
[  141272ms] [LOG] [Fast Refresh] done in 79ms @ http://localhost:3111/_next/static/chunks/node_modules_next_dist_1e8vcs8._.js:776
[  141323ms] [LOG] [Fast Refresh] done in 79ms @ http://localhost:3111/_next/static/chunks/node_modules_next_dist_1e8vcs8._.js:776
[  141372ms] [LOG] [Fast Refresh] done in 79ms @ http://localhost:3111/_next/static/chunks/node_modules_next_dist_1e8vcs8._.js:776
[  141421ms] [LOG] [Fast Refresh] done in 79ms @ http://localhost:3111/_next/static/chunks/node_modules_next_dist_1e8vcs8._.js:776
[  141472ms] [LOG] [Fast Refresh] done in 79ms @ http://localhost:3111/_next/static/chunks/node_modules_next_dist_1e8vcs8._.js:776
[  141519ms] [LOG] [Fast Refresh] done in 79ms @ http://localhost:3111/_next/static/chunks/node_modules_next_dist_1e8vcs8._.js:776
[  141570ms] [LOG] [Fast Refresh] done in 79ms @ http://localhost:3111/_next/static/chunks/node_modules_next_dist_1e8vcs8._.js:776
[  141621ms] [LOG] [Fast Refresh] done in 79ms @ http://localhost:3111/_next/static/chunks/node_modules_next_dist_1e8vcs8._.js:776
[  141671ms] [LOG] [Fast Refresh] done in 79ms @ http://localhost:3111/_next/static/chunks/node_modules_next_dist_1e8vcs8._.js:776
[  141722ms] [LOG] [Fast Refresh] done in 79ms @ http://localhost:3111/_next/static/chunks/node_modules_next_dist_1e8vcs8._.js:776
[  141771ms] [LOG] [Fast Refresh] done in 79ms @ http://localhost:3111/_next/static/chunks/node_modules_next_dist_1e8vcs8._.js:776
[  141821ms] [LOG] [Fast Refresh] done in 79ms @ http://localhost:3111/_next/static/chunks/node_modules_next_dist_1e8vcs8._.js:776
[  141871ms] [LOG] [Fast Refresh] done in 79ms @ http://localhost:3111/_next/static/chunks/node_modules_next_dist_1e8vcs8._.js:776
[  141921ms] [LOG] [Fast Refresh] done in 79ms @ http://localhost:3111/_next/static/chunks/node_modules_next_dist_1e8vcs8._.js:776
[  141971ms] [LOG] [Fast Refresh] done in 79ms @ http://localhost:3111/_next/static/chunks/node_modules_next_dist_1e8vcs8._.js:776
[  142033ms] [LOG] [Fast Refresh] done in 79ms @ http://localhost:3111/_next/static/chunks/node_modules_next_dist_1e8vcs8._.js:776
[  142088ms] [LOG] [Fast Refresh] done in 79ms @ http://localhost:3111/_next/static/chunks/node_modules_next_dist_1e8vcs8._.js:776
[  142138ms] [LOG] [Fast Refresh] done in 79ms @ http://localhost:3111/_next/static/chunks/node_modules_next_dist_1e8vcs8._.js:776
[  142188ms] [LOG] [Fast Refresh] done in 79ms @ http://localhost:3111/_next/static/chunks/node_modules_next_dist_1e8vcs8._.js:776
[  142238ms] [LOG] [Fast Refresh] done in 79ms @ http://localhost:3111/_next/static/chunks/node_modules_next_dist_1e8vcs8._.js:776
[  142288ms] [LOG] [Fast Refresh] done in 79ms @ http://localhost:3111/_next/static/chunks/node_modules_next_dist_1e8vcs8._.js:776
[  142337ms] [LOG] [Fast Refresh] done in 79ms @ http://localhost:3111/_next/static/chunks/node_modules_next_dist_1e8vcs8._.js:776
[  142388ms] [LOG] [Fast Refresh] done in 79ms @ http://localhost:3111/_next/static/chunks/node_modules_next_dist_1e8vcs8._.js:776
[  142437ms] [LOG] [Fast Refresh] done in 79ms @ http://localhost:3111/_next/static/chunks/node_modules_next_dist_1e8vcs8._.js:776
[  142488ms] [LOG] [Fast Refresh] done in 79ms @ http://localhost:3111/_next/static/chunks/node_modules_next_dist_1e8vcs8._.js:776
[  142538ms] [LOG] [Fast Refresh] done in 79ms @ http://localhost:3111/_next/static/chunks/node_modules_next_dist_1e8vcs8._.js:776
[  142604ms] [LOG] [Fast Refresh] done in 79ms @ http://localhost:3111/_next/static/chunks/node_modules_next_dist_1e8vcs8._.js:776
[  142655ms] [LOG] [Fast Refresh] done in 79ms @ http://localhost:3111/_next/static/chunks/node_modules_next_dist_1e8vcs8._.js:776
[  142704ms] [LOG] [Fast Refresh] done in 79ms @ http://localhost:3111/_next/static/chunks/node_modules_next_dist_1e8vcs8._.js:776
[  142754ms] [LOG] [Fast Refresh] done in 79ms @ http://localhost:3111/_next/static/chunks/node_modules_next_dist_1e8vcs8._.js:776
[  142804ms] [LOG] [Fast Refresh] done in 79ms @ http://localhost:3111/_next/static/chunks/node_modules_next_dist_1e8vcs8._.js:776
[  142854ms] [LOG] [Fast Refresh] done in 79ms @ http://localhost:3111/_next/static/chunks/node_modules_next_dist_1e8vcs8._.js:776
[  142905ms] [LOG] [Fast Refresh] done in 79ms @ http://localhost:3111/_next/static/chunks/node_modules_next_dist_1e8vcs8._.js:776
[  142956ms] [LOG] [Fast Refresh] done in 79ms @ http://localhost:3111/_next/static/chunks/node_modules_next_dist_1e8vcs8._.js:776
[  143018ms] [LOG] [Fast Refresh] done in 79ms @ http://localhost:3111/_next/static/chunks/node_modules_next_dist_1e8vcs8._.js:776
[  143056ms] [LOG] [Fast Refresh] done in 79ms @ http://localhost:3111/_next/static/chunks/node_modules_next_dist_1e8vcs8._.js:776
[  143106ms] [LOG] [Fast Refresh] done in 79ms @ http://localhost:3111/_next/static/chunks/node_modules_next_dist_1e8vcs8._.js:776
[  143155ms] [LOG] [Fast Refresh] done in 79ms @ http://localhost:3111/_next/static/chunks/node_modules_next_dist_1e8vcs8._.js:776
[  143205ms] [LOG] [Fast Refresh] done in 79ms @ http://localhost:3111/_next/static/chunks/node_modules_next_dist_1e8vcs8._.js:776
[  143269ms] [LOG] [Fast Refresh] done in 79ms @ http://localhost:3111/_next/static/chunks/node_modules_next_dist_1e8vcs8._.js:776
[  143306ms] [LOG] [Fast Refresh] done in 79ms @ http://localhost:3111/_next/static/chunks/node_modules_next_dist_1e8vcs8._.js:776
[  143357ms] [LOG] [Fast Refresh] done in 79ms @ http://localhost:3111/_next/static/chunks/node_modules_next_dist_1e8vcs8._.js:776
[  143405ms] [LOG] [Fast Refresh] done in 79ms @ http://localhost:3111/_next/static/chunks/node_modules_next_dist_1e8vcs8._.js:776
[  143455ms] [LOG] [Fast Refresh] done in 79ms @ http://localhost:3111/_next/static/chunks/node_modules_next_dist_1e8vcs8._.js:776
[  143517ms] [LOG] [Fast Refresh] done in 79ms @ http://localhost:3111/_next/static/chunks/node_modules_next_dist_1e8vcs8._.js:776
[  143571ms] [LOG] [Fast Refresh] done in 79ms @ http://localhost:3111/_next/static/chunks/node_modules_next_dist_1e8vcs8._.js:776
[  143621ms] [LOG] [Fast Refresh] done in 79ms @ http://localhost:3111/_next/static/chunks/node_modules_next_dist_1e8vcs8._.js:776
[  143672ms] [LOG] [Fast Refresh] done in 79ms @ http://localhost:3111/_next/static/chunks/node_modules_next_dist_1e8vcs8._.js:776
[  143721ms] [LOG] [Fast Refresh] done in 79ms @ http://localhost:3111/_next/static/chunks/node_modules_next_dist_1e8vcs8._.js:776
[  143771ms] [LOG] [Fast Refresh] done in 79ms @ http://localhost:3111/_next/static/chunks/node_modules_next_dist_1e8vcs8._.js:776
[  143822ms] [LOG] [Fast Refresh] done in 79ms @ http://localhost:3111/_next/static/chunks/node_modules_next_dist_1e8vcs8._.js:776
[  143871ms] [LOG] [Fast Refresh] done in 79ms @ http://localhost:3111/_next/static/chunks/node_modules_next_dist_1e8vcs8._.js:776
[  143921ms] [LOG] [Fast Refresh] done in 79ms @ http://localhost:3111/_next/static/chunks/node_modules_next_dist_1e8vcs8._.js:776
[  143972ms] [LOG] [Fast Refresh] done in 79ms @ http://localhost:3111/_next/static/chunks/node_modules_next_dist_1e8vcs8._.js:776
[  144034ms] [LOG] [Fast Refresh] done in 79ms @ http://localhost:3111/_next/static/chunks/node_modules_next_dist_1e8vcs8._.js:776
[  144072ms] [LOG] [Fast Refresh] done in 79ms @ http://localhost:3111/_next/static/chunks/node_modules_next_dist_1e8vcs8._.js:776
[  144121ms] [LOG] [Fast Refresh] done in 79ms @ http://localhost:3111/_next/static/chunks/node_modules_next_dist_1e8vcs8._.js:776
[  144172ms] [LOG] [Fast Refresh] done in 79ms @ http://localhost:3111/_next/static/chunks/node_modules_next_dist_1e8vcs8._.js:776
[  144222ms] [LOG] [Fast Refresh] done in 79ms @ http://localhost:3111/_next/static/chunks/node_modules_next_dist_1e8vcs8._.js:776
[  144271ms] [LOG] [Fast Refresh] done in 79ms @ http://localhost:3111/_next/static/chunks/node_modules_next_dist_1e8vcs8._.js:776
[  144321ms] [LOG] [Fast Refresh] done in 79ms @ http://localhost:3111/_next/static/chunks/node_modules_next_dist_1e8vcs8._.js:776
[  144371ms] [LOG] [Fast Refresh] done in 79ms @ http://localhost:3111/_next/static/chunks/node_modules_next_dist_1e8vcs8._.js:776
[  144421ms] [LOG] [Fast Refresh] done in 79ms @ http://localhost:3111/_next/static/chunks/node_modules_next_dist_1e8vcs8._.js:776
[  144471ms] [LOG] [Fast Refresh] done in 79ms @ http://localhost:3111/_next/static/chunks/node_modules_next_dist_1e8vcs8._.js:776
[  144534ms] [LOG] [Fast Refresh] done in 79ms @ http://localhost:3111/_next/static/chunks/node_modules_next_dist_1e8vcs8._.js:776
[  144572ms] [LOG] [Fast Refresh] done in 79ms @ http://localhost:3111/_next/static/chunks/node_modules_next_dist_1e8vcs8._.js:776
[  144623ms] [LOG] [Fast Refresh] done in 79ms @ http://localhost:3111/_next/static/chunks/node_modules_next_dist_1e8vcs8._.js:776
[  144671ms] [LOG] [Fast Refresh] done in 79ms @ http://localhost:3111/_next/static/chunks/node_modules_next_dist_1e8vcs8._.js:776
[  144721ms] [LOG] [Fast Refresh] done in 79ms @ http://localhost:3111/_next/static/chunks/node_modules_next_dist_1e8vcs8._.js:776
[  144771ms] [LOG] [Fast Refresh] done in 79ms @ http://localhost:3111/_next/static/chunks/node_modules_next_dist_1e8vcs8._.js:776
[  144822ms] [LOG] [Fast Refresh] done in 79ms @ http://localhost:3111/_next/static/chunks/node_modules_next_dist_1e8vcs8._.js:776
[  144870ms] [LOG] [Fast Refresh] done in 79ms @ http://localhost:3111/_next/static/chunks/node_modules_next_dist_1e8vcs8._.js:776
[  144921ms] [LOG] [Fast Refresh] done in 79ms @ http://localhost:3111/_next/static/chunks/node_modules_next_dist_1e8vcs8._.js:776
[  144971ms] [LOG] [Fast Refresh] done in 79ms @ http://localhost:3111/_next/static/chunks/node_modules_next_dist_1e8vcs8._.js:776
[  145035ms] [LOG] [Fast Refresh] done in 79ms @ http://localhost:3111/_next/static/chunks/node_modules_next_dist_1e8vcs8._.js:776
[  145071ms] [LOG] [Fast Refresh] done in 79ms @ http://localhost:3111/_next/static/chunks/node_modules_next_dist_1e8vcs8._.js:776
[  145135ms] [LOG] [Fast Refresh] done in 79ms @ http://localhost:3111/_next/static/chunks/node_modules_next_dist_1e8vcs8._.js:776
[  145185ms] [LOG] [Fast Refresh] done in 79ms @ http://localhost:3111/_next/static/chunks/node_modules_next_dist_1e8vcs8._.js:776
[  145235ms] [LOG] [Fast Refresh] done in 79ms @ http://localhost:3111/_next/static/chunks/node_modules_next_dist_1e8vcs8._.js:776
[  145287ms] [LOG] [Fast Refresh] done in 79ms @ http://localhost:3111/_next/static/chunks/node_modules_next_dist_1e8vcs8._.js:776
[  145337ms] [LOG] [Fast Refresh] done in 79ms @ http://localhost:3111/_next/static/chunks/node_modules_next_dist_1e8vcs8._.js:776
[  145387ms] [LOG] [Fast Refresh] done in 79ms @ http://localhost:3111/_next/static/chunks/node_modules_next_dist_1e8vcs8._.js:776
[  145437ms] [LOG] [Fast Refresh] done in 79ms @ http://localhost:3111/_next/static/chunks/node_modules_next_dist_1e8vcs8._.js:776
[  145486ms] [LOG] [Fast Refresh] done in 79ms @ http://localhost:3111/_next/static/chunks/node_modules_next_dist_1e8vcs8._.js:776
[  145536ms] [LOG] [Fast Refresh] done in 79ms @ http://localhost:3111/_next/static/chunks/node_modules_next_dist_1e8vcs8._.js:776
[  145586ms] [LOG] [Fast Refresh] done in 79ms @ http://localhost:3111/_next/static/chunks/node_modules_next_dist_1e8vcs8._.js:776
[  145635ms] [LOG] [Fast Refresh] done in 79ms @ http://localhost:3111/_next/static/chunks/node_modules_next_dist_1e8vcs8._.js:776
[  145685ms] [LOG] [Fast Refresh] done in 79ms @ http://localhost:3111/_next/static/chunks/node_modules_next_dist_1e8vcs8._.js:776
[  145737ms] [LOG] [Fast Refresh] done in 79ms @ http://localhost:3111/_next/static/chunks/node_modules_next_dist_1e8vcs8._.js:776
[  145788ms] [LOG] [Fast Refresh] done in 79ms @ http://localhost:3111/_next/static/chunks/node_modules_next_dist_1e8vcs8._.js:776
[  145838ms] [LOG] [Fast Refresh] done in 79ms @ http://localhost:3111/_next/static/chunks/node_modules_next_dist_1e8vcs8._.js:776
[  145886ms] [LOG] [Fast Refresh] done in 79ms @ http://localhost:3111/_next/static/chunks/node_modules_next_dist_1e8vcs8._.js:776
[  145937ms] [LOG] [Fast Refresh] done in 79ms @ http://localhost:3111/_next/static/chunks/node_modules_next_dist_1e8vcs8._.js:776
[  146001ms] [LOG] [Fast Refresh] done in 79ms @ http://localhost:3111/_next/static/chunks/node_modules_next_dist_1e8vcs8._.js:776
[  146051ms] [LOG] [Fast Refresh] done in 79ms @ http://localhost:3111/_next/static/chunks/node_modules_next_dist_1e8vcs8._.js:776
[  146103ms] [LOG] [Fast Refresh] done in 79ms @ http://localhost:3111/_next/static/chunks/node_modules_next_dist_1e8vcs8._.js:776
[  146153ms] [LOG] [Fast Refresh] done in 79ms @ http://localhost:3111/_next/static/chunks/node_modules_next_dist_1e8vcs8._.js:776
[  146202ms] [LOG] [Fast Refresh] done in 79ms @ http://localhost:3111/_next/static/chunks/node_modules_next_dist_1e8vcs8._.js:776
[  146253ms] [LOG] [Fast Refresh] done in 79ms @ http://localhost:3111/_next/static/chunks/node_modules_next_dist_1e8vcs8._.js:776
[  146302ms] [LOG] [Fast Refresh] done in 79ms @ http://localhost:3111/_next/static/chunks/node_modules_next_dist_1e8vcs8._.js:776
[  146354ms] [LOG] [Fast Refresh] done in 79ms @ http://localhost:3111/_next/static/chunks/node_modules_next_dist_1e8vcs8._.js:776
[  146403ms] [LOG] [Fast Refresh] done in 79ms @ http://localhost:3111/_next/static/chunks/node_modules_next_dist_1e8vcs8._.js:776
[  146453ms] [LOG] [Fast Refresh] done in 79ms @ http://localhost:3111/_next/static/chunks/node_modules_next_dist_1e8vcs8._.js:776
[  146501ms] [LOG] [Fast Refresh] done in 79ms @ http://localhost:3111/_next/static/chunks/node_modules_next_dist_1e8vcs8._.js:776
[  146553ms] [LOG] [Fast Refresh] done in 79ms @ http://localhost:3111/_next/static/chunks/node_modules_next_dist_1e8vcs8._.js:776
[  146603ms] [LOG] [Fast Refresh] done in 79ms @ http://localhost:3111/_next/static/chunks/node_modules_next_dist_1e8vcs8._.js:776
[  146654ms] [LOG] [Fast Refresh] done in 79ms @ http://localhost:3111/_next/static/chunks/node_modules_next_dist_1e8vcs8._.js:776
[  146703ms] [LOG] [Fast Refresh] done in 79ms @ http://localhost:3111/_next/static/chunks/node_modules_next_dist_1e8vcs8._.js:776
[  146754ms] [LOG] [Fast Refresh] done in 79ms @ http://localhost:3111/_next/static/chunks/node_modules_next_dist_1e8vcs8._.js:776
[  146805ms] [LOG] [Fast Refresh] done in 79ms @ http://localhost:3111/_next/static/chunks/node_modules_next_dist_1e8vcs8._.js:776
[  146854ms] [LOG] [Fast Refresh] done in 79ms @ http://localhost:3111/_next/static/chunks/node_modules_next_dist_1e8vcs8._.js:776
[  146904ms] [LOG] [Fast Refresh] done in 79ms @ http://localhost:3111/_next/static/chunks/node_modules_next_dist_1e8vcs8._.js:776
[  146954ms] [LOG] [Fast Refresh] done in 79ms @ http://localhost:3111/_next/static/chunks/node_modules_next_dist_1e8vcs8._.js:776
[  147017ms] [LOG] [Fast Refresh] done in 79ms @ http://localhost:3111/_next/static/chunks/node_modules_next_dist_1e8vcs8._.js:776
[  147070ms] [LOG] [Fast Refresh] done in 79ms @ http://localhost:3111/_next/static/chunks/node_modules_next_dist_1e8vcs8._.js:776
[  147121ms] [LOG] [Fast Refresh] done in 79ms @ http://localhost:3111/_next/static/chunks/node_modules_next_dist_1e8vcs8._.js:776
[  147171ms] [LOG] [Fast Refresh] done in 79ms @ http://localhost:3111/_next/static/chunks/node_modules_next_dist_1e8vcs8._.js:776
[  147220ms] [LOG] [Fast Refresh] done in 79ms @ http://localhost:3111/_next/static/chunks/node_modules_next_dist_1e8vcs8._.js:776
[  147270ms] [LOG] [Fast Refresh] done in 79ms @ http://localhost:3111/_next/static/chunks/node_modules_next_dist_1e8vcs8._.js:776
[  147320ms] [LOG] [Fast Refresh] done in 79ms @ http://localhost:3111/_next/static/chunks/node_modules_next_dist_1e8vcs8._.js:776
[  147371ms] [LOG] [Fast Refresh] done in 79ms @ http://localhost:3111/_next/static/chunks/node_modules_next_dist_1e8vcs8._.js:776
[  147420ms] [LOG] [Fast Refresh] done in 79ms @ http://localhost:3111/_next/static/chunks/node_modules_next_dist_1e8vcs8._.js:776
[  147472ms] [LOG] [Fast Refresh] done in 79ms @ http://localhost:3111/_next/static/chunks/node_modules_next_dist_1e8vcs8._.js:776
[  147539ms] [LOG] [Fast Refresh] done in 79ms @ http://localhost:3111/_next/static/chunks/node_modules_next_dist_1e8vcs8._.js:776
[  147589ms] [LOG] [Fast Refresh] done in 79ms @ http://localhost:3111/_next/static/chunks/node_modules_next_dist_1e8vcs8._.js:776
[  147637ms] [LOG] [Fast Refresh] done in 79ms @ http://localhost:3111/_next/static/chunks/node_modules_next_dist_1e8vcs8._.js:776
[  147687ms] [LOG] [Fast Refresh] done in 79ms @ http://localhost:3111/_next/static/chunks/node_modules_next_dist_1e8vcs8._.js:776
[  147735ms] [LOG] [Fast Refresh] done in 79ms @ http://localhost:3111/_next/static/chunks/node_modules_next_dist_1e8vcs8._.js:776
[  147785ms] [LOG] [Fast Refresh] done in 79ms @ http://localhost:3111/_next/static/chunks/node_modules_next_dist_1e8vcs8._.js:776
[  147835ms] [LOG] [Fast Refresh] done in 79ms @ http://localhost:3111/_next/static/chunks/node_modules_next_dist_1e8vcs8._.js:776
[  147885ms] [LOG] [Fast Refresh] done in 79ms @ http://localhost:3111/_next/static/chunks/node_modules_next_dist_1e8vcs8._.js:776
[  147937ms] [LOG] [Fast Refresh] done in 79ms @ http://localhost:3111/_next/static/chunks/node_modules_next_dist_1e8vcs8._.js:776
[  147988ms] [LOG] [Fast Refresh] done in 79ms @ http://localhost:3111/_next/static/chunks/node_modules_next_dist_1e8vcs8._.js:776
[  148034ms] [LOG] [Fast Refresh] done in 79ms @ http://localhost:3111/_next/static/chunks/node_modules_next_dist_1e8vcs8._.js:776
[  148071ms] [LOG] [Fast Refresh] done in 79ms @ http://localhost:3111/_next/static/chunks/node_modules_next_dist_1e8vcs8._.js:776
[  148120ms] [LOG] [Fast Refresh] done in 79ms @ http://localhost:3111/_next/static/chunks/node_modules_next_dist_1e8vcs8._.js:776
[  148171ms] [LOG] [Fast Refresh] done in 79ms @ http://localhost:3111/_next/static/chunks/node_modules_next_dist_1e8vcs8._.js:776
[  148220ms] [LOG] [Fast Refresh] done in 79ms @ http://localhost:3111/_next/static/chunks/node_modules_next_dist_1e8vcs8._.js:776
[  148270ms] [LOG] [Fast Refresh] done in 79ms @ http://localhost:3111/_next/static/chunks/node_modules_next_dist_1e8vcs8._.js:776
[  148307ms] [LOG] [Fast Refresh] done in 79ms @ http://localhost:3111/_next/static/chunks/node_modules_next_dist_1e8vcs8._.js:776
[  148353ms] [LOG] [Fast Refresh] done in 79ms @ http://localhost:3111/_next/static/chunks/node_modules_next_dist_1e8vcs8._.js:776
[  148403ms] [LOG] [Fast Refresh] done in 79ms @ http://localhost:3111/_next/static/chunks/node_modules_next_dist_1e8vcs8._.js:776
[  148454ms] [LOG] [Fast Refresh] done in 79ms @ http://localhost:3111/_next/static/chunks/node_modules_next_dist_1e8vcs8._.js:776
[  148502ms] [LOG] [Fast Refresh] done in 79ms @ http://localhost:3111/_next/static/chunks/node_modules_next_dist_1e8vcs8._.js:776
[  148554ms] [LOG] [Fast Refresh] done in 79ms @ http://localhost:3111/_next/static/chunks/node_modules_next_dist_1e8vcs8._.js:776
[  148603ms] [LOG] [Fast Refresh] done in 79ms @ http://localhost:3111/_next/static/chunks/node_modules_next_dist_1e8vcs8._.js:776
[  148653ms] [LOG] [Fast Refresh] done in 79ms @ http://localhost:3111/_next/static/chunks/node_modules_next_dist_1e8vcs8._.js:776
[  148703ms] [LOG] [Fast Refresh] done in 79ms @ http://localhost:3111/_next/static/chunks/node_modules_next_dist_1e8vcs8._.js:776
[  148753ms] [LOG] [Fast Refresh] done in 79ms @ http://localhost:3111/_next/static/chunks/node_modules_next_dist_1e8vcs8._.js:776
[  148803ms] [LOG] [Fast Refresh] done in 79ms @ http://localhost:3111/_next/static/chunks/node_modules_next_dist_1e8vcs8._.js:776
[  148852ms] [LOG] [Fast Refresh] done in 79ms @ http://localhost:3111/_next/static/chunks/node_modules_next_dist_1e8vcs8._.js:776
[  148903ms] [LOG] [Fast Refresh] done in 79ms @ http://localhost:3111/_next/static/chunks/node_modules_next_dist_1e8vcs8._.js:776
[  148952ms] [LOG] [Fast Refresh] done in 79ms @ http://localhost:3111/_next/static/chunks/node_modules_next_dist_1e8vcs8._.js:776
[  149003ms] [LOG] [Fast Refresh] done in 79ms @ http://localhost:3111/_next/static/chunks/node_modules_next_dist_1e8vcs8._.js:776
[  149050ms] [LOG] [Fast Refresh] done in 79ms @ http://localhost:3111/_next/static/chunks/node_modules_next_dist_1e8vcs8._.js:776
[  149102ms] [LOG] [Fast Refresh] done in 79ms @ http://localhost:3111/_next/static/chunks/node_modules_next_dist_1e8vcs8._.js:776
[  149153ms] [LOG] [Fast Refresh] done in 79ms @ http://localhost:3111/_next/static/chunks/node_modules_next_dist_1e8vcs8._.js:776
[  149201ms] [LOG] [Fast Refresh] done in 79ms @ http://localhost:3111/_next/static/chunks/node_modules_next_dist_1e8vcs8._.js:776
[  149260ms] [LOG] [Fast Refresh] done in 79ms @ http://localhost:3111/_next/static/chunks/node_modules_next_dist_1e8vcs8._.js:776
[  149318ms] [LOG] [Fast Refresh] done in 79ms @ http://localhost:3111/_next/static/chunks/node_modules_next_dist_1e8vcs8._.js:776
[  149368ms] [LOG] [Fast Refresh] done in 79ms @ http://localhost:3111/_next/static/chunks/node_modules_next_dist_1e8vcs8._.js:776
[  149418ms] [LOG] [Fast Refresh] done in 79ms @ http://localhost:3111/_next/static/chunks/node_modules_next_dist_1e8vcs8._.js:776
[  149471ms] [LOG] [Fast Refresh] done in 79ms @ http://localhost:3111/_next/static/chunks/node_modules_next_dist_1e8vcs8._.js:776
[  149533ms] [LOG] [Fast Refresh] done in 79ms @ http://localhost:3111/_next/static/chunks/node_modules_next_dist_1e8vcs8._.js:776
[  149583ms] [LOG] [Fast Refresh] done in 79ms @ http://localhost:3111/_next/static/chunks/node_modules_next_dist_1e8vcs8._.js:776
[  149634ms] [LOG] [Fast Refresh] done in 79ms @ http://localhost:3111/_next/static/chunks/node_modules_next_dist_1e8vcs8._.js:776
[  149684ms] [LOG] [Fast Refresh] done in 79ms @ http://localhost:3111/_next/static/chunks/node_modules_next_dist_1e8vcs8._.js:776
[  149735ms] [LOG] [Fast Refresh] done in 79ms @ http://localhost:3111/_next/static/chunks/node_modules_next_dist_1e8vcs8._.js:776
[  149785ms] [LOG] [Fast Refresh] done in 79ms @ http://localhost:3111/_next/static/chunks/node_modules_next_dist_1e8vcs8._.js:776
[  149834ms] [LOG] [Fast Refresh] done in 79ms @ http://localhost:3111/_next/static/chunks/node_modules_next_dist_1e8vcs8._.js:776
[  149884ms] [LOG] [Fast Refresh] done in 79ms @ http://localhost:3111/_next/static/chunks/node_modules_next_dist_1e8vcs8._.js:776
[  149936ms] [LOG] [Fast Refresh] done in 79ms @ http://localhost:3111/_next/static/chunks/node_modules_next_dist_1e8vcs8._.js:776
[  149984ms] [LOG] [Fast Refresh] done in 79ms @ http://localhost:3111/_next/static/chunks/node_modules_next_dist_1e8vcs8._.js:776
[  150051ms] [LOG] [Fast Refresh] done in 79ms @ http://localhost:3111/_next/static/chunks/node_modules_next_dist_1e8vcs8._.js:776
[  150104ms] [LOG] [Fast Refresh] done in 79ms @ http://localhost:3111/_next/static/chunks/node_modules_next_dist_1e8vcs8._.js:776
[  150152ms] [LOG] [Fast Refresh] done in 79ms @ http://localhost:3111/_next/static/chunks/node_modules_next_dist_1e8vcs8._.js:776
[  150200ms] [LOG] [Fast Refresh] done in 79ms @ http://localhost:3111/_next/static/chunks/node_modules_next_dist_1e8vcs8._.js:776
[  150249ms] [LOG] [Fast Refresh] done in 79ms @ http://localhost:3111/_next/static/chunks/node_modules_next_dist_1e8vcs8._.js:776
[  150302ms] [LOG] [Fast Refresh] done in 79ms @ http://localhost:3111/_next/static/chunks/node_modules_next_dist_1e8vcs8._.js:776
[  150351ms] [LOG] [Fast Refresh] done in 79ms @ http://localhost:3111/_next/static/chunks/node_modules_next_dist_1e8vcs8._.js:776
[  150403ms] [LOG] [Fast Refresh] done in 79ms @ http://localhost:3111/_next/static/chunks/node_modules_next_dist_1e8vcs8._.js:776
[  150461ms] [LOG] [Fast Refresh] done in 79ms @ http://localhost:3111/_next/static/chunks/node_modules_next_dist_1e8vcs8._.js:776
[  150517ms] [LOG] [Fast Refresh] done in 79ms @ http://localhost:3111/_next/static/chunks/node_modules_next_dist_1e8vcs8._.js:776
[  150566ms] [LOG] [Fast Refresh] done in 79ms @ http://localhost:3111/_next/static/chunks/node_modules_next_dist_1e8vcs8._.js:776
[  150617ms] [LOG] [Fast Refresh] done in 79ms @ http://localhost:3111/_next/static/chunks/node_modules_next_dist_1e8vcs8._.js:776
[  150669ms] [LOG] [Fast Refresh] done in 79ms @ http://localhost:3111/_next/static/chunks/node_modules_next_dist_1e8vcs8._.js:776
[  150752ms] [LOG] [Fast Refresh] done in 79ms @ http://localhost:3111/_next/static/chunks/node_modules_next_dist_1e8vcs8._.js:776
[  150809ms] [LOG] [Fast Refresh] done in 79ms @ http://localhost:3111/_next/static/chunks/node_modules_next_dist_1e8vcs8._.js:776
[  150852ms] [LOG] [Fast Refresh] done in 79ms @ http://localhost:3111/_next/static/chunks/node_modules_next_dist_1e8vcs8._.js:776
[  150903ms] [LOG] [Fast Refresh] done in 79ms @ http://localhost:3111/_next/static/chunks/node_modules_next_dist_1e8vcs8._.js:776
[  150963ms] [LOG] [Fast Refresh] done in 79ms @ http://localhost:3111/_next/static/chunks/node_modules_next_dist_1e8vcs8._.js:776
[  151019ms] [LOG] [Fast Refresh] done in 79ms @ http://localhost:3111/_next/static/chunks/node_modules_next_dist_1e8vcs8._.js:776
[  151067ms] [LOG] [Fast Refresh] done in 79ms @ http://localhost:3111/_next/static/chunks/node_modules_next_dist_1e8vcs8._.js:776
[  151130ms] [LOG] [Fast Refresh] done in 79ms @ http://localhost:3111/_next/static/chunks/node_modules_next_dist_1e8vcs8._.js:776
[  151192ms] [LOG] [Fast Refresh] done in 79ms @ http://localhost:3111/_next/static/chunks/node_modules_next_dist_1e8vcs8._.js:776
[  151255ms] [LOG] [Fast Refresh] done in 79ms @ http://localhost:3111/_next/static/chunks/node_modules_next_dist_1e8vcs8._.js:776
[  151302ms] [LOG] [Fast Refresh] done in 79ms @ http://localhost:3111/_next/static/chunks/node_modules_next_dist_1e8vcs8._.js:776
[  151350ms] [LOG] [Fast Refresh] done in 79ms @ http://localhost:3111/_next/static/chunks/node_modules_next_dist_1e8vcs8._.js:776
[  151414ms] [LOG] [Fast Refresh] done in 79ms @ http://localhost:3111/_next/static/chunks/node_modules_next_dist_1e8vcs8._.js:776
[  151496ms] [LOG] [Fast Refresh] done in 79ms @ http://localhost:3111/_next/static/chunks/node_modules_next_dist_1e8vcs8._.js:776
[  151550ms] [LOG] [Fast Refresh] done in 79ms @ http://localhost:3111/_next/static/chunks/node_modules_next_dist_1e8vcs8._.js:776
[  151613ms] [LOG] [Fast Refresh] done in 79ms @ http://localhost:3111/_next/static/chunks/node_modules_next_dist_1e8vcs8._.js:776
[  151660ms] [LOG] [Fast Refresh] done in 79ms @ http://localhost:3111/_next/static/chunks/node_modules_next_dist_1e8vcs8._.js:776
[  151703ms] [LOG] [Fast Refresh] done in 79ms @ http://localhost:3111/_next/static/chunks/node_modules_next_dist_1e8vcs8._.js:776
[  151753ms] [LOG] [Fast Refresh] done in 79ms @ http://localhost:3111/_next/static/chunks/node_modules_next_dist_1e8vcs8._.js:776
[  151804ms] [LOG] [Fast Refresh] done in 79ms @ http://localhost:3111/_next/static/chunks/node_modules_next_dist_1e8vcs8._.js:776
[  151853ms] [LOG] [Fast Refresh] done in 79ms @ http://localhost:3111/_next/static/chunks/node_modules_next_dist_1e8vcs8._.js:776
[  151903ms] [LOG] [Fast Refresh] done in 79ms @ http://localhost:3111/_next/static/chunks/node_modules_next_dist_1e8vcs8._.js:776
[  151952ms] [LOG] [Fast Refresh] done in 79ms @ http://localhost:3111/_next/static/chunks/node_modules_next_dist_1e8vcs8._.js:776
[  152000ms] [LOG] [Fast Refresh] done in 79ms @ http://localhost:3111/_next/static/chunks/node_modules_next_dist_1e8vcs8._.js:776
[  152052ms] [LOG] [Fast Refresh] done in 79ms @ http://localhost:3111/_next/static/chunks/node_modules_next_dist_1e8vcs8._.js:776
[  152101ms] [LOG] [Fast Refresh] done in 79ms @ http://localhost:3111/_next/static/chunks/node_modules_next_dist_1e8vcs8._.js:776
[  152151ms] [LOG] [Fast Refresh] done in 79ms @ http://localhost:3111/_next/static/chunks/node_modules_next_dist_1e8vcs8._.js:776
[  152200ms] [LOG] [Fast Refresh] done in 79ms @ http://localhost:3111/_next/static/chunks/node_modules_next_dist_1e8vcs8._.js:776
[  152262ms] [LOG] [Fast Refresh] done in 79ms @ http://localhost:3111/_next/static/chunks/node_modules_next_dist_1e8vcs8._.js:776
[  152325ms] [LOG] [Fast Refresh] done in 79ms @ http://localhost:3111/_next/static/chunks/node_modules_next_dist_1e8vcs8._.js:776
[  152389ms] [LOG] [Fast Refresh] done in 79ms @ http://localhost:3111/_next/static/chunks/node_modules_next_dist_1e8vcs8._.js:776
[  152452ms] [LOG] [Fast Refresh] done in 79ms @ http://localhost:3111/_next/static/chunks/node_modules_next_dist_1e8vcs8._.js:776
[  152502ms] [LOG] [Fast Refresh] done in 79ms @ http://localhost:3111/_next/static/chunks/node_modules_next_dist_1e8vcs8._.js:776
[  152552ms] [LOG] [Fast Refresh] done in 79ms @ http://localhost:3111/_next/static/chunks/node_modules_next_dist_1e8vcs8._.js:776
[  152615ms] [LOG] [Fast Refresh] done in 79ms @ http://localhost:3111/_next/static/chunks/node_modules_next_dist_1e8vcs8._.js:776
[  152662ms] [LOG] [Fast Refresh] done in 79ms @ http://localhost:3111/_next/static/chunks/node_modules_next_dist_1e8vcs8._.js:776
[  152722ms] [LOG] [Fast Refresh] done in 79ms @ http://localhost:3111/_next/static/chunks/node_modules_next_dist_1e8vcs8._.js:776
[  152770ms] [LOG] [Fast Refresh] done in 79ms @ http://localhost:3111/_next/static/chunks/node_modules_next_dist_1e8vcs8._.js:776
[  152833ms] [LOG] [Fast Refresh] done in 79ms @ http://localhost:3111/_next/static/chunks/node_modules_next_dist_1e8vcs8._.js:776
[  152881ms] [LOG] [Fast Refresh] done in 79ms @ http://localhost:3111/_next/static/chunks/node_modules_next_dist_1e8vcs8._.js:776
[  152930ms] [LOG] [Fast Refresh] done in 79ms @ http://localhost:3111/_next/static/chunks/node_modules_next_dist_1e8vcs8._.js:776
[  152984ms] [LOG] [Fast Refresh] done in 79ms @ http://localhost:3111/_next/static/chunks/node_modules_next_dist_1e8vcs8._.js:776
[  153035ms] [LOG] [Fast Refresh] done in 79ms @ http://localhost:3111/_next/static/chunks/node_modules_next_dist_1e8vcs8._.js:776
[  153083ms] [LOG] [Fast Refresh] done in 79ms @ http://localhost:3111/_next/static/chunks/node_modules_next_dist_1e8vcs8._.js:776
[  153131ms] [LOG] [Fast Refresh] done in 79ms @ http://localhost:3111/_next/static/chunks/node_modules_next_dist_1e8vcs8._.js:776
[  153180ms] [LOG] [Fast Refresh] done in 79ms @ http://localhost:3111/_next/static/chunks/node_modules_next_dist_1e8vcs8._.js:776
[  153243ms] [LOG] [Fast Refresh] done in 79ms @ http://localhost:3111/_next/static/chunks/node_modules_next_dist_1e8vcs8._.js:776
[  153306ms] [LOG] [Fast Refresh] done in 79ms @ http://localhost:3111/_next/static/chunks/node_modules_next_dist_1e8vcs8._.js:776
[  153369ms] [LOG] [Fast Refresh] done in 79ms @ http://localhost:3111/_next/static/chunks/node_modules_next_dist_1e8vcs8._.js:776
[  153417ms] [LOG] [Fast Refresh] done in 79ms @ http://localhost:3111/_next/static/chunks/node_modules_next_dist_1e8vcs8._.js:776
[  153481ms] [LOG] [Fast Refresh] done in 79ms @ http://localhost:3111/_next/static/chunks/node_modules_next_dist_1e8vcs8._.js:776
[  153533ms] [LOG] [Fast Refresh] done in 79ms @ http://localhost:3111/_next/static/chunks/node_modules_next_dist_1e8vcs8._.js:776
[  153586ms] [LOG] [Fast Refresh] done in 79ms @ http://localhost:3111/_next/static/chunks/node_modules_next_dist_1e8vcs8._.js:776
[  153649ms] [LOG] [Fast Refresh] done in 79ms @ http://localhost:3111/_next/static/chunks/node_modules_next_dist_1e8vcs8._.js:776
[  153696ms] [LOG] [Fast Refresh] done in 79ms @ http://localhost:3111/_next/static/chunks/node_modules_next_dist_1e8vcs8._.js:776
[  153754ms] [LOG] [Fast Refresh] done in 79ms @ http://localhost:3111/_next/static/chunks/node_modules_next_dist_1e8vcs8._.js:776
[  153802ms] [LOG] [Fast Refresh] done in 79ms @ http://localhost:3111/_next/static/chunks/node_modules_next_dist_1e8vcs8._.js:776
[  153865ms] [LOG] [Fast Refresh] done in 79ms @ http://localhost:3111/_next/static/chunks/node_modules_next_dist_1e8vcs8._.js:776
[  153913ms] [LOG] [Fast Refresh] done in 79ms @ http://localhost:3111/_next/static/chunks/node_modules_next_dist_1e8vcs8._.js:776
[  153975ms] [LOG] [Fast Refresh] done in 79ms @ http://localhost:3111/_next/static/chunks/node_modules_next_dist_1e8vcs8._.js:776
[  154033ms] [LOG] [Fast Refresh] done in 79ms @ http://localhost:3111/_next/static/chunks/node_modules_next_dist_1e8vcs8._.js:776
[  154083ms] [LOG] [Fast Refresh] done in 79ms @ http://localhost:3111/_next/static/chunks/node_modules_next_dist_1e8vcs8._.js:776
[  154133ms] [LOG] [Fast Refresh] done in 79ms @ http://localhost:3111/_next/static/chunks/node_modules_next_dist_1e8vcs8._.js:776
[  154198ms] [LOG] [Fast Refresh] done in 79ms @ http://localhost:3111/_next/static/chunks/node_modules_next_dist_1e8vcs8._.js:776
[  154260ms] [LOG] [Fast Refresh] done in 79ms @ http://localhost:3111/_next/static/chunks/node_modules_next_dist_1e8vcs8._.js:776
[  154323ms] [LOG] [Fast Refresh] done in 79ms @ http://localhost:3111/_next/static/chunks/node_modules_next_dist_1e8vcs8._.js:776
[  154370ms] [LOG] [Fast Refresh] done in 79ms @ http://localhost:3111/_next/static/chunks/node_modules_next_dist_1e8vcs8._.js:776
[  154433ms] [LOG] [Fast Refresh] done in 79ms @ http://localhost:3111/_next/static/chunks/node_modules_next_dist_1e8vcs8._.js:776
[  154495ms] [LOG] [Fast Refresh] done in 79ms @ http://localhost:3111/_next/static/chunks/node_modules_next_dist_1e8vcs8._.js:776
[  154549ms] [LOG] [Fast Refresh] done in 79ms @ http://localhost:3111/_next/static/chunks/node_modules_next_dist_1e8vcs8._.js:776
[  154597ms] [LOG] [Fast Refresh] done in 79ms @ http://localhost:3111/_next/static/chunks/node_modules_next_dist_1e8vcs8._.js:776
[  154644ms] [LOG] [Fast Refresh] done in 79ms @ http://localhost:3111/_next/static/chunks/node_modules_next_dist_1e8vcs8._.js:776
[  154693ms] [LOG] [Fast Refresh] done in 79ms @ http://localhost:3111/_next/static/chunks/node_modules_next_dist_1e8vcs8._.js:776
[  154754ms] [LOG] [Fast Refresh] done in 79ms @ http://localhost:3111/_next/static/chunks/node_modules_next_dist_1e8vcs8._.js:776
[  154802ms] [LOG] [Fast Refresh] done in 79ms @ http://localhost:3111/_next/static/chunks/node_modules_next_dist_1e8vcs8._.js:776
[  154866ms] [LOG] [Fast Refresh] done in 79ms @ http://localhost:3111/_next/static/chunks/node_modules_next_dist_1e8vcs8._.js:776
[  154913ms] [LOG] [Fast Refresh] done in 79ms @ http://localhost:3111/_next/static/chunks/node_modules_next_dist_1e8vcs8._.js:776
[  154961ms] [LOG] [Fast Refresh] done in 79ms @ http://localhost:3111/_next/static/chunks/node_modules_next_dist_1e8vcs8._.js:776
[  155018ms] [LOG] [Fast Refresh] done in 79ms @ http://localhost:3111/_next/static/chunks/node_modules_next_dist_1e8vcs8._.js:776
[  155082ms] [LOG] [Fast Refresh] done in 79ms @ http://localhost:3111/_next/static/chunks/node_modules_next_dist_1e8vcs8._.js:776
[  155145ms] [LOG] [Fast Refresh] done in 79ms @ http://localhost:3111/_next/static/chunks/node_modules_next_dist_1e8vcs8._.js:776
[  155185ms] [LOG] [Fast Refresh] done in 79ms @ http://localhost:3111/_next/static/chunks/node_modules_next_dist_1e8vcs8._.js:776
[  155234ms] [LOG] [Fast Refresh] done in 79ms @ http://localhost:3111/_next/static/chunks/node_modules_next_dist_1e8vcs8._.js:776
[  155285ms] [LOG] [Fast Refresh] done in 79ms @ http://localhost:3111/_next/static/chunks/node_modules_next_dist_1e8vcs8._.js:776
[  155335ms] [LOG] [Fast Refresh] done in 79ms @ http://localhost:3111/_next/static/chunks/node_modules_next_dist_1e8vcs8._.js:776
[  155386ms] [LOG] [Fast Refresh] done in 79ms @ http://localhost:3111/_next/static/chunks/node_modules_next_dist_1e8vcs8._.js:776
[  155435ms] [LOG] [Fast Refresh] done in 79ms @ http://localhost:3111/_next/static/chunks/node_modules_next_dist_1e8vcs8._.js:776
[  155484ms] [LOG] [Fast Refresh] done in 79ms @ http://localhost:3111/_next/static/chunks/node_modules_next_dist_1e8vcs8._.js:776
[  155533ms] [LOG] [Fast Refresh] done in 79ms @ http://localhost:3111/_next/static/chunks/node_modules_next_dist_1e8vcs8._.js:776
[  155584ms] [LOG] [Fast Refresh] done in 79ms @ http://localhost:3111/_next/static/chunks/node_modules_next_dist_1e8vcs8._.js:776
[  155650ms] [LOG] [Fast Refresh] done in 79ms @ http://localhost:3111/_next/static/chunks/node_modules_next_dist_1e8vcs8._.js:776
[  155701ms] [LOG] [Fast Refresh] done in 79ms @ http://localhost:3111/_next/static/chunks/node_modules_next_dist_1e8vcs8._.js:776
[  155750ms] [LOG] [Fast Refresh] done in 79ms @ http://localhost:3111/_next/static/chunks/node_modules_next_dist_1e8vcs8._.js:776
[  155800ms] [LOG] [Fast Refresh] done in 79ms @ http://localhost:3111/_next/static/chunks/node_modules_next_dist_1e8vcs8._.js:776
[  155852ms] [LOG] [Fast Refresh] done in 79ms @ http://localhost:3111/_next/static/chunks/node_modules_next_dist_1e8vcs8._.js:776
[  155903ms] [LOG] [Fast Refresh] done in 79ms @ http://localhost:3111/_next/static/chunks/node_modules_next_dist_1e8vcs8._.js:776
[  155950ms] [LOG] [Fast Refresh] done in 79ms @ http://localhost:3111/_next/static/chunks/node_modules_next_dist_1e8vcs8._.js:776
[  156000ms] [LOG] [Fast Refresh] done in 79ms @ http://localhost:3111/_next/static/chunks/node_modules_next_dist_1e8vcs8._.js:776
[  156051ms] [LOG] [Fast Refresh] done in 79ms @ http://localhost:3111/_next/static/chunks/node_modules_next_dist_1e8vcs8._.js:776
[  156115ms] [LOG] [Fast Refresh] done in 79ms @ http://localhost:3111/_next/static/chunks/node_modules_next_dist_1e8vcs8._.js:776
[  156152ms] [LOG] [Fast Refresh] done in 79ms @ http://localhost:3111/_next/static/chunks/node_modules_next_dist_1e8vcs8._.js:776
[  156201ms] [LOG] [Fast Refresh] done in 79ms @ http://localhost:3111/_next/static/chunks/node_modules_next_dist_1e8vcs8._.js:776
[  156250ms] [LOG] [Fast Refresh] done in 79ms @ http://localhost:3111/_next/static/chunks/node_modules_next_dist_1e8vcs8._.js:776
[  156301ms] [LOG] [Fast Refresh] done in 79ms @ http://localhost:3111/_next/static/chunks/node_modules_next_dist_1e8vcs8._.js:776
[  156352ms] [LOG] [Fast Refresh] done in 79ms @ http://localhost:3111/_next/static/chunks/node_modules_next_dist_1e8vcs8._.js:776
[  156401ms] [LOG] [Fast Refresh] done in 79ms @ http://localhost:3111/_next/static/chunks/node_modules_next_dist_1e8vcs8._.js:776
[  156452ms] [LOG] [Fast Refresh] done in 79ms @ http://localhost:3111/_next/static/chunks/node_modules_next_dist_1e8vcs8._.js:776
[  156517ms] [LOG] [Fast Refresh] done in 79ms @ http://localhost:3111/_next/static/chunks/node_modules_next_dist_1e8vcs8._.js:776
[  156568ms] [LOG] [Fast Refresh] done in 79ms @ http://localhost:3111/_next/static/chunks/node_modules_next_dist_1e8vcs8._.js:776
[  156617ms] [LOG] [Fast Refresh] done in 79ms @ http://localhost:3111/_next/static/chunks/node_modules_next_dist_1e8vcs8._.js:776
[  156681ms] [LOG] [Fast Refresh] done in 79ms @ http://localhost:3111/_next/static/chunks/node_modules_next_dist_1e8vcs8._.js:776
[  156729ms] [LOG] [Fast Refresh] done in 79ms @ http://localhost:3111/_next/static/chunks/node_modules_next_dist_1e8vcs8._.js:776
[  156770ms] [LOG] [Fast Refresh] done in 79ms @ http://localhost:3111/_next/static/chunks/node_modules_next_dist_1e8vcs8._.js:776
[  156833ms] [LOG] [Fast Refresh] done in 79ms @ http://localhost:3111/_next/static/chunks/node_modules_next_dist_1e8vcs8._.js:776
[  156885ms] [LOG] [Fast Refresh] done in 79ms @ http://localhost:3111/_next/static/chunks/node_modules_next_dist_1e8vcs8._.js:776
[  156933ms] [LOG] [Fast Refresh] done in 79ms @ http://localhost:3111/_next/static/chunks/node_modules_next_dist_1e8vcs8._.js:776
[  156983ms] [LOG] [Fast Refresh] done in 79ms @ http://localhost:3111/_next/static/chunks/node_modules_next_dist_1e8vcs8._.js:776
[  157032ms] [LOG] [Fast Refresh] done in 79ms @ http://localhost:3111/_next/static/chunks/node_modules_next_dist_1e8vcs8._.js:776
[  157085ms] [LOG] [Fast Refresh] done in 79ms @ http://localhost:3111/_next/static/chunks/node_modules_next_dist_1e8vcs8._.js:776
[  157137ms] [LOG] [Fast Refresh] done in 79ms @ http://localhost:3111/_next/static/chunks/node_modules_next_dist_1e8vcs8._.js:776
[  157185ms] [LOG] [Fast Refresh] done in 79ms @ http://localhost:3111/_next/static/chunks/node_modules_next_dist_1e8vcs8._.js:776
[  157236ms] [LOG] [Fast Refresh] done in 79ms @ http://localhost:3111/_next/static/chunks/node_modules_next_dist_1e8vcs8._.js:776
[  157286ms] [LOG] [Fast Refresh] done in 79ms @ http://localhost:3111/_next/static/chunks/node_modules_next_dist_1e8vcs8._.js:776
[  157336ms] [LOG] [Fast Refresh] done in 79ms @ http://localhost:3111/_next/static/chunks/node_modules_next_dist_1e8vcs8._.js:776
[  157386ms] [LOG] [Fast Refresh] done in 79ms @ http://localhost:3111/_next/static/chunks/node_modules_next_dist_1e8vcs8._.js:776
[  157436ms] [LOG] [Fast Refresh] done in 79ms @ http://localhost:3111/_next/static/chunks/node_modules_next_dist_1e8vcs8._.js:776
[  157487ms] [LOG] [Fast Refresh] done in 79ms @ http://localhost:3111/_next/static/chunks/node_modules_next_dist_1e8vcs8._.js:776
[  157535ms] [LOG] [Fast Refresh] done in 79ms @ http://localhost:3111/_next/static/chunks/node_modules_next_dist_1e8vcs8._.js:776
[  157584ms] [LOG] [Fast Refresh] done in 79ms @ http://localhost:3111/_next/static/chunks/node_modules_next_dist_1e8vcs8._.js:776
[  157634ms] [LOG] [Fast Refresh] done in 79ms @ http://localhost:3111/_next/static/chunks/node_modules_next_dist_1e8vcs8._.js:776
[  157686ms] [LOG] [Fast Refresh] done in 79ms @ http://localhost:3111/_next/static/chunks/node_modules_next_dist_1e8vcs8._.js:776
[  157736ms] [LOG] [Fast Refresh] done in 79ms @ http://localhost:3111/_next/static/chunks/node_modules_next_dist_1e8vcs8._.js:776
[  157786ms] [LOG] [Fast Refresh] done in 79ms @ http://localhost:3111/_next/static/chunks/node_modules_next_dist_1e8vcs8._.js:776
[  157836ms] [LOG] [Fast Refresh] done in 79ms @ http://localhost:3111/_next/static/chunks/node_modules_next_dist_1e8vcs8._.js:776
[  157886ms] [LOG] [Fast Refresh] done in 79ms @ http://localhost:3111/_next/static/chunks/node_modules_next_dist_1e8vcs8._.js:776
[  157937ms] [LOG] [Fast Refresh] done in 79ms @ http://localhost:3111/_next/static/chunks/node_modules_next_dist_1e8vcs8._.js:776
[  157985ms] [LOG] [Fast Refresh] done in 79ms @ http://localhost:3111/_next/static/chunks/node_modules_next_dist_1e8vcs8._.js:776
[  158035ms] [LOG] [Fast Refresh] done in 79ms @ http://localhost:3111/_next/static/chunks/node_modules_next_dist_1e8vcs8._.js:776
[  158084ms] [LOG] [Fast Refresh] done in 79ms @ http://localhost:3111/_next/static/chunks/node_modules_next_dist_1e8vcs8._.js:776
[  158135ms] [LOG] [Fast Refresh] done in 79ms @ http://localhost:3111/_next/static/chunks/node_modules_next_dist_1e8vcs8._.js:776
[  158186ms] [LOG] [Fast Refresh] done in 79ms @ http://localhost:3111/_next/static/chunks/node_modules_next_dist_1e8vcs8._.js:776
[  158237ms] [LOG] [Fast Refresh] done in 79ms @ http://localhost:3111/_next/static/chunks/node_modules_next_dist_1e8vcs8._.js:776
[  158286ms] [LOG] [Fast Refresh] done in 79ms @ http://localhost:3111/_next/static/chunks/node_modules_next_dist_1e8vcs8._.js:776
[  158336ms] [LOG] [Fast Refresh] done in 79ms @ http://localhost:3111/_next/static/chunks/node_modules_next_dist_1e8vcs8._.js:776
[  158385ms] [LOG] [Fast Refresh] done in 79ms @ http://localhost:3111/_next/static/chunks/node_modules_next_dist_1e8vcs8._.js:776
[  158436ms] [LOG] [Fast Refresh] done in 79ms @ http://localhost:3111/_next/static/chunks/node_modules_next_dist_1e8vcs8._.js:776
[  158501ms] [LOG] [Fast Refresh] done in 79ms @ http://localhost:3111/_next/static/chunks/node_modules_next_dist_1e8vcs8._.js:776
[  158553ms] [LOG] [Fast Refresh] done in 79ms @ http://localhost:3111/_next/static/chunks/node_modules_next_dist_1e8vcs8._.js:776
[  158603ms] [LOG] [Fast Refresh] done in 79ms @ http://localhost:3111/_next/static/chunks/node_modules_next_dist_1e8vcs8._.js:776
[  158669ms] [LOG] [Fast Refresh] done in 79ms @ http://localhost:3111/_next/static/chunks/node_modules_next_dist_1e8vcs8._.js:776
[  158720ms] [LOG] [Fast Refresh] done in 79ms @ http://localhost:3111/_next/static/chunks/node_modules_next_dist_1e8vcs8._.js:776
[  158769ms] [LOG] [Fast Refresh] done in 79ms @ http://localhost:3111/_next/static/chunks/node_modules_next_dist_1e8vcs8._.js:776
[  158805ms] [LOG] [Fast Refresh] done in 79ms @ http://localhost:3111/_next/static/chunks/node_modules_next_dist_1e8vcs8._.js:776
[  158853ms] [LOG] [Fast Refresh] done in 79ms @ http://localhost:3111/_next/static/chunks/node_modules_next_dist_1e8vcs8._.js:776
[  158902ms] [LOG] [Fast Refresh] done in 79ms @ http://localhost:3111/_next/static/chunks/node_modules_next_dist_1e8vcs8._.js:776
[  158951ms] [LOG] [Fast Refresh] done in 79ms @ http://localhost:3111/_next/static/chunks/node_modules_next_dist_1e8vcs8._.js:776
[  159002ms] [LOG] [Fast Refresh] done in 79ms @ http://localhost:3111/_next/static/chunks/node_modules_next_dist_1e8vcs8._.js:776
[  159051ms] [LOG] [Fast Refresh] done in 79ms @ http://localhost:3111/_next/static/chunks/node_modules_next_dist_1e8vcs8._.js:776
[  159100ms] [LOG] [Fast Refresh] done in 79ms @ http://localhost:3111/_next/static/chunks/node_modules_next_dist_1e8vcs8._.js:776
[  159151ms] [LOG] [Fast Refresh] done in 79ms @ http://localhost:3111/_next/static/chunks/node_modules_next_dist_1e8vcs8._.js:776
[  159201ms] [LOG] [Fast Refresh] done in 79ms @ http://localhost:3111/_next/static/chunks/node_modules_next_dist_1e8vcs8._.js:776
[  159251ms] [LOG] [Fast Refresh] done in 79ms @ http://localhost:3111/_next/static/chunks/node_modules_next_dist_1e8vcs8._.js:776
[  159300ms] [LOG] [Fast Refresh] done in 79ms @ http://localhost:3111/_next/static/chunks/node_modules_next_dist_1e8vcs8._.js:776
[  159351ms] [LOG] [Fast Refresh] done in 79ms @ http://localhost:3111/_next/static/chunks/node_modules_next_dist_1e8vcs8._.js:776
[  159401ms] [LOG] [Fast Refresh] done in 79ms @ http://localhost:3111/_next/static/chunks/node_modules_next_dist_1e8vcs8._.js:776
[  159451ms] [LOG] [Fast Refresh] done in 79ms @ http://localhost:3111/_next/static/chunks/node_modules_next_dist_1e8vcs8._.js:776
[  159501ms] [LOG] [Fast Refresh] done in 79ms @ http://localhost:3111/_next/static/chunks/node_modules_next_dist_1e8vcs8._.js:776
[  159551ms] [LOG] [Fast Refresh] done in 79ms @ http://localhost:3111/_next/static/chunks/node_modules_next_dist_1e8vcs8._.js:776
[  159601ms] [LOG] [Fast Refresh] done in 79ms @ http://localhost:3111/_next/static/chunks/node_modules_next_dist_1e8vcs8._.js:776
[  159651ms] [LOG] [Fast Refresh] done in 79ms @ http://localhost:3111/_next/static/chunks/node_modules_next_dist_1e8vcs8._.js:776
[  159702ms] [LOG] [Fast Refresh] done in 79ms @ http://localhost:3111/_next/static/chunks/node_modules_next_dist_1e8vcs8._.js:776
[  159751ms] [LOG] [Fast Refresh] done in 79ms @ http://localhost:3111/_next/static/chunks/node_modules_next_dist_1e8vcs8._.js:776
[  159801ms] [LOG] [Fast Refresh] done in 79ms @ http://localhost:3111/_next/static/chunks/node_modules_next_dist_1e8vcs8._.js:776
[  159851ms] [LOG] [Fast Refresh] done in 79ms @ http://localhost:3111/_next/static/chunks/node_modules_next_dist_1e8vcs8._.js:776
[  159902ms] [LOG] [Fast Refresh] done in 79ms @ http://localhost:3111/_next/static/chunks/node_modules_next_dist_1e8vcs8._.js:776
[  159952ms] [LOG] [Fast Refresh] done in 79ms @ http://localhost:3111/_next/static/chunks/node_modules_next_dist_1e8vcs8._.js:776
[  160000ms] [LOG] [Fast Refresh] done in 79ms @ http://localhost:3111/_next/static/chunks/node_modules_next_dist_1e8vcs8._.js:776
[  160052ms] [LOG] [Fast Refresh] done in 79ms @ http://localhost:3111/_next/static/chunks/node_modules_next_dist_1e8vcs8._.js:776
[  160103ms] [LOG] [Fast Refresh] done in 79ms @ http://localhost:3111/_next/static/chunks/node_modules_next_dist_1e8vcs8._.js:776
[  160153ms] [LOG] [Fast Refresh] done in 79ms @ http://localhost:3111/_next/static/chunks/node_modules_next_dist_1e8vcs8._.js:776
[  160203ms] [LOG] [Fast Refresh] done in 79ms @ http://localhost:3111/_next/static/chunks/node_modules_next_dist_1e8vcs8._.js:776
[  160253ms] [LOG] [Fast Refresh] done in 79ms @ http://localhost:3111/_next/static/chunks/node_modules_next_dist_1e8vcs8._.js:776
[  160304ms] [LOG] [Fast Refresh] done in 79ms @ http://localhost:3111/_next/static/chunks/node_modules_next_dist_1e8vcs8._.js:776
[  160352ms] [LOG] [Fast Refresh] done in 79ms @ http://localhost:3111/_next/static/chunks/node_modules_next_dist_1e8vcs8._.js:776
[  160402ms] [LOG] [Fast Refresh] done in 79ms @ http://localhost:3111/_next/static/chunks/node_modules_next_dist_1e8vcs8._.js:776
[  160453ms] [LOG] [Fast Refresh] done in 79ms @ http://localhost:3111/_next/static/chunks/node_modules_next_dist_1e8vcs8._.js:776
[  160519ms] [LOG] [Fast Refresh] done in 79ms @ http://localhost:3111/_next/static/chunks/node_modules_next_dist_1e8vcs8._.js:776
[  160567ms] [LOG] [Fast Refresh] done in 79ms @ http://localhost:3111/_next/static/chunks/node_modules_next_dist_1e8vcs8._.js:776
[  160617ms] [LOG] [Fast Refresh] done in 79ms @ http://localhost:3111/_next/static/chunks/node_modules_next_dist_1e8vcs8._.js:776
[  160667ms] [LOG] [Fast Refresh] done in 79ms @ http://localhost:3111/_next/static/chunks/node_modules_next_dist_1e8vcs8._.js:776
[  160717ms] [LOG] [Fast Refresh] done in 79ms @ http://localhost:3111/_next/static/chunks/node_modules_next_dist_1e8vcs8._.js:776
[  160767ms] [LOG] [Fast Refresh] done in 79ms @ http://localhost:3111/_next/static/chunks/node_modules_next_dist_1e8vcs8._.js:776
[  160819ms] [LOG] [Fast Refresh] done in 79ms @ http://localhost:3111/_next/static/chunks/node_modules_next_dist_1e8vcs8._.js:776
[  160867ms] [LOG] [Fast Refresh] done in 79ms @ http://localhost:3111/_next/static/chunks/node_modules_next_dist_1e8vcs8._.js:776
[  160918ms] [LOG] [Fast Refresh] done in 79ms @ http://localhost:3111/_next/static/chunks/node_modules_next_dist_1e8vcs8._.js:776
[  160969ms] [LOG] [Fast Refresh] done in 79ms @ http://localhost:3111/_next/static/chunks/node_modules_next_dist_1e8vcs8._.js:776
[  161033ms] [LOG] [Fast Refresh] done in 79ms @ http://localhost:3111/_next/static/chunks/node_modules_next_dist_1e8vcs8._.js:776
[  161086ms] [LOG] [Fast Refresh] done in 79ms @ http://localhost:3111/_next/static/chunks/node_modules_next_dist_1e8vcs8._.js:776
[  161136ms] [LOG] [Fast Refresh] done in 79ms @ http://localhost:3111/_next/static/chunks/node_modules_next_dist_1e8vcs8._.js:776
[  161186ms] [LOG] [Fast Refresh] done in 79ms @ http://localhost:3111/_next/static/chunks/node_modules_next_dist_1e8vcs8._.js:776
[  161236ms] [LOG] [Fast Refresh] done in 79ms @ http://localhost:3111/_next/static/chunks/node_modules_next_dist_1e8vcs8._.js:776
[  161286ms] [LOG] [Fast Refresh] done in 79ms @ http://localhost:3111/_next/static/chunks/node_modules_next_dist_1e8vcs8._.js:776
[  161336ms] [LOG] [Fast Refresh] done in 79ms @ http://localhost:3111/_next/static/chunks/node_modules_next_dist_1e8vcs8._.js:776
[  161386ms] [LOG] [Fast Refresh] done in 79ms @ http://localhost:3111/_next/static/chunks/node_modules_next_dist_1e8vcs8._.js:776
[  161436ms] [LOG] [Fast Refresh] done in 79ms @ http://localhost:3111/_next/static/chunks/node_modules_next_dist_1e8vcs8._.js:776
[  161486ms] [LOG] [Fast Refresh] done in 79ms @ http://localhost:3111/_next/static/chunks/node_modules_next_dist_1e8vcs8._.js:776
[  161533ms] [LOG] [Fast Refresh] done in 79ms @ http://localhost:3111/_next/static/chunks/node_modules_next_dist_1e8vcs8._.js:776
[  161586ms] [LOG] [Fast Refresh] done in 79ms @ http://localhost:3111/_next/static/chunks/node_modules_next_dist_1e8vcs8._.js:776
[  161636ms] [LOG] [Fast Refresh] done in 79ms @ http://localhost:3111/_next/static/chunks/node_modules_next_dist_1e8vcs8._.js:776
[  161686ms] [LOG] [Fast Refresh] done in 79ms @ http://localhost:3111/_next/static/chunks/node_modules_next_dist_1e8vcs8._.js:776
[  161736ms] [LOG] [Fast Refresh] done in 79ms @ http://localhost:3111/_next/static/chunks/node_modules_next_dist_1e8vcs8._.js:776
[  161787ms] [LOG] [Fast Refresh] done in 79ms @ http://localhost:3111/_next/static/chunks/node_modules_next_dist_1e8vcs8._.js:776
[  161836ms] [LOG] [Fast Refresh] done in 79ms @ http://localhost:3111/_next/static/chunks/node_modules_next_dist_1e8vcs8._.js:776
[  161886ms] [LOG] [Fast Refresh] done in 79ms @ http://localhost:3111/_next/static/chunks/node_modules_next_dist_1e8vcs8._.js:776
[  161936ms] [LOG] [Fast Refresh] done in 79ms @ http://localhost:3111/_next/static/chunks/node_modules_next_dist_1e8vcs8._.js:776
[  161986ms] [LOG] [Fast Refresh] done in 79ms @ http://localhost:3111/_next/static/chunks/node_modules_next_dist_1e8vcs8._.js:776
[  162035ms] [LOG] [Fast Refresh] done in 79ms @ http://localhost:3111/_next/static/chunks/node_modules_next_dist_1e8vcs8._.js:776
[  162086ms] [LOG] [Fast Refresh] done in 79ms @ http://localhost:3111/_next/static/chunks/node_modules_next_dist_1e8vcs8._.js:776
[  162136ms] [LOG] [Fast Refresh] done in 79ms @ http://localhost:3111/_next/static/chunks/node_modules_next_dist_1e8vcs8._.js:776
[  162186ms] [LOG] [Fast Refresh] done in 79ms @ http://localhost:3111/_next/static/chunks/node_modules_next_dist_1e8vcs8._.js:776
[  162235ms] [LOG] [Fast Refresh] done in 79ms @ http://localhost:3111/_next/static/chunks/node_modules_next_dist_1e8vcs8._.js:776
[  162286ms] [LOG] [Fast Refresh] done in 79ms @ http://localhost:3111/_next/static/chunks/node_modules_next_dist_1e8vcs8._.js:776
[  162386ms] [LOG] [Fast Refresh] done in 79ms @ http://localhost:3111/_next/static/chunks/node_modules_next_dist_1e8vcs8._.js:776
[  162436ms] [LOG] [Fast Refresh] done in 79ms @ http://localhost:3111/_next/static/chunks/node_modules_next_dist_1e8vcs8._.js:776
[  162487ms] [LOG] [Fast Refresh] done in 79ms @ http://localhost:3111/_next/static/chunks/node_modules_next_dist_1e8vcs8._.js:776
[  162536ms] [LOG] [Fast Refresh] done in 79ms @ http://localhost:3111/_next/static/chunks/node_modules_next_dist_1e8vcs8._.js:776
[  162585ms] [LOG] [Fast Refresh] done in 79ms @ http://localhost:3111/_next/static/chunks/node_modules_next_dist_1e8vcs8._.js:776
[  162635ms] [LOG] [Fast Refresh] done in 79ms @ http://localhost:3111/_next/static/chunks/node_modules_next_dist_1e8vcs8._.js:776
[  162686ms] [LOG] [Fast Refresh] done in 79ms @ http://localhost:3111/_next/static/chunks/node_modules_next_dist_1e8vcs8._.js:776
[  162736ms] [LOG] [Fast Refresh] done in 79ms @ http://localhost:3111/_next/static/chunks/node_modules_next_dist_1e8vcs8._.js:776
[  162786ms] [LOG] [Fast Refresh] done in 79ms @ http://localhost:3111/_next/static/chunks/node_modules_next_dist_1e8vcs8._.js:776
[  162837ms] [LOG] [Fast Refresh] done in 79ms @ http://localhost:3111/_next/static/chunks/node_modules_next_dist_1e8vcs8._.js:776
[  162885ms] [LOG] [Fast Refresh] done in 79ms @ http://localhost:3111/_next/static/chunks/node_modules_next_dist_1e8vcs8._.js:776
[  162937ms] [LOG] [Fast Refresh] done in 79ms @ http://localhost:3111/_next/static/chunks/node_modules_next_dist_1e8vcs8._.js:776
[  162986ms] [LOG] [Fast Refresh] done in 79ms @ http://localhost:3111/_next/static/chunks/node_modules_next_dist_1e8vcs8._.js:776
[  163036ms] [LOG] [Fast Refresh] done in 79ms @ http://localhost:3111/_next/static/chunks/node_modules_next_dist_1e8vcs8._.js:776
[  163086ms] [LOG] [Fast Refresh] done in 79ms @ http://localhost:3111/_next/static/chunks/node_modules_next_dist_1e8vcs8._.js:776
[  163136ms] [LOG] [Fast Refresh] done in 79ms @ http://localhost:3111/_next/static/chunks/node_modules_next_dist_1e8vcs8._.js:776
[  163185ms] [LOG] [Fast Refresh] done in 79ms @ http://localhost:3111/_next/static/chunks/node_modules_next_dist_1e8vcs8._.js:776
[  163236ms] [LOG] [Fast Refresh] done in 79ms @ http://localhost:3111/_next/static/chunks/node_modules_next_dist_1e8vcs8._.js:776
[  163286ms] [LOG] [Fast Refresh] done in 79ms @ http://localhost:3111/_next/static/chunks/node_modules_next_dist_1e8vcs8._.js:776
[  163335ms] [LOG] [Fast Refresh] done in 79ms @ http://localhost:3111/_next/static/chunks/node_modules_next_dist_1e8vcs8._.js:776
[  163401ms] [LOG] [Fast Refresh] done in 79ms @ http://localhost:3111/_next/static/chunks/node_modules_next_dist_1e8vcs8._.js:776
[  163470ms] [LOG] [Fast Refresh] done in 79ms @ http://localhost:3111/_next/static/chunks/node_modules_next_dist_1e8vcs8._.js:776
[  163520ms] [LOG] [Fast Refresh] done in 79ms @ http://localhost:3111/_next/static/chunks/node_modules_next_dist_1e8vcs8._.js:776
[  163571ms] [LOG] [Fast Refresh] done in 79ms @ http://localhost:3111/_next/static/chunks/node_modules_next_dist_1e8vcs8._.js:776
[  163621ms] [LOG] [Fast Refresh] done in 79ms @ http://localhost:3111/_next/static/chunks/node_modules_next_dist_1e8vcs8._.js:776
[  163670ms] [LOG] [Fast Refresh] done in 79ms @ http://localhost:3111/_next/static/chunks/node_modules_next_dist_1e8vcs8._.js:776
[  163719ms] [LOG] [Fast Refresh] done in 79ms @ http://localhost:3111/_next/static/chunks/node_modules_next_dist_1e8vcs8._.js:776
[  163769ms] [LOG] [Fast Refresh] done in 79ms @ http://localhost:3111/_next/static/chunks/node_modules_next_dist_1e8vcs8._.js:776
[  163819ms] [LOG] [Fast Refresh] done in 79ms @ http://localhost:3111/_next/static/chunks/node_modules_next_dist_1e8vcs8._.js:776
[  163869ms] [LOG] [Fast Refresh] done in 79ms @ http://localhost:3111/_next/static/chunks/node_modules_next_dist_1e8vcs8._.js:776
[  163920ms] [LOG] [Fast Refresh] done in 79ms @ http://localhost:3111/_next/static/chunks/node_modules_next_dist_1e8vcs8._.js:776
[  163971ms] [LOG] [Fast Refresh] done in 79ms @ http://localhost:3111/_next/static/chunks/node_modules_next_dist_1e8vcs8._.js:776
[  164021ms] [LOG] [Fast Refresh] done in 79ms @ http://localhost:3111/_next/static/chunks/node_modules_next_dist_1e8vcs8._.js:776
[  164069ms] [LOG] [Fast Refresh] done in 79ms @ http://localhost:3111/_next/static/chunks/node_modules_next_dist_1e8vcs8._.js:776
[  164120ms] [LOG] [Fast Refresh] done in 79ms @ http://localhost:3111/_next/static/chunks/node_modules_next_dist_1e8vcs8._.js:776
[  164169ms] [LOG] [Fast Refresh] done in 79ms @ http://localhost:3111/_next/static/chunks/node_modules_next_dist_1e8vcs8._.js:776
[  164219ms] [LOG] [Fast Refresh] done in 79ms @ http://localhost:3111/_next/static/chunks/node_modules_next_dist_1e8vcs8._.js:776
[  164269ms] [LOG] [Fast Refresh] done in 79ms @ http://localhost:3111/_next/static/chunks/node_modules_next_dist_1e8vcs8._.js:776
[  164319ms] [LOG] [Fast Refresh] done in 79ms @ http://localhost:3111/_next/static/chunks/node_modules_next_dist_1e8vcs8._.js:776
[  164369ms] [LOG] [Fast Refresh] done in 79ms @ http://localhost:3111/_next/static/chunks/node_modules_next_dist_1e8vcs8._.js:776
[  164419ms] [LOG] [Fast Refresh] done in 79ms @ http://localhost:3111/_next/static/chunks/node_modules_next_dist_1e8vcs8._.js:776
[  164470ms] [LOG] [Fast Refresh] done in 79ms @ http://localhost:3111/_next/static/chunks/node_modules_next_dist_1e8vcs8._.js:776
[  164533ms] [LOG] [Fast Refresh] done in 79ms @ http://localhost:3111/_next/static/chunks/node_modules_next_dist_1e8vcs8._.js:776
[  164585ms] [LOG] [Fast Refresh] done in 79ms @ http://localhost:3111/_next/static/chunks/node_modules_next_dist_1e8vcs8._.js:776
[  164635ms] [LOG] [Fast Refresh] done in 79ms @ http://localhost:3111/_next/static/chunks/node_modules_next_dist_1e8vcs8._.js:776
[  164685ms] [LOG] [Fast Refresh] done in 79ms @ http://localhost:3111/_next/static/chunks/node_modules_next_dist_1e8vcs8._.js:776
[  164733ms] [LOG] [Fast Refresh] done in 79ms @ http://localhost:3111/_next/static/chunks/node_modules_next_dist_1e8vcs8._.js:776
[  164770ms] [LOG] [Fast Refresh] done in 79ms @ http://localhost:3111/_next/static/chunks/node_modules_next_dist_1e8vcs8._.js:776
[  164820ms] [LOG] [Fast Refresh] done in 79ms @ http://localhost:3111/_next/static/chunks/node_modules_next_dist_1e8vcs8._.js:776
[  164872ms] [LOG] [Fast Refresh] done in 79ms @ http://localhost:3111/_next/static/chunks/node_modules_next_dist_1e8vcs8._.js:776
[  164920ms] [LOG] [Fast Refresh] done in 79ms @ http://localhost:3111/_next/static/chunks/node_modules_next_dist_1e8vcs8._.js:776
[  164970ms] [LOG] [Fast Refresh] done in 79ms @ http://localhost:3111/_next/static/chunks/node_modules_next_dist_1e8vcs8._.js:776
[  165021ms] [LOG] [Fast Refresh] done in 79ms @ http://localhost:3111/_next/static/chunks/node_modules_next_dist_1e8vcs8._.js:776
[  165071ms] [LOG] [Fast Refresh] done in 79ms @ http://localhost:3111/_next/static/chunks/node_modules_next_dist_1e8vcs8._.js:776
[  165121ms] [LOG] [Fast Refresh] done in 79ms @ http://localhost:3111/_next/static/chunks/node_modules_next_dist_1e8vcs8._.js:776
[  165171ms] [LOG] [Fast Refresh] done in 79ms @ http://localhost:3111/_next/static/chunks/node_modules_next_dist_1e8vcs8._.js:776
[  165219ms] [LOG] [Fast Refresh] done in 79ms @ http://localhost:3111/_next/static/chunks/node_modules_next_dist_1e8vcs8._.js:776
[  165271ms] [LOG] [Fast Refresh] done in 79ms @ http://localhost:3111/_next/static/chunks/node_modules_next_dist_1e8vcs8._.js:776
[  165321ms] [LOG] [Fast Refresh] done in 79ms @ http://localhost:3111/_next/static/chunks/node_modules_next_dist_1e8vcs8._.js:776
[  165371ms] [LOG] [Fast Refresh] done in 79ms @ http://localhost:3111/_next/static/chunks/node_modules_next_dist_1e8vcs8._.js:776
[  165420ms] [LOG] [Fast Refresh] done in 79ms @ http://localhost:3111/_next/static/chunks/node_modules_next_dist_1e8vcs8._.js:776
[  165470ms] [LOG] [Fast Refresh] done in 79ms @ http://localhost:3111/_next/static/chunks/node_modules_next_dist_1e8vcs8._.js:776
[  165537ms] [LOG] [Fast Refresh] done in 79ms @ http://localhost:3111/_next/static/chunks/node_modules_next_dist_1e8vcs8._.js:776
[  165590ms] [LOG] [Fast Refresh] done in 79ms @ http://localhost:3111/_next/static/chunks/node_modules_next_dist_1e8vcs8._.js:776
[  165637ms] [LOG] [Fast Refresh] done in 79ms @ http://localhost:3111/_next/static/chunks/node_modules_next_dist_1e8vcs8._.js:776
[  165687ms] [LOG] [Fast Refresh] done in 79ms @ http://localhost:3111/_next/static/chunks/node_modules_next_dist_1e8vcs8._.js:776
[  165738ms] [LOG] [Fast Refresh] done in 79ms @ http://localhost:3111/_next/static/chunks/node_modules_next_dist_1e8vcs8._.js:776
[  165787ms] [LOG] [Fast Refresh] done in 79ms @ http://localhost:3111/_next/static/chunks/node_modules_next_dist_1e8vcs8._.js:776
[  165836ms] [LOG] [Fast Refresh] done in 79ms @ http://localhost:3111/_next/static/chunks/node_modules_next_dist_1e8vcs8._.js:776
[  165886ms] [LOG] [Fast Refresh] done in 79ms @ http://localhost:3111/_next/static/chunks/node_modules_next_dist_1e8vcs8._.js:776
[  165938ms] [LOG] [Fast Refresh] done in 79ms @ http://localhost:3111/_next/static/chunks/node_modules_next_dist_1e8vcs8._.js:776
[  165986ms] [LOG] [Fast Refresh] done in 79ms @ http://localhost:3111/_next/static/chunks/node_modules_next_dist_1e8vcs8._.js:776
[  166036ms] [LOG] [Fast Refresh] done in 79ms @ http://localhost:3111/_next/static/chunks/node_modules_next_dist_1e8vcs8._.js:776
[  166087ms] [LOG] [Fast Refresh] done in 79ms @ http://localhost:3111/_next/static/chunks/node_modules_next_dist_1e8vcs8._.js:776
[  166137ms] [LOG] [Fast Refresh] done in 79ms @ http://localhost:3111/_next/static/chunks/node_modules_next_dist_1e8vcs8._.js:776
[  166203ms] [LOG] [Fast Refresh] done in 79ms @ http://localhost:3111/_next/static/chunks/node_modules_next_dist_1e8vcs8._.js:776
[  166254ms] [LOG] [Fast Refresh] done in 79ms @ http://localhost:3111/_next/static/chunks/node_modules_next_dist_1e8vcs8._.js:776
[  166303ms] [LOG] [Fast Refresh] done in 79ms @ http://localhost:3111/_next/static/chunks/node_modules_next_dist_1e8vcs8._.js:776
[  166353ms] [LOG] [Fast Refresh] done in 79ms @ http://localhost:3111/_next/static/chunks/node_modules_next_dist_1e8vcs8._.js:776
[  166403ms] [LOG] [Fast Refresh] done in 79ms @ http://localhost:3111/_next/static/chunks/node_modules_next_dist_1e8vcs8._.js:776
[  166455ms] [LOG] [Fast Refresh] done in 79ms @ http://localhost:3111/_next/static/chunks/node_modules_next_dist_1e8vcs8._.js:776
[  166516ms] [LOG] [Fast Refresh] done in 79ms @ http://localhost:3111/_next/static/chunks/node_modules_next_dist_1e8vcs8._.js:776
[  166554ms] [LOG] [Fast Refresh] done in 79ms @ http://localhost:3111/_next/static/chunks/node_modules_next_dist_1e8vcs8._.js:776
[  166603ms] [LOG] [Fast Refresh] done in 79ms @ http://localhost:3111/_next/static/chunks/node_modules_next_dist_1e8vcs8._.js:776
[  166653ms] [LOG] [Fast Refresh] done in 79ms @ http://localhost:3111/_next/static/chunks/node_modules_next_dist_1e8vcs8._.js:776
[  166703ms] [LOG] [Fast Refresh] done in 79ms @ http://localhost:3111/_next/static/chunks/node_modules_next_dist_1e8vcs8._.js:776
[  166753ms] [LOG] [Fast Refresh] done in 79ms @ http://localhost:3111/_next/static/chunks/node_modules_next_dist_1e8vcs8._.js:776
[  166803ms] [LOG] [Fast Refresh] done in 79ms @ http://localhost:3111/_next/static/chunks/node_modules_next_dist_1e8vcs8._.js:776
[  166852ms] [LOG] [Fast Refresh] done in 79ms @ http://localhost:3111/_next/static/chunks/node_modules_next_dist_1e8vcs8._.js:776
[  166903ms] [LOG] [Fast Refresh] done in 79ms @ http://localhost:3111/_next/static/chunks/node_modules_next_dist_1e8vcs8._.js:776
[  166952ms] [LOG] [Fast Refresh] done in 79ms @ http://localhost:3111/_next/static/chunks/node_modules_next_dist_1e8vcs8._.js:776
[  167003ms] [LOG] [Fast Refresh] done in 79ms @ http://localhost:3111/_next/static/chunks/node_modules_next_dist_1e8vcs8._.js:776
[  167052ms] [LOG] [Fast Refresh] done in 79ms @ http://localhost:3111/_next/static/chunks/node_modules_next_dist_1e8vcs8._.js:776
[  167103ms] [LOG] [Fast Refresh] done in 79ms @ http://localhost:3111/_next/static/chunks/node_modules_next_dist_1e8vcs8._.js:776
[  167169ms] [LOG] [Fast Refresh] done in 79ms @ http://localhost:3111/_next/static/chunks/node_modules_next_dist_1e8vcs8._.js:776
[  167219ms] [LOG] [Fast Refresh] done in 79ms @ http://localhost:3111/_next/static/chunks/node_modules_next_dist_1e8vcs8._.js:776
[  167269ms] [LOG] [Fast Refresh] done in 79ms @ http://localhost:3111/_next/static/chunks/node_modules_next_dist_1e8vcs8._.js:776
[  167319ms] [LOG] [Fast Refresh] done in 79ms @ http://localhost:3111/_next/static/chunks/node_modules_next_dist_1e8vcs8._.js:776
[  167369ms] [LOG] [Fast Refresh] done in 79ms @ http://localhost:3111/_next/static/chunks/node_modules_next_dist_1e8vcs8._.js:776
[  167419ms] [LOG] [Fast Refresh] done in 79ms @ http://localhost:3111/_next/static/chunks/node_modules_next_dist_1e8vcs8._.js:776
[  167469ms] [LOG] [Fast Refresh] done in 79ms @ http://localhost:3111/_next/static/chunks/node_modules_next_dist_1e8vcs8._.js:776
[  167519ms] [LOG] [Fast Refresh] done in 79ms @ http://localhost:3111/_next/static/chunks/node_modules_next_dist_1e8vcs8._.js:776
[  167569ms] [LOG] [Fast Refresh] done in 79ms @ http://localhost:3111/_next/static/chunks/node_modules_next_dist_1e8vcs8._.js:776
[  167619ms] [LOG] [Fast Refresh] done in 79ms @ http://localhost:3111/_next/static/chunks/node_modules_next_dist_1e8vcs8._.js:776
[  167667ms] [LOG] [Fast Refresh] done in 79ms @ http://localhost:3111/_next/static/chunks/node_modules_next_dist_1e8vcs8._.js:776
[  167718ms] [LOG] [Fast Refresh] done in 79ms @ http://localhost:3111/_next/static/chunks/node_modules_next_dist_1e8vcs8._.js:776
[  167768ms] [LOG] [Fast Refresh] done in 79ms @ http://localhost:3111/_next/static/chunks/node_modules_next_dist_1e8vcs8._.js:776
[  167819ms] [LOG] [Fast Refresh] done in 79ms @ http://localhost:3111/_next/static/chunks/node_modules_next_dist_1e8vcs8._.js:776
[  167869ms] [LOG] [Fast Refresh] done in 79ms @ http://localhost:3111/_next/static/chunks/node_modules_next_dist_1e8vcs8._.js:776
[  167919ms] [LOG] [Fast Refresh] done in 79ms @ http://localhost:3111/_next/static/chunks/node_modules_next_dist_1e8vcs8._.js:776
[  167969ms] [LOG] [Fast Refresh] done in 79ms @ http://localhost:3111/_next/static/chunks/node_modules_next_dist_1e8vcs8._.js:776
[  168018ms] [LOG] [Fast Refresh] done in 79ms @ http://localhost:3111/_next/static/chunks/node_modules_next_dist_1e8vcs8._.js:776
[  168069ms] [LOG] [Fast Refresh] done in 79ms @ http://localhost:3111/_next/static/chunks/node_modules_next_dist_1e8vcs8._.js:776
[  168119ms] [LOG] [Fast Refresh] done in 79ms @ http://localhost:3111/_next/static/chunks/node_modules_next_dist_1e8vcs8._.js:776
[  168169ms] [LOG] [Fast Refresh] done in 79ms @ http://localhost:3111/_next/static/chunks/node_modules_next_dist_1e8vcs8._.js:776
[  168218ms] [LOG] [Fast Refresh] done in 79ms @ http://localhost:3111/_next/static/chunks/node_modules_next_dist_1e8vcs8._.js:776
[  168268ms] [LOG] [Fast Refresh] done in 79ms @ http://localhost:3111/_next/static/chunks/node_modules_next_dist_1e8vcs8._.js:776
[  168318ms] [LOG] [Fast Refresh] done in 79ms @ http://localhost:3111/_next/static/chunks/node_modules_next_dist_1e8vcs8._.js:776
[  168369ms] [LOG] [Fast Refresh] done in 79ms @ http://localhost:3111/_next/static/chunks/node_modules_next_dist_1e8vcs8._.js:776
[  168418ms] [LOG] [Fast Refresh] done in 79ms @ http://localhost:3111/_next/static/chunks/node_modules_next_dist_1e8vcs8._.js:776
[  168469ms] [LOG] [Fast Refresh] done in 79ms @ http://localhost:3111/_next/static/chunks/node_modules_next_dist_1e8vcs8._.js:776
[  168519ms] [LOG] [Fast Refresh] done in 79ms @ http://localhost:3111/_next/static/chunks/node_modules_next_dist_1e8vcs8._.js:776
[  168568ms] [LOG] [Fast Refresh] done in 79ms @ http://localhost:3111/_next/static/chunks/node_modules_next_dist_1e8vcs8._.js:776
[  168618ms] [LOG] [Fast Refresh] done in 79ms @ http://localhost:3111/_next/static/chunks/node_modules_next_dist_1e8vcs8._.js:776
[  168669ms] [LOG] [Fast Refresh] done in 79ms @ http://localhost:3111/_next/static/chunks/node_modules_next_dist_1e8vcs8._.js:776
[  168719ms] [LOG] [Fast Refresh] done in 79ms @ http://localhost:3111/_next/static/chunks/node_modules_next_dist_1e8vcs8._.js:776
[  168769ms] [LOG] [Fast Refresh] done in 79ms @ http://localhost:3111/_next/static/chunks/node_modules_next_dist_1e8vcs8._.js:776
[  168818ms] [LOG] [Fast Refresh] done in 79ms @ http://localhost:3111/_next/static/chunks/node_modules_next_dist_1e8vcs8._.js:776
[  168869ms] [LOG] [Fast Refresh] done in 79ms @ http://localhost:3111/_next/static/chunks/node_modules_next_dist_1e8vcs8._.js:776
[  168918ms] [LOG] [Fast Refresh] done in 79ms @ http://localhost:3111/_next/static/chunks/node_modules_next_dist_1e8vcs8._.js:776
[  168969ms] [LOG] [Fast Refresh] done in 79ms @ http://localhost:3111/_next/static/chunks/node_modules_next_dist_1e8vcs8._.js:776
[  169033ms] [LOG] [Fast Refresh] done in 79ms @ http://localhost:3111/_next/static/chunks/node_modules_next_dist_1e8vcs8._.js:776
[  169085ms] [LOG] [Fast Refresh] done in 79ms @ http://localhost:3111/_next/static/chunks/node_modules_next_dist_1e8vcs8._.js:776
[  169135ms] [LOG] [Fast Refresh] done in 79ms @ http://localhost:3111/_next/static/chunks/node_modules_next_dist_1e8vcs8._.js:776
[  169185ms] [LOG] [Fast Refresh] done in 79ms @ http://localhost:3111/_next/static/chunks/node_modules_next_dist_1e8vcs8._.js:776
[  169235ms] [LOG] [Fast Refresh] done in 79ms @ http://localhost:3111/_next/static/chunks/node_modules_next_dist_1e8vcs8._.js:776
[  169286ms] [LOG] [Fast Refresh] done in 79ms @ http://localhost:3111/_next/static/chunks/node_modules_next_dist_1e8vcs8._.js:776
[  169336ms] [LOG] [Fast Refresh] done in 79ms @ http://localhost:3111/_next/static/chunks/node_modules_next_dist_1e8vcs8._.js:776
[  169386ms] [LOG] [Fast Refresh] done in 79ms @ http://localhost:3111/_next/static/chunks/node_modules_next_dist_1e8vcs8._.js:776
[  169436ms] [LOG] [Fast Refresh] done in 79ms @ http://localhost:3111/_next/static/chunks/node_modules_next_dist_1e8vcs8._.js:776
[  169486ms] [LOG] [Fast Refresh] done in 79ms @ http://localhost:3111/_next/static/chunks/node_modules_next_dist_1e8vcs8._.js:776
[  169531ms] [LOG] [Fast Refresh] done in 79ms @ http://localhost:3111/_next/static/chunks/node_modules_next_dist_1e8vcs8._.js:776
[  169569ms] [LOG] [Fast Refresh] done in 79ms @ http://localhost:3111/_next/static/chunks/node_modules_next_dist_1e8vcs8._.js:776
[  169619ms] [LOG] [Fast Refresh] done in 79ms @ http://localhost:3111/_next/static/chunks/node_modules_next_dist_1e8vcs8._.js:776
[  169668ms] [LOG] [Fast Refresh] done in 79ms @ http://localhost:3111/_next/static/chunks/node_modules_next_dist_1e8vcs8._.js:776
[  169719ms] [LOG] [Fast Refresh] done in 79ms @ http://localhost:3111/_next/static/chunks/node_modules_next_dist_1e8vcs8._.js:776
[  169769ms] [LOG] [Fast Refresh] done in 79ms @ http://localhost:3111/_next/static/chunks/node_modules_next_dist_1e8vcs8._.js:776
[  169819ms] [LOG] [Fast Refresh] done in 79ms @ http://localhost:3111/_next/static/chunks/node_modules_next_dist_1e8vcs8._.js:776
[  169869ms] [LOG] [Fast Refresh] done in 79ms @ http://localhost:3111/_next/static/chunks/node_modules_next_dist_1e8vcs8._.js:776
[  169920ms] [LOG] [Fast Refresh] done in 79ms @ http://localhost:3111/_next/static/chunks/node_modules_next_dist_1e8vcs8._.js:776
[  169969ms] [LOG] [Fast Refresh] done in 79ms @ http://localhost:3111/_next/static/chunks/node_modules_next_dist_1e8vcs8._.js:776
[  170019ms] [LOG] [Fast Refresh] done in 79ms @ http://localhost:3111/_next/static/chunks/node_modules_next_dist_1e8vcs8._.js:776
[  170069ms] [LOG] [Fast Refresh] done in 79ms @ http://localhost:3111/_next/static/chunks/node_modules_next_dist_1e8vcs8._.js:776
[  170118ms] [LOG] [Fast Refresh] done in 79ms @ http://localhost:3111/_next/static/chunks/node_modules_next_dist_1e8vcs8._.js:776
[  170183ms] [LOG] [Fast Refresh] done in 79ms @ http://localhost:3111/_next/static/chunks/node_modules_next_dist_1e8vcs8._.js:776
[  170235ms] [LOG] [Fast Refresh] done in 79ms @ http://localhost:3111/_next/static/chunks/node_modules_next_dist_1e8vcs8._.js:776
[  170283ms] [LOG] [Fast Refresh] done in 79ms @ http://localhost:3111/_next/static/chunks/node_modules_next_dist_1e8vcs8._.js:776
[  170335ms] [LOG] [Fast Refresh] done in 79ms @ http://localhost:3111/_next/static/chunks/node_modules_next_dist_1e8vcs8._.js:776
[  170383ms] [LOG] [Fast Refresh] done in 79ms @ http://localhost:3111/_next/static/chunks/node_modules_next_dist_1e8vcs8._.js:776
[  170435ms] [LOG] [Fast Refresh] done in 79ms @ http://localhost:3111/_next/static/chunks/node_modules_next_dist_1e8vcs8._.js:776
[  170485ms] [LOG] [Fast Refresh] done in 79ms @ http://localhost:3111/_next/static/chunks/node_modules_next_dist_1e8vcs8._.js:776
[  170535ms] [LOG] [Fast Refresh] done in 79ms @ http://localhost:3111/_next/static/chunks/node_modules_next_dist_1e8vcs8._.js:776
[  170583ms] [LOG] [Fast Refresh] done in 79ms @ http://localhost:3111/_next/static/chunks/node_modules_next_dist_1e8vcs8._.js:776
[  170634ms] [LOG] [Fast Refresh] done in 79ms @ http://localhost:3111/_next/static/chunks/node_modules_next_dist_1e8vcs8._.js:776
[  170682ms] [LOG] [Fast Refresh] done in 79ms @ http://localhost:3111/_next/static/chunks/node_modules_next_dist_1e8vcs8._.js:776
[  170735ms] [LOG] [Fast Refresh] done in 79ms @ http://localhost:3111/_next/static/chunks/node_modules_next_dist_1e8vcs8._.js:776
[  170785ms] [LOG] [Fast Refresh] done in 79ms @ http://localhost:3111/_next/static/chunks/node_modules_next_dist_1e8vcs8._.js:776
[  170835ms] [LOG] [Fast Refresh] done in 79ms @ http://localhost:3111/_next/static/chunks/node_modules_next_dist_1e8vcs8._.js:776
[  170886ms] [LOG] [Fast Refresh] done in 79ms @ http://localhost:3111/_next/static/chunks/node_modules_next_dist_1e8vcs8._.js:776
[  170936ms] [LOG] [Fast Refresh] done in 79ms @ http://localhost:3111/_next/static/chunks/node_modules_next_dist_1e8vcs8._.js:776
[  170986ms] [LOG] [Fast Refresh] done in 79ms @ http://localhost:3111/_next/static/chunks/node_modules_next_dist_1e8vcs8._.js:776
[  171035ms] [LOG] [Fast Refresh] done in 79ms @ http://localhost:3111/_next/static/chunks/node_modules_next_dist_1e8vcs8._.js:776
[  171086ms] [LOG] [Fast Refresh] done in 79ms @ http://localhost:3111/_next/static/chunks/node_modules_next_dist_1e8vcs8._.js:776
[  171133ms] [LOG] [Fast Refresh] done in 79ms @ http://localhost:3111/_next/static/chunks/node_modules_next_dist_1e8vcs8._.js:776
[  171170ms] [LOG] [Fast Refresh] done in 79ms @ http://localhost:3111/_next/static/chunks/node_modules_next_dist_1e8vcs8._.js:776
[  171218ms] [LOG] [Fast Refresh] done in 79ms @ http://localhost:3111/_next/static/chunks/node_modules_next_dist_1e8vcs8._.js:776
[  171269ms] [LOG] [Fast Refresh] done in 79ms @ http://localhost:3111/_next/static/chunks/node_modules_next_dist_1e8vcs8._.js:776
[  171319ms] [LOG] [Fast Refresh] done in 79ms @ http://localhost:3111/_next/static/chunks/node_modules_next_dist_1e8vcs8._.js:776
[  171369ms] [LOG] [Fast Refresh] done in 79ms @ http://localhost:3111/_next/static/chunks/node_modules_next_dist_1e8vcs8._.js:776
[  171419ms] [LOG] [Fast Refresh] done in 79ms @ http://localhost:3111/_next/static/chunks/node_modules_next_dist_1e8vcs8._.js:776
[  171469ms] [LOG] [Fast Refresh] done in 79ms @ http://localhost:3111/_next/static/chunks/node_modules_next_dist_1e8vcs8._.js:776
[  171536ms] [LOG] [Fast Refresh] done in 79ms @ http://localhost:3111/_next/static/chunks/node_modules_next_dist_1e8vcs8._.js:776
[  171586ms] [LOG] [Fast Refresh] done in 79ms @ http://localhost:3111/_next/static/chunks/node_modules_next_dist_1e8vcs8._.js:776
[  171637ms] [LOG] [Fast Refresh] done in 79ms @ http://localhost:3111/_next/static/chunks/node_modules_next_dist_1e8vcs8._.js:776
[  171687ms] [LOG] [Fast Refresh] done in 79ms @ http://localhost:3111/_next/static/chunks/node_modules_next_dist_1e8vcs8._.js:776
[  171736ms] [LOG] [Fast Refresh] done in 79ms @ http://localhost:3111/_next/static/chunks/node_modules_next_dist_1e8vcs8._.js:776
[  171785ms] [LOG] [Fast Refresh] done in 79ms @ http://localhost:3111/_next/static/chunks/node_modules_next_dist_1e8vcs8._.js:776
[  171836ms] [LOG] [Fast Refresh] done in 79ms @ http://localhost:3111/_next/static/chunks/node_modules_next_dist_1e8vcs8._.js:776
[  171885ms] [LOG] [Fast Refresh] done in 79ms @ http://localhost:3111/_next/static/chunks/node_modules_next_dist_1e8vcs8._.js:776
[  171935ms] [LOG] [Fast Refresh] done in 79ms @ http://localhost:3111/_next/static/chunks/node_modules_next_dist_1e8vcs8._.js:776
[  171985ms] [LOG] [Fast Refresh] done in 79ms @ http://localhost:3111/_next/static/chunks/node_modules_next_dist_1e8vcs8._.js:776
[  172035ms] [LOG] [Fast Refresh] done in 79ms @ http://localhost:3111/_next/static/chunks/node_modules_next_dist_1e8vcs8._.js:776
[  172084ms] [LOG] [Fast Refresh] done in 79ms @ http://localhost:3111/_next/static/chunks/node_modules_next_dist_1e8vcs8._.js:776
[  172134ms] [LOG] [Fast Refresh] done in 79ms @ http://localhost:3111/_next/static/chunks/node_modules_next_dist_1e8vcs8._.js:776
[  172185ms] [LOG] [Fast Refresh] done in 79ms @ http://localhost:3111/_next/static/chunks/node_modules_next_dist_1e8vcs8._.js:776
[  172235ms] [LOG] [Fast Refresh] done in 79ms @ http://localhost:3111/_next/static/chunks/node_modules_next_dist_1e8vcs8._.js:776
[  172285ms] [LOG] [Fast Refresh] done in 79ms @ http://localhost:3111/_next/static/chunks/node_modules_next_dist_1e8vcs8._.js:776
[  172336ms] [LOG] [Fast Refresh] done in 79ms @ http://localhost:3111/_next/static/chunks/node_modules_next_dist_1e8vcs8._.js:776
[  172385ms] [LOG] [Fast Refresh] done in 79ms @ http://localhost:3111/_next/static/chunks/node_modules_next_dist_1e8vcs8._.js:776
[  172432ms] [LOG] [Fast Refresh] done in 79ms @ http://localhost:3111/_next/static/chunks/node_modules_next_dist_1e8vcs8._.js:776
[  172483ms] [LOG] [Fast Refresh] done in 79ms @ http://localhost:3111/_next/static/chunks/node_modules_next_dist_1e8vcs8._.js:776
[  172533ms] [LOG] [Fast Refresh] done in 79ms @ http://localhost:3111/_next/static/chunks/node_modules_next_dist_1e8vcs8._.js:776
[  172584ms] [LOG] [Fast Refresh] done in 79ms @ http://localhost:3111/_next/static/chunks/node_modules_next_dist_1e8vcs8._.js:776
[  172634ms] [LOG] [Fast Refresh] done in 79ms @ http://localhost:3111/_next/static/chunks/node_modules_next_dist_1e8vcs8._.js:776
[  172685ms] [LOG] [Fast Refresh] done in 79ms @ http://localhost:3111/_next/static/chunks/node_modules_next_dist_1e8vcs8._.js:776
[  172734ms] [LOG] [Fast Refresh] done in 79ms @ http://localhost:3111/_next/static/chunks/node_modules_next_dist_1e8vcs8._.js:776
[  172785ms] [LOG] [Fast Refresh] done in 79ms @ http://localhost:3111/_next/static/chunks/node_modules_next_dist_1e8vcs8._.js:776
[  172835ms] [LOG] [Fast Refresh] done in 79ms @ http://localhost:3111/_next/static/chunks/node_modules_next_dist_1e8vcs8._.js:776
[  172885ms] [LOG] [Fast Refresh] done in 79ms @ http://localhost:3111/_next/static/chunks/node_modules_next_dist_1e8vcs8._.js:776
[  172935ms] [LOG] [Fast Refresh] done in 79ms @ http://localhost:3111/_next/static/chunks/node_modules_next_dist_1e8vcs8._.js:776
[  172986ms] [LOG] [Fast Refresh] done in 79ms @ http://localhost:3111/_next/static/chunks/node_modules_next_dist_1e8vcs8._.js:776
[  173035ms] [LOG] [Fast Refresh] done in 79ms @ http://localhost:3111/_next/static/chunks/node_modules_next_dist_1e8vcs8._.js:776
[  173085ms] [LOG] [Fast Refresh] done in 79ms @ http://localhost:3111/_next/static/chunks/node_modules_next_dist_1e8vcs8._.js:776
[  173137ms] [LOG] [Fast Refresh] done in 79ms @ http://localhost:3111/_next/static/chunks/node_modules_next_dist_1e8vcs8._.js:776
[  173185ms] [LOG] [Fast Refresh] done in 79ms @ http://localhost:3111/_next/static/chunks/node_modules_next_dist_1e8vcs8._.js:776
[  173235ms] [LOG] [Fast Refresh] done in 79ms @ http://localhost:3111/_next/static/chunks/node_modules_next_dist_1e8vcs8._.js:776
[  173285ms] [LOG] [Fast Refresh] done in 79ms @ http://localhost:3111/_next/static/chunks/node_modules_next_dist_1e8vcs8._.js:776
[  173334ms] [LOG] [Fast Refresh] done in 79ms @ http://localhost:3111/_next/static/chunks/node_modules_next_dist_1e8vcs8._.js:776
[  173385ms] [LOG] [Fast Refresh] done in 79ms @ http://localhost:3111/_next/static/chunks/node_modules_next_dist_1e8vcs8._.js:776
[  173451ms] [LOG] [Fast Refresh] done in 79ms @ http://localhost:3111/_next/static/chunks/node_modules_next_dist_1e8vcs8._.js:776
[  173518ms] [LOG] [Fast Refresh] done in 79ms @ http://localhost:3111/_next/static/chunks/node_modules_next_dist_1e8vcs8._.js:776
[  173568ms] [LOG] [Fast Refresh] done in 79ms @ http://localhost:3111/_next/static/chunks/node_modules_next_dist_1e8vcs8._.js:776
[  173616ms] [LOG] [Fast Refresh] done in 79ms @ http://localhost:3111/_next/static/chunks/node_modules_next_dist_1e8vcs8._.js:776
[  173667ms] [LOG] [Fast Refresh] done in 79ms @ http://localhost:3111/_next/static/chunks/node_modules_next_dist_1e8vcs8._.js:776
[  173716ms] [LOG] [Fast Refresh] done in 79ms @ http://localhost:3111/_next/static/chunks/node_modules_next_dist_1e8vcs8._.js:776
[  173768ms] [LOG] [Fast Refresh] done in 79ms @ http://localhost:3111/_next/static/chunks/node_modules_next_dist_1e8vcs8._.js:776
[  173817ms] [LOG] [Fast Refresh] done in 79ms @ http://localhost:3111/_next/static/chunks/node_modules_next_dist_1e8vcs8._.js:776
[  173874ms] [LOG] [Fast Refresh] done in 79ms @ http://localhost:3111/_next/static/chunks/node_modules_next_dist_1e8vcs8._.js:776
[  173933ms] [LOG] [Fast Refresh] done in 79ms @ http://localhost:3111/_next/static/chunks/node_modules_next_dist_1e8vcs8._.js:776
[  173984ms] [LOG] [Fast Refresh] done in 79ms @ http://localhost:3111/_next/static/chunks/node_modules_next_dist_1e8vcs8._.js:776
[  174035ms] [LOG] [Fast Refresh] done in 79ms @ http://localhost:3111/_next/static/chunks/node_modules_next_dist_1e8vcs8._.js:776
[  174084ms] [LOG] [Fast Refresh] done in 79ms @ http://localhost:3111/_next/static/chunks/node_modules_next_dist_1e8vcs8._.js:776
[  174136ms] [LOG] [Fast Refresh] done in 79ms @ http://localhost:3111/_next/static/chunks/node_modules_next_dist_1e8vcs8._.js:776
[  174184ms] [LOG] [Fast Refresh] done in 79ms @ http://localhost:3111/_next/static/chunks/node_modules_next_dist_1e8vcs8._.js:776
[  174235ms] [LOG] [Fast Refresh] done in 79ms @ http://localhost:3111/_next/static/chunks/node_modules_next_dist_1e8vcs8._.js:776
[  174284ms] [LOG] [Fast Refresh] done in 79ms @ http://localhost:3111/_next/static/chunks/node_modules_next_dist_1e8vcs8._.js:776
[  174333ms] [LOG] [Fast Refresh] done in 79ms @ http://localhost:3111/_next/static/chunks/node_modules_next_dist_1e8vcs8._.js:776
[  174384ms] [LOG] [Fast Refresh] done in 79ms @ http://localhost:3111/_next/static/chunks/node_modules_next_dist_1e8vcs8._.js:776
[  174434ms] [LOG] [Fast Refresh] done in 79ms @ http://localhost:3111/_next/static/chunks/node_modules_next_dist_1e8vcs8._.js:776
[  174497ms] [LOG] [Fast Refresh] done in 79ms @ http://localhost:3111/_next/static/chunks/node_modules_next_dist_1e8vcs8._.js:776
[  174545ms] [LOG] [Fast Refresh] done in 79ms @ http://localhost:3111/_next/static/chunks/node_modules_next_dist_1e8vcs8._.js:776
[  174599ms] [LOG] [Fast Refresh] done in 79ms @ http://localhost:3111/_next/static/chunks/node_modules_next_dist_1e8vcs8._.js:776
[  174650ms] [LOG] [Fast Refresh] done in 79ms @ http://localhost:3111/_next/static/chunks/node_modules_next_dist_1e8vcs8._.js:776
[  174700ms] [LOG] [Fast Refresh] done in 79ms @ http://localhost:3111/_next/static/chunks/node_modules_next_dist_1e8vcs8._.js:776
[  174747ms] [LOG] [Fast Refresh] done in 79ms @ http://localhost:3111/_next/static/chunks/node_modules_next_dist_1e8vcs8._.js:776
[  174799ms] [LOG] [Fast Refresh] done in 79ms @ http://localhost:3111/_next/static/chunks/node_modules_next_dist_1e8vcs8._.js:776
[  174850ms] [LOG] [Fast Refresh] done in 79ms @ http://localhost:3111/_next/static/chunks/node_modules_next_dist_1e8vcs8._.js:776
[  174899ms] [LOG] [Fast Refresh] done in 79ms @ http://localhost:3111/_next/static/chunks/node_modules_next_dist_1e8vcs8._.js:776
[  174948ms] [LOG] [Fast Refresh] done in 79ms @ http://localhost:3111/_next/static/chunks/node_modules_next_dist_1e8vcs8._.js:776
[  174997ms] [LOG] [Fast Refresh] done in 79ms @ http://localhost:3111/_next/static/chunks/node_modules_next_dist_1e8vcs8._.js:776
[  175050ms] [LOG] [Fast Refresh] done in 79ms @ http://localhost:3111/_next/static/chunks/node_modules_next_dist_1e8vcs8._.js:776
[  175099ms] [LOG] [Fast Refresh] done in 79ms @ http://localhost:3111/_next/static/chunks/node_modules_next_dist_1e8vcs8._.js:776
[  175147ms] [LOG] [Fast Refresh] done in 79ms @ http://localhost:3111/_next/static/chunks/node_modules_next_dist_1e8vcs8._.js:776
[  175199ms] [LOG] [Fast Refresh] done in 79ms @ http://localhost:3111/_next/static/chunks/node_modules_next_dist_1e8vcs8._.js:776
[  175247ms] [LOG] [Fast Refresh] done in 79ms @ http://localhost:3111/_next/static/chunks/node_modules_next_dist_1e8vcs8._.js:776
[  175297ms] [LOG] [Fast Refresh] done in 79ms @ http://localhost:3111/_next/static/chunks/node_modules_next_dist_1e8vcs8._.js:776
[  175349ms] [LOG] [Fast Refresh] done in 79ms @ http://localhost:3111/_next/static/chunks/node_modules_next_dist_1e8vcs8._.js:776
[  175401ms] [LOG] [Fast Refresh] done in 79ms @ http://localhost:3111/_next/static/chunks/node_modules_next_dist_1e8vcs8._.js:776
[  175447ms] [LOG] [Fast Refresh] done in 79ms @ http://localhost:3111/_next/static/chunks/node_modules_next_dist_1e8vcs8._.js:776
[  175500ms] [LOG] [Fast Refresh] done in 79ms @ http://localhost:3111/_next/static/chunks/node_modules_next_dist_1e8vcs8._.js:776
[  175550ms] [LOG] [Fast Refresh] done in 79ms @ http://localhost:3111/_next/static/chunks/node_modules_next_dist_1e8vcs8._.js:776
[  175598ms] [LOG] [Fast Refresh] done in 79ms @ http://localhost:3111/_next/static/chunks/node_modules_next_dist_1e8vcs8._.js:776
[  175650ms] [LOG] [Fast Refresh] done in 79ms @ http://localhost:3111/_next/static/chunks/node_modules_next_dist_1e8vcs8._.js:776
[  175700ms] [LOG] [Fast Refresh] done in 79ms @ http://localhost:3111/_next/static/chunks/node_modules_next_dist_1e8vcs8._.js:776
[  175750ms] [LOG] [Fast Refresh] done in 79ms @ http://localhost:3111/_next/static/chunks/node_modules_next_dist_1e8vcs8._.js:776
[  175799ms] [LOG] [Fast Refresh] done in 79ms @ http://localhost:3111/_next/static/chunks/node_modules_next_dist_1e8vcs8._.js:776
[  175850ms] [LOG] [Fast Refresh] done in 79ms @ http://localhost:3111/_next/static/chunks/node_modules_next_dist_1e8vcs8._.js:776
[  175900ms] [LOG] [Fast Refresh] done in 79ms @ http://localhost:3111/_next/static/chunks/node_modules_next_dist_1e8vcs8._.js:776
[  175950ms] [LOG] [Fast Refresh] done in 79ms @ http://localhost:3111/_next/static/chunks/node_modules_next_dist_1e8vcs8._.js:776
[  176000ms] [LOG] [Fast Refresh] done in 79ms @ http://localhost:3111/_next/static/chunks/node_modules_next_dist_1e8vcs8._.js:776
[  176051ms] [LOG] [Fast Refresh] done in 79ms @ http://localhost:3111/_next/static/chunks/node_modules_next_dist_1e8vcs8._.js:776
[  176089ms] [LOG] [Fast Refresh] done in 79ms @ http://localhost:3111/_next/static/chunks/node_modules_next_dist_1e8vcs8._.js:776
[  176131ms] [LOG] [Fast Refresh] done in 79ms @ http://localhost:3111/_next/static/chunks/node_modules_next_dist_1e8vcs8._.js:776
[  176174ms] [LOG] [Fast Refresh] done in 79ms @ http://localhost:3111/_next/static/chunks/node_modules_next_dist_1e8vcs8._.js:776
[  176214ms] [LOG] [Fast Refresh] done in 79ms @ http://localhost:3111/_next/static/chunks/node_modules_next_dist_1e8vcs8._.js:776
[  176267ms] [LOG] [Fast Refresh] done in 79ms @ http://localhost:3111/_next/static/chunks/node_modules_next_dist_1e8vcs8._.js:776
[  176315ms] [LOG] [Fast Refresh] done in 79ms @ http://localhost:3111/_next/static/chunks/node_modules_next_dist_1e8vcs8._.js:776
[  176365ms] [LOG] [Fast Refresh] done in 79ms @ http://localhost:3111/_next/static/chunks/node_modules_next_dist_1e8vcs8._.js:776
[  176415ms] [LOG] [Fast Refresh] done in 79ms @ http://localhost:3111/_next/static/chunks/node_modules_next_dist_1e8vcs8._.js:776
[  176466ms] [LOG] [Fast Refresh] done in 79ms @ http://localhost:3111/_next/static/chunks/node_modules_next_dist_1e8vcs8._.js:776
[  176516ms] [LOG] [Fast Refresh] done in 79ms @ http://localhost:3111/_next/static/chunks/node_modules_next_dist_1e8vcs8._.js:776
[  176565ms] [LOG] [Fast Refresh] done in 79ms @ http://localhost:3111/_next/static/chunks/node_modules_next_dist_1e8vcs8._.js:776
[  176615ms] [LOG] [Fast Refresh] done in 79ms @ http://localhost:3111/_next/static/chunks/node_modules_next_dist_1e8vcs8._.js:776
[  176666ms] [LOG] [Fast Refresh] done in 79ms @ http://localhost:3111/_next/static/chunks/node_modules_next_dist_1e8vcs8._.js:776
[  176715ms] [LOG] [Fast Refresh] done in 79ms @ http://localhost:3111/_next/static/chunks/node_modules_next_dist_1e8vcs8._.js:776
[  176779ms] [LOG] [Fast Refresh] done in 79ms @ http://localhost:3111/_next/static/chunks/node_modules_next_dist_1e8vcs8._.js:776
[  176831ms] [LOG] [Fast Refresh] done in 79ms @ http://localhost:3111/_next/static/chunks/node_modules_next_dist_1e8vcs8._.js:776
[  176885ms] [LOG] [Fast Refresh] done in 79ms @ http://localhost:3111/_next/static/chunks/node_modules_next_dist_1e8vcs8._.js:776
[  176951ms] [LOG] [Fast Refresh] done in 79ms @ http://localhost:3111/_next/static/chunks/node_modules_next_dist_1e8vcs8._.js:776
[  176998ms] [LOG] [Fast Refresh] done in 79ms @ http://localhost:3111/_next/static/chunks/node_modules_next_dist_1e8vcs8._.js:776
[  177049ms] [LOG] [Fast Refresh] done in 79ms @ http://localhost:3111/_next/static/chunks/node_modules_next_dist_1e8vcs8._.js:776
[  177100ms] [LOG] [Fast Refresh] done in 79ms @ http://localhost:3111/_next/static/chunks/node_modules_next_dist_1e8vcs8._.js:776
[  177149ms] [LOG] [Fast Refresh] done in 79ms @ http://localhost:3111/_next/static/chunks/node_modules_next_dist_1e8vcs8._.js:776
[  177185ms] [LOG] [Fast Refresh] done in 79ms @ http://localhost:3111/_next/static/chunks/node_modules_next_dist_1e8vcs8._.js:776
[  177234ms] [LOG] [Fast Refresh] done in 79ms @ http://localhost:3111/_next/static/chunks/node_modules_next_dist_1e8vcs8._.js:776
[  177284ms] [LOG] [Fast Refresh] done in 79ms @ http://localhost:3111/_next/static/chunks/node_modules_next_dist_1e8vcs8._.js:776
[  177335ms] [LOG] [Fast Refresh] done in 79ms @ http://localhost:3111/_next/static/chunks/node_modules_next_dist_1e8vcs8._.js:776
[  177384ms] [LOG] [Fast Refresh] done in 79ms @ http://localhost:3111/_next/static/chunks/node_modules_next_dist_1e8vcs8._.js:776
[  177432ms] [LOG] [Fast Refresh] done in 79ms @ http://localhost:3111/_next/static/chunks/node_modules_next_dist_1e8vcs8._.js:776
[  177481ms] [LOG] [Fast Refresh] done in 79ms @ http://localhost:3111/_next/static/chunks/node_modules_next_dist_1e8vcs8._.js:776
[  177546ms] [LOG] [Fast Refresh] done in 79ms @ http://localhost:3111/_next/static/chunks/node_modules_next_dist_1e8vcs8._.js:776
[  177584ms] [LOG] [Fast Refresh] done in 79ms @ http://localhost:3111/_next/static/chunks/node_modules_next_dist_1e8vcs8._.js:776
[  177634ms] [LOG] [Fast Refresh] done in 79ms @ http://localhost:3111/_next/static/chunks/node_modules_next_dist_1e8vcs8._.js:776
[  177683ms] [LOG] [Fast Refresh] done in 79ms @ http://localhost:3111/_next/static/chunks/node_modules_next_dist_1e8vcs8._.js:776
[  177734ms] [LOG] [Fast Refresh] done in 79ms @ http://localhost:3111/_next/static/chunks/node_modules_next_dist_1e8vcs8._.js:776
[  177784ms] [LOG] [Fast Refresh] done in 79ms @ http://localhost:3111/_next/static/chunks/node_modules_next_dist_1e8vcs8._.js:776
[  177833ms] [LOG] [Fast Refresh] done in 79ms @ http://localhost:3111/_next/static/chunks/node_modules_next_dist_1e8vcs8._.js:776
[  177884ms] [LOG] [Fast Refresh] done in 79ms @ http://localhost:3111/_next/static/chunks/node_modules_next_dist_1e8vcs8._.js:776
[  177932ms] [LOG] [Fast Refresh] done in 79ms @ http://localhost:3111/_next/static/chunks/node_modules_next_dist_1e8vcs8._.js:776
[  178001ms] [LOG] [Fast Refresh] done in 79ms @ http://localhost:3111/_next/static/chunks/node_modules_next_dist_1e8vcs8._.js:776
[  178050ms] [LOG] [Fast Refresh] done in 79ms @ http://localhost:3111/_next/static/chunks/node_modules_next_dist_1e8vcs8._.js:776
[  178100ms] [LOG] [Fast Refresh] done in 79ms @ http://localhost:3111/_next/static/chunks/node_modules_next_dist_1e8vcs8._.js:776
[  178150ms] [LOG] [Fast Refresh] done in 79ms @ http://localhost:3111/_next/static/chunks/node_modules_next_dist_1e8vcs8._.js:776
[  178199ms] [LOG] [Fast Refresh] done in 79ms @ http://localhost:3111/_next/static/chunks/node_modules_next_dist_1e8vcs8._.js:776
[  178250ms] [LOG] [Fast Refresh] done in 79ms @ http://localhost:3111/_next/static/chunks/node_modules_next_dist_1e8vcs8._.js:776
[  178301ms] [LOG] [Fast Refresh] done in 79ms @ http://localhost:3111/_next/static/chunks/node_modules_next_dist_1e8vcs8._.js:776
[  178366ms] [LOG] [Fast Refresh] done in 79ms @ http://localhost:3111/_next/static/chunks/node_modules_next_dist_1e8vcs8._.js:776
[  178418ms] [LOG] [Fast Refresh] done in 79ms @ http://localhost:3111/_next/static/chunks/node_modules_next_dist_1e8vcs8._.js:776
[  178465ms] [LOG] [Fast Refresh] done in 79ms @ http://localhost:3111/_next/static/chunks/node_modules_next_dist_1e8vcs8._.js:776
[  178516ms] [LOG] [Fast Refresh] done in 79ms @ http://localhost:3111/_next/static/chunks/node_modules_next_dist_1e8vcs8._.js:776
[  178565ms] [LOG] [Fast Refresh] done in 79ms @ http://localhost:3111/_next/static/chunks/node_modules_next_dist_1e8vcs8._.js:776
[  178617ms] [LOG] [Fast Refresh] done in 79ms @ http://localhost:3111/_next/static/chunks/node_modules_next_dist_1e8vcs8._.js:776
[  178665ms] [LOG] [Fast Refresh] done in 79ms @ http://localhost:3111/_next/static/chunks/node_modules_next_dist_1e8vcs8._.js:776
[  178715ms] [LOG] [Fast Refresh] done in 79ms @ http://localhost:3111/_next/static/chunks/node_modules_next_dist_1e8vcs8._.js:776
[  178767ms] [LOG] [Fast Refresh] done in 79ms @ http://localhost:3111/_next/static/chunks/node_modules_next_dist_1e8vcs8._.js:776
[  178815ms] [LOG] [Fast Refresh] done in 79ms @ http://localhost:3111/_next/static/chunks/node_modules_next_dist_1e8vcs8._.js:776
[  178865ms] [LOG] [Fast Refresh] done in 79ms @ http://localhost:3111/_next/static/chunks/node_modules_next_dist_1e8vcs8._.js:776
[  178918ms] [LOG] [Fast Refresh] done in 79ms @ http://localhost:3111/_next/static/chunks/node_modules_next_dist_1e8vcs8._.js:776
[  178968ms] [LOG] [Fast Refresh] done in 79ms @ http://localhost:3111/_next/static/chunks/node_modules_next_dist_1e8vcs8._.js:776
[  179015ms] [LOG] [Fast Refresh] done in 79ms @ http://localhost:3111/_next/static/chunks/node_modules_next_dist_1e8vcs8._.js:776
[  179052ms] [LOG] [Fast Refresh] done in 79ms @ http://localhost:3111/_next/static/chunks/node_modules_next_dist_1e8vcs8._.js:776
[  179101ms] [LOG] [Fast Refresh] done in 79ms @ http://localhost:3111/_next/static/chunks/node_modules_next_dist_1e8vcs8._.js:776
[  179151ms] [LOG] [Fast Refresh] done in 79ms @ http://localhost:3111/_next/static/chunks/node_modules_next_dist_1e8vcs8._.js:776
[  179201ms] [LOG] [Fast Refresh] done in 79ms @ http://localhost:3111/_next/static/chunks/node_modules_next_dist_1e8vcs8._.js:776
[  179251ms] [LOG] [Fast Refresh] done in 79ms @ http://localhost:3111/_next/static/chunks/node_modules_next_dist_1e8vcs8._.js:776
[  179302ms] [LOG] [Fast Refresh] done in 79ms @ http://localhost:3111/_next/static/chunks/node_modules_next_dist_1e8vcs8._.js:776
[  179351ms] [LOG] [Fast Refresh] done in 79ms @ http://localhost:3111/_next/static/chunks/node_modules_next_dist_1e8vcs8._.js:776
[  179401ms] [LOG] [Fast Refresh] done in 79ms @ http://localhost:3111/_next/static/chunks/node_modules_next_dist_1e8vcs8._.js:776
[  179451ms] [LOG] [Fast Refresh] done in 79ms @ http://localhost:3111/_next/static/chunks/node_modules_next_dist_1e8vcs8._.js:776
[  179514ms] [LOG] [Fast Refresh] done in 79ms @ http://localhost:3111/_next/static/chunks/node_modules_next_dist_1e8vcs8._.js:776
[  179553ms] [LOG] [Fast Refresh] done in 79ms @ http://localhost:3111/_next/static/chunks/node_modules_next_dist_1e8vcs8._.js:776
[  179602ms] [LOG] [Fast Refresh] done in 79ms @ http://localhost:3111/_next/static/chunks/node_modules_next_dist_1e8vcs8._.js:776
[  179652ms] [LOG] [Fast Refresh] done in 79ms @ http://localhost:3111/_next/static/chunks/node_modules_next_dist_1e8vcs8._.js:776
[  179701ms] [LOG] [Fast Refresh] done in 79ms @ http://localhost:3111/_next/static/chunks/node_modules_next_dist_1e8vcs8._.js:776
[  179751ms] [LOG] [Fast Refresh] done in 79ms @ http://localhost:3111/_next/static/chunks/node_modules_next_dist_1e8vcs8._.js:776
[  179801ms] [LOG] [Fast Refresh] done in 79ms @ http://localhost:3111/_next/static/chunks/node_modules_next_dist_1e8vcs8._.js:776
[  179851ms] [LOG] [Fast Refresh] done in 79ms @ http://localhost:3111/_next/static/chunks/node_modules_next_dist_1e8vcs8._.js:776
[  179901ms] [LOG] [Fast Refresh] done in 79ms @ http://localhost:3111/_next/static/chunks/node_modules_next_dist_1e8vcs8._.js:776
[  179951ms] [LOG] [Fast Refresh] done in 79ms @ http://localhost:3111/_next/static/chunks/node_modules_next_dist_1e8vcs8._.js:776
[  180001ms] [LOG] [Fast Refresh] done in 79ms @ http://localhost:3111/_next/static/chunks/node_modules_next_dist_1e8vcs8._.js:776
[  180052ms] [LOG] [Fast Refresh] done in 79ms @ http://localhost:3111/_next/static/chunks/node_modules_next_dist_1e8vcs8._.js:776
[  180101ms] [LOG] [Fast Refresh] done in 79ms @ http://localhost:3111/_next/static/chunks/node_modules_next_dist_1e8vcs8._.js:776
[  180151ms] [LOG] [Fast Refresh] done in 79ms @ http://localhost:3111/_next/static/chunks/node_modules_next_dist_1e8vcs8._.js:776
[  180201ms] [LOG] [Fast Refresh] done in 79ms @ http://localhost:3111/_next/static/chunks/node_modules_next_dist_1e8vcs8._.js:776
[  180252ms] [LOG] [Fast Refresh] done in 79ms @ http://localhost:3111/_next/static/chunks/node_modules_next_dist_1e8vcs8._.js:776
[  180301ms] [LOG] [Fast Refresh] done in 79ms @ http://localhost:3111/_next/static/chunks/node_modules_next_dist_1e8vcs8._.js:776
[  180351ms] [LOG] [Fast Refresh] done in 79ms @ http://localhost:3111/_next/static/chunks/node_modules_next_dist_1e8vcs8._.js:776
[  180401ms] [LOG] [Fast Refresh] done in 79ms @ http://localhost:3111/_next/static/chunks/node_modules_next_dist_1e8vcs8._.js:776
[  180451ms] [LOG] [Fast Refresh] done in 79ms @ http://localhost:3111/_next/static/chunks/node_modules_next_dist_1e8vcs8._.js:776
[  180498ms] [LOG] [Fast Refresh] done in 79ms @ http://localhost:3111/_next/static/chunks/node_modules_next_dist_1e8vcs8._.js:776
[  180551ms] [LOG] [Fast Refresh] done in 79ms @ http://localhost:3111/_next/static/chunks/node_modules_next_dist_1e8vcs8._.js:776
[  180617ms] [LOG] [Fast Refresh] done in 79ms @ http://localhost:3111/_next/static/chunks/node_modules_next_dist_1e8vcs8._.js:776
[  180667ms] [LOG] [Fast Refresh] done in 79ms @ http://localhost:3111/_next/static/chunks/node_modules_next_dist_1e8vcs8._.js:776
[  180715ms] [LOG] [Fast Refresh] done in 79ms @ http://localhost:3111/_next/static/chunks/node_modules_next_dist_1e8vcs8._.js:776
[  180767ms] [LOG] [Fast Refresh] done in 79ms @ http://localhost:3111/_next/static/chunks/node_modules_next_dist_1e8vcs8._.js:776
[  180815ms] [LOG] [Fast Refresh] done in 79ms @ http://localhost:3111/_next/static/chunks/node_modules_next_dist_1e8vcs8._.js:776
[  180865ms] [LOG] [Fast Refresh] done in 79ms @ http://localhost:3111/_next/static/chunks/node_modules_next_dist_1e8vcs8._.js:776
[  180918ms] [LOG] [Fast Refresh] done in 79ms @ http://localhost:3111/_next/static/chunks/node_modules_next_dist_1e8vcs8._.js:776
[  180968ms] [LOG] [Fast Refresh] done in 79ms @ http://localhost:3111/_next/static/chunks/node_modules_next_dist_1e8vcs8._.js:776
[  181017ms] [LOG] [Fast Refresh] done in 79ms @ http://localhost:3111/_next/static/chunks/node_modules_next_dist_1e8vcs8._.js:776
[  181076ms] [LOG] [Fast Refresh] done in 79ms @ http://localhost:3111/_next/static/chunks/node_modules_next_dist_1e8vcs8._.js:776
[  181118ms] [LOG] [Fast Refresh] done in 79ms @ http://localhost:3111/_next/static/chunks/node_modules_next_dist_1e8vcs8._.js:776
[  181167ms] [LOG] [Fast Refresh] done in 79ms @ http://localhost:3111/_next/static/chunks/node_modules_next_dist_1e8vcs8._.js:776
[  181218ms] [LOG] [Fast Refresh] done in 79ms @ http://localhost:3111/_next/static/chunks/node_modules_next_dist_1e8vcs8._.js:776
[  181268ms] [LOG] [Fast Refresh] done in 79ms @ http://localhost:3111/_next/static/chunks/node_modules_next_dist_1e8vcs8._.js:776
[  181317ms] [LOG] [Fast Refresh] done in 79ms @ http://localhost:3111/_next/static/chunks/node_modules_next_dist_1e8vcs8._.js:776
[  181367ms] [LOG] [Fast Refresh] done in 79ms @ http://localhost:3111/_next/static/chunks/node_modules_next_dist_1e8vcs8._.js:776
[  181416ms] [LOG] [Fast Refresh] done in 79ms @ http://localhost:3111/_next/static/chunks/node_modules_next_dist_1e8vcs8._.js:776
[  181481ms] [LOG] [Fast Refresh] done in 79ms @ http://localhost:3111/_next/static/chunks/node_modules_next_dist_1e8vcs8._.js:776
[  181530ms] [LOG] [Fast Refresh] done in 79ms @ http://localhost:3111/_next/static/chunks/node_modules_next_dist_1e8vcs8._.js:776
[  181568ms] [LOG] [Fast Refresh] done in 79ms @ http://localhost:3111/_next/static/chunks/node_modules_next_dist_1e8vcs8._.js:776
[  181617ms] [LOG] [Fast Refresh] done in 79ms @ http://localhost:3111/_next/static/chunks/node_modules_next_dist_1e8vcs8._.js:776
[  181668ms] [LOG] [Fast Refresh] done in 79ms @ http://localhost:3111/_next/static/chunks/node_modules_next_dist_1e8vcs8._.js:776
[  181717ms] [LOG] [Fast Refresh] done in 79ms @ http://localhost:3111/_next/static/chunks/node_modules_next_dist_1e8vcs8._.js:776
[  181767ms] [LOG] [Fast Refresh] done in 79ms @ http://localhost:3111/_next/static/chunks/node_modules_next_dist_1e8vcs8._.js:776
[  181817ms] [LOG] [Fast Refresh] done in 79ms @ http://localhost:3111/_next/static/chunks/node_modules_next_dist_1e8vcs8._.js:776
[  181867ms] [LOG] [Fast Refresh] done in 79ms @ http://localhost:3111/_next/static/chunks/node_modules_next_dist_1e8vcs8._.js:776
[  181917ms] [LOG] [Fast Refresh] done in 79ms @ http://localhost:3111/_next/static/chunks/node_modules_next_dist_1e8vcs8._.js:776
[  181968ms] [LOG] [Fast Refresh] done in 79ms @ http://localhost:3111/_next/static/chunks/node_modules_next_dist_1e8vcs8._.js:776
[  182018ms] [LOG] [Fast Refresh] done in 79ms @ http://localhost:3111/_next/static/chunks/node_modules_next_dist_1e8vcs8._.js:776
[  182067ms] [LOG] [Fast Refresh] done in 79ms @ http://localhost:3111/_next/static/chunks/node_modules_next_dist_1e8vcs8._.js:776
[  182117ms] [LOG] [Fast Refresh] done in 79ms @ http://localhost:3111/_next/static/chunks/node_modules_next_dist_1e8vcs8._.js:776
[  182165ms] [LOG] [Fast Refresh] done in 79ms @ http://localhost:3111/_next/static/chunks/node_modules_next_dist_1e8vcs8._.js:776
[  182216ms] [LOG] [Fast Refresh] done in 79ms @ http://localhost:3111/_next/static/chunks/node_modules_next_dist_1e8vcs8._.js:776
[  182266ms] [LOG] [Fast Refresh] done in 79ms @ http://localhost:3111/_next/static/chunks/node_modules_next_dist_1e8vcs8._.js:776
[  182321ms] [LOG] [Fast Refresh] done in 79ms @ http://localhost:3111/_next/static/chunks/node_modules_next_dist_1e8vcs8._.js:776
[  182375ms] [LOG] [Fast Refresh] done in 79ms @ http://localhost:3111/_next/static/chunks/node_modules_next_dist_1e8vcs8._.js:776
[  182437ms] [LOG] [Fast Refresh] done in 79ms @ http://localhost:3111/_next/static/chunks/node_modules_next_dist_1e8vcs8._.js:776
[  182500ms] [LOG] [Fast Refresh] done in 79ms @ http://localhost:3111/_next/static/chunks/node_modules_next_dist_1e8vcs8._.js:776
[  182560ms] [LOG] [Fast Refresh] done in 79ms @ http://localhost:3111/_next/static/chunks/node_modules_next_dist_1e8vcs8._.js:776
[  182606ms] [LOG] [Fast Refresh] done in 79ms @ http://localhost:3111/_next/static/chunks/node_modules_next_dist_1e8vcs8._.js:776
[  182648ms] [LOG] [Fast Refresh] done in 79ms @ http://localhost:3111/_next/static/chunks/node_modules_next_dist_1e8vcs8._.js:776
[  182691ms] [LOG] [Fast Refresh] done in 79ms @ http://localhost:3111/_next/static/chunks/node_modules_next_dist_1e8vcs8._.js:776
[  182740ms] [LOG] [Fast Refresh] done in 79ms @ http://localhost:3111/_next/static/chunks/node_modules_next_dist_1e8vcs8._.js:776
[  182791ms] [LOG] [Fast Refresh] done in 79ms @ http://localhost:3111/_next/static/chunks/node_modules_next_dist_1e8vcs8._.js:776
[  182839ms] [LOG] [Fast Refresh] done in 79ms @ http://localhost:3111/_next/static/chunks/node_modules_next_dist_1e8vcs8._.js:776
[  182898ms] [LOG] [Fast Refresh] done in 79ms @ http://localhost:3111/_next/static/chunks/node_modules_next_dist_1e8vcs8._.js:776
[  182950ms] [LOG] [Fast Refresh] done in 79ms @ http://localhost:3111/_next/static/chunks/node_modules_next_dist_1e8vcs8._.js:776
[  182998ms] [LOG] [Fast Refresh] done in 79ms @ http://localhost:3111/_next/static/chunks/node_modules_next_dist_1e8vcs8._.js:776
[  183050ms] [LOG] [Fast Refresh] done in 79ms @ http://localhost:3111/_next/static/chunks/node_modules_next_dist_1e8vcs8._.js:776
[  183100ms] [LOG] [Fast Refresh] done in 79ms @ http://localhost:3111/_next/static/chunks/node_modules_next_dist_1e8vcs8._.js:776
[  183150ms] [LOG] [Fast Refresh] done in 79ms @ http://localhost:3111/_next/static/chunks/node_modules_next_dist_1e8vcs8._.js:776
[  183199ms] [LOG] [Fast Refresh] done in 79ms @ http://localhost:3111/_next/static/chunks/node_modules_next_dist_1e8vcs8._.js:776
[  183241ms] [LOG] [Fast Refresh] done in 79ms @ http://localhost:3111/_next/static/chunks/node_modules_next_dist_1e8vcs8._.js:776
[  183291ms] [LOG] [Fast Refresh] done in 79ms @ http://localhost:3111/_next/static/chunks/node_modules_next_dist_1e8vcs8._.js:776
[  183343ms] [LOG] [Fast Refresh] done in 79ms @ http://localhost:3111/_next/static/chunks/node_modules_next_dist_1e8vcs8._.js:776
[  183400ms] [LOG] [Fast Refresh] done in 79ms @ http://localhost:3111/_next/static/chunks/node_modules_next_dist_1e8vcs8._.js:776
[  183449ms] [LOG] [Fast Refresh] done in 79ms @ http://localhost:3111/_next/static/chunks/node_modules_next_dist_1e8vcs8._.js:776
[  183500ms] [LOG] [Fast Refresh] done in 79ms @ http://localhost:3111/_next/static/chunks/node_modules_next_dist_1e8vcs8._.js:776
[  183550ms] [LOG] [Fast Refresh] done in 79ms @ http://localhost:3111/_next/static/chunks/node_modules_next_dist_1e8vcs8._.js:776
[  183599ms] [LOG] [Fast Refresh] done in 79ms @ http://localhost:3111/_next/static/chunks/node_modules_next_dist_1e8vcs8._.js:776
[  183657ms] [LOG] [Fast Refresh] done in 79ms @ http://localhost:3111/_next/static/chunks/node_modules_next_dist_1e8vcs8._.js:776
[  183700ms] [LOG] [Fast Refresh] done in 79ms @ http://localhost:3111/_next/static/chunks/node_modules_next_dist_1e8vcs8._.js:776
[  183752ms] [LOG] [Fast Refresh] done in 79ms @ http://localhost:3111/_next/static/chunks/node_modules_next_dist_1e8vcs8._.js:776
[  183817ms] [LOG] [Fast Refresh] done in 79ms @ http://localhost:3111/_next/static/chunks/node_modules_next_dist_1e8vcs8._.js:776
[  183883ms] [LOG] [Fast Refresh] done in 79ms @ http://localhost:3111/_next/static/chunks/node_modules_next_dist_1e8vcs8._.js:776
[  183947ms] [LOG] [Fast Refresh] done in 79ms @ http://localhost:3111/_next/static/chunks/node_modules_next_dist_1e8vcs8._.js:776
[  184012ms] [LOG] [Fast Refresh] done in 79ms @ http://localhost:3111/_next/static/chunks/node_modules_next_dist_1e8vcs8._.js:776
[  184053ms] [LOG] [Fast Refresh] done in 79ms @ http://localhost:3111/_next/static/chunks/node_modules_next_dist_1e8vcs8._.js:776
[  184100ms] [LOG] [Fast Refresh] done in 79ms @ http://localhost:3111/_next/static/chunks/node_modules_next_dist_1e8vcs8._.js:776
[  184150ms] [LOG] [Fast Refresh] done in 79ms @ http://localhost:3111/_next/static/chunks/node_modules_next_dist_1e8vcs8._.js:776
[  184201ms] [LOG] [Fast Refresh] done in 79ms @ http://localhost:3111/_next/static/chunks/node_modules_next_dist_1e8vcs8._.js:776
[  184251ms] [LOG] [Fast Refresh] done in 79ms @ http://localhost:3111/_next/static/chunks/node_modules_next_dist_1e8vcs8._.js:776
[  184300ms] [LOG] [Fast Refresh] done in 79ms @ http://localhost:3111/_next/static/chunks/node_modules_next_dist_1e8vcs8._.js:776
[  184350ms] [LOG] [Fast Refresh] done in 79ms @ http://localhost:3111/_next/static/chunks/node_modules_next_dist_1e8vcs8._.js:776
[  184403ms] [LOG] [Fast Refresh] done in 79ms @ http://localhost:3111/_next/static/chunks/node_modules_next_dist_1e8vcs8._.js:776
[  184451ms] [LOG] [Fast Refresh] done in 79ms @ http://localhost:3111/_next/static/chunks/node_modules_next_dist_1e8vcs8._.js:776
[  184500ms] [LOG] [Fast Refresh] done in 79ms @ http://localhost:3111/_next/static/chunks/node_modules_next_dist_1e8vcs8._.js:776
[  184549ms] [LOG] [Fast Refresh] done in 79ms @ http://localhost:3111/_next/static/chunks/node_modules_next_dist_1e8vcs8._.js:776
[  184598ms] [LOG] [Fast Refresh] done in 79ms @ http://localhost:3111/_next/static/chunks/node_modules_next_dist_1e8vcs8._.js:776
[  184650ms] [LOG] [Fast Refresh] done in 79ms @ http://localhost:3111/_next/static/chunks/node_modules_next_dist_1e8vcs8._.js:776
[  184700ms] [LOG] [Fast Refresh] done in 79ms @ http://localhost:3111/_next/static/chunks/node_modules_next_dist_1e8vcs8._.js:776
[  184750ms] [LOG] [Fast Refresh] done in 79ms @ http://localhost:3111/_next/static/chunks/node_modules_next_dist_1e8vcs8._.js:776
[  184802ms] [LOG] [Fast Refresh] done in 79ms @ http://localhost:3111/_next/static/chunks/node_modules_next_dist_1e8vcs8._.js:776
[  184863ms] [LOG] [Fast Refresh] done in 79ms @ http://localhost:3111/_next/static/chunks/node_modules_next_dist_1e8vcs8._.js:776
[  184901ms] [LOG] [Fast Refresh] done in 79ms @ http://localhost:3111/_next/static/chunks/node_modules_next_dist_1e8vcs8._.js:776
[  184951ms] [LOG] [Fast Refresh] done in 79ms @ http://localhost:3111/_next/static/chunks/node_modules_next_dist_1e8vcs8._.js:776
[  184997ms] [LOG] [Fast Refresh] done in 79ms @ http://localhost:3111/_next/static/chunks/node_modules_next_dist_1e8vcs8._.js:776
[  185050ms] [LOG] [Fast Refresh] done in 79ms @ http://localhost:3111/_next/static/chunks/node_modules_next_dist_1e8vcs8._.js:776
[  185100ms] [LOG] [Fast Refresh] done in 79ms @ http://localhost:3111/_next/static/chunks/node_modules_next_dist_1e8vcs8._.js:776
[  185163ms] [LOG] [Fast Refresh] done in 79ms @ http://localhost:3111/_next/static/chunks/node_modules_next_dist_1e8vcs8._.js:776
[  185210ms] [LOG] [Fast Refresh] done in 79ms @ http://localhost:3111/_next/static/chunks/node_modules_next_dist_1e8vcs8._.js:776
[  185278ms] [LOG] [Fast Refresh] done in 79ms @ http://localhost:3111/_next/static/chunks/node_modules_next_dist_1e8vcs8._.js:776
[  185340ms] [LOG] [Fast Refresh] done in 79ms @ http://localhost:3111/_next/static/chunks/node_modules_next_dist_1e8vcs8._.js:776
[  185389ms] [LOG] [Fast Refresh] done in 79ms @ http://localhost:3111/_next/static/chunks/node_modules_next_dist_1e8vcs8._.js:776
[  185427ms] [LOG] [Fast Refresh] done in 79ms @ http://localhost:3111/_next/static/chunks/node_modules_next_dist_1e8vcs8._.js:776
[  185479ms] [LOG] [Fast Refresh] done in 79ms @ http://localhost:3111/_next/static/chunks/node_modules_next_dist_1e8vcs8._.js:776
[  185533ms] [LOG] [Fast Refresh] done in 79ms @ http://localhost:3111/_next/static/chunks/node_modules_next_dist_1e8vcs8._.js:776
[  185598ms] [LOG] [Fast Refresh] done in 79ms @ http://localhost:3111/_next/static/chunks/node_modules_next_dist_1e8vcs8._.js:776
[  185649ms] [LOG] [Fast Refresh] done in 79ms @ http://localhost:3111/_next/static/chunks/node_modules_next_dist_1e8vcs8._.js:776
[  185700ms] [LOG] [Fast Refresh] done in 79ms @ http://localhost:3111/_next/static/chunks/node_modules_next_dist_1e8vcs8._.js:776
[  185752ms] [LOG] [Fast Refresh] done in 79ms @ http://localhost:3111/_next/static/chunks/node_modules_next_dist_1e8vcs8._.js:776
[  185805ms] [LOG] [Fast Refresh] done in 79ms @ http://localhost:3111/_next/static/chunks/node_modules_next_dist_1e8vcs8._.js:776
[  185866ms] [LOG] [Fast Refresh] done in 79ms @ http://localhost:3111/_next/static/chunks/node_modules_next_dist_1e8vcs8._.js:776
[  185920ms] [LOG] [Fast Refresh] done in 79ms @ http://localhost:3111/_next/static/chunks/node_modules_next_dist_1e8vcs8._.js:776
[  185967ms] [LOG] [Fast Refresh] done in 79ms @ http://localhost:3111/_next/static/chunks/node_modules_next_dist_1e8vcs8._.js:776
[  186017ms] [LOG] [Fast Refresh] done in 79ms @ http://localhost:3111/_next/static/chunks/node_modules_next_dist_1e8vcs8._.js:776
[  186064ms] [LOG] [Fast Refresh] done in 79ms @ http://localhost:3111/_next/static/chunks/node_modules_next_dist_1e8vcs8._.js:776
[  186129ms] [LOG] [Fast Refresh] done in 79ms @ http://localhost:3111/_next/static/chunks/node_modules_next_dist_1e8vcs8._.js:776
[  186181ms] [LOG] [Fast Refresh] done in 79ms @ http://localhost:3111/_next/static/chunks/node_modules_next_dist_1e8vcs8._.js:776
[  186232ms] [LOG] [Fast Refresh] done in 79ms @ http://localhost:3111/_next/static/chunks/node_modules_next_dist_1e8vcs8._.js:776
[  186300ms] [LOG] [Fast Refresh] done in 79ms @ http://localhost:3111/_next/static/chunks/node_modules_next_dist_1e8vcs8._.js:776
[  186350ms] [LOG] [Fast Refresh] done in 79ms @ http://localhost:3111/_next/static/chunks/node_modules_next_dist_1e8vcs8._.js:776
[  186416ms] [LOG] [Fast Refresh] done in 79ms @ http://localhost:3111/_next/static/chunks/node_modules_next_dist_1e8vcs8._.js:776
[  186465ms] [LOG] [Fast Refresh] done in 79ms @ http://localhost:3111/_next/static/chunks/node_modules_next_dist_1e8vcs8._.js:776
[  186514ms] [LOG] [Fast Refresh] done in 79ms @ http://localhost:3111/_next/static/chunks/node_modules_next_dist_1e8vcs8._.js:776
[  186564ms] [LOG] [Fast Refresh] done in 79ms @ http://localhost:3111/_next/static/chunks/node_modules_next_dist_1e8vcs8._.js:776
[  186617ms] [LOG] [Fast Refresh] done in 79ms @ http://localhost:3111/_next/static/chunks/node_modules_next_dist_1e8vcs8._.js:776
[  186666ms] [LOG] [Fast Refresh] done in 79ms @ http://localhost:3111/_next/static/chunks/node_modules_next_dist_1e8vcs8._.js:776
[  186715ms] [LOG] [Fast Refresh] done in 79ms @ http://localhost:3111/_next/static/chunks/node_modules_next_dist_1e8vcs8._.js:776
[  186771ms] [LOG] [Fast Refresh] done in 79ms @ http://localhost:3111/_next/static/chunks/node_modules_next_dist_1e8vcs8._.js:776
[  186829ms] [LOG] [Fast Refresh] done in 79ms @ http://localhost:3111/_next/static/chunks/node_modules_next_dist_1e8vcs8._.js:776
[  186886ms] [LOG] [Fast Refresh] done in 79ms @ http://localhost:3111/_next/static/chunks/node_modules_next_dist_1e8vcs8._.js:776
[  186949ms] [LOG] [Fast Refresh] done in 79ms @ http://localhost:3111/_next/static/chunks/node_modules_next_dist_1e8vcs8._.js:776
[  187013ms] [LOG] [Fast Refresh] done in 79ms @ http://localhost:3111/_next/static/chunks/node_modules_next_dist_1e8vcs8._.js:776
[  187066ms] [LOG] [Fast Refresh] done in 79ms @ http://localhost:3111/_next/static/chunks/node_modules_next_dist_1e8vcs8._.js:776
[  187116ms] [LOG] [Fast Refresh] done in 79ms @ http://localhost:3111/_next/static/chunks/node_modules_next_dist_1e8vcs8._.js:776
[  187163ms] [LOG] [Fast Refresh] done in 79ms @ http://localhost:3111/_next/static/chunks/node_modules_next_dist_1e8vcs8._.js:776
[  187202ms] [LOG] [Fast Refresh] done in 79ms @ http://localhost:3111/_next/static/chunks/node_modules_next_dist_1e8vcs8._.js:776
[  187250ms] [LOG] [Fast Refresh] done in 79ms @ http://localhost:3111/_next/static/chunks/node_modules_next_dist_1e8vcs8._.js:776
[  187300ms] [LOG] [Fast Refresh] done in 79ms @ http://localhost:3111/_next/static/chunks/node_modules_next_dist_1e8vcs8._.js:776
[  187349ms] [LOG] [Fast Refresh] done in 79ms @ http://localhost:3111/_next/static/chunks/node_modules_next_dist_1e8vcs8._.js:776
[  187400ms] [LOG] [Fast Refresh] done in 79ms @ http://localhost:3111/_next/static/chunks/node_modules_next_dist_1e8vcs8._.js:776
[  187450ms] [LOG] [Fast Refresh] done in 79ms @ http://localhost:3111/_next/static/chunks/node_modules_next_dist_1e8vcs8._.js:776
[  187500ms] [LOG] [Fast Refresh] done in 79ms @ http://localhost:3111/_next/static/chunks/node_modules_next_dist_1e8vcs8._.js:776
[  187550ms] [LOG] [Fast Refresh] done in 79ms @ http://localhost:3111/_next/static/chunks/node_modules_next_dist_1e8vcs8._.js:776
[  187601ms] [LOG] [Fast Refresh] done in 79ms @ http://localhost:3111/_next/static/chunks/node_modules_next_dist_1e8vcs8._.js:776
[  187649ms] [LOG] [Fast Refresh] done in 79ms @ http://localhost:3111/_next/static/chunks/node_modules_next_dist_1e8vcs8._.js:776
[  187700ms] [LOG] [Fast Refresh] done in 79ms @ http://localhost:3111/_next/static/chunks/node_modules_next_dist_1e8vcs8._.js:776
[  187748ms] [LOG] [Fast Refresh] done in 79ms @ http://localhost:3111/_next/static/chunks/node_modules_next_dist_1e8vcs8._.js:776
[  187799ms] [LOG] [Fast Refresh] done in 79ms @ http://localhost:3111/_next/static/chunks/node_modules_next_dist_1e8vcs8._.js:776
[  187849ms] [LOG] [Fast Refresh] done in 79ms @ http://localhost:3111/_next/static/chunks/node_modules_next_dist_1e8vcs8._.js:776
[  187900ms] [LOG] [Fast Refresh] done in 79ms @ http://localhost:3111/_next/static/chunks/node_modules_next_dist_1e8vcs8._.js:776
[  187950ms] [LOG] [Fast Refresh] done in 79ms @ http://localhost:3111/_next/static/chunks/node_modules_next_dist_1e8vcs8._.js:776
[  187998ms] [LOG] [Fast Refresh] done in 79ms @ http://localhost:3111/_next/static/chunks/node_modules_next_dist_1e8vcs8._.js:776
[  188050ms] [LOG] [Fast Refresh] done in 79ms @ http://localhost:3111/_next/static/chunks/node_modules_next_dist_1e8vcs8._.js:776
[  188100ms] [LOG] [Fast Refresh] done in 79ms @ http://localhost:3111/_next/static/chunks/node_modules_next_dist_1e8vcs8._.js:776
[  188150ms] [LOG] [Fast Refresh] done in 79ms @ http://localhost:3111/_next/static/chunks/node_modules_next_dist_1e8vcs8._.js:776
[  188213ms] [LOG] [Fast Refresh] done in 79ms @ http://localhost:3111/_next/static/chunks/node_modules_next_dist_1e8vcs8._.js:776
[  188260ms] [LOG] [Fast Refresh] done in 79ms @ http://localhost:3111/_next/static/chunks/node_modules_next_dist_1e8vcs8._.js:776
[  188315ms] [LOG] [Fast Refresh] done in 79ms @ http://localhost:3111/_next/static/chunks/node_modules_next_dist_1e8vcs8._.js:776
[  188379ms] [LOG] [Fast Refresh] done in 79ms @ http://localhost:3111/_next/static/chunks/node_modules_next_dist_1e8vcs8._.js:776
[  188431ms] [LOG] [Fast Refresh] done in 79ms @ http://localhost:3111/_next/static/chunks/node_modules_next_dist_1e8vcs8._.js:776
[  188482ms] [LOG] [Fast Refresh] done in 79ms @ http://localhost:3111/_next/static/chunks/node_modules_next_dist_1e8vcs8._.js:776
[  188533ms] [LOG] [Fast Refresh] done in 79ms @ http://localhost:3111/_next/static/chunks/node_modules_next_dist_1e8vcs8._.js:776
[  188582ms] [LOG] [Fast Refresh] done in 79ms @ http://localhost:3111/_next/static/chunks/node_modules_next_dist_1e8vcs8._.js:776
[  188633ms] [LOG] [Fast Refresh] done in 79ms @ http://localhost:3111/_next/static/chunks/node_modules_next_dist_1e8vcs8._.js:776
[  188699ms] [LOG] [Fast Refresh] done in 79ms @ http://localhost:3111/_next/static/chunks/node_modules_next_dist_1e8vcs8._.js:776
[  188750ms] [LOG] [Fast Refresh] done in 79ms @ http://localhost:3111/_next/static/chunks/node_modules_next_dist_1e8vcs8._.js:776
[  188813ms] [LOG] [Fast Refresh] done in 79ms @ http://localhost:3111/_next/static/chunks/node_modules_next_dist_1e8vcs8._.js:776
[  188849ms] [LOG] [Fast Refresh] done in 79ms @ http://localhost:3111/_next/static/chunks/node_modules_next_dist_1e8vcs8._.js:776
[  188899ms] [LOG] [Fast Refresh] done in 79ms @ http://localhost:3111/_next/static/chunks/node_modules_next_dist_1e8vcs8._.js:776
[  188966ms] [LOG] [Fast Refresh] done in 79ms @ http://localhost:3111/_next/static/chunks/node_modules_next_dist_1e8vcs8._.js:776
[  189029ms] [LOG] [Fast Refresh] done in 79ms @ http://localhost:3111/_next/static/chunks/node_modules_next_dist_1e8vcs8._.js:776
[  189090ms] [LOG] [Fast Refresh] done in 79ms @ http://localhost:3111/_next/static/chunks/node_modules_next_dist_1e8vcs8._.js:776
[  189134ms] [LOG] [Fast Refresh] done in 79ms @ http://localhost:3111/_next/static/chunks/node_modules_next_dist_1e8vcs8._.js:776
[  189183ms] [LOG] [Fast Refresh] done in 79ms @ http://localhost:3111/_next/static/chunks/node_modules_next_dist_1e8vcs8._.js:776
[  189229ms] [LOG] [Fast Refresh] done in 79ms @ http://localhost:3111/_next/static/chunks/node_modules_next_dist_1e8vcs8._.js:776
[  189283ms] [LOG] [Fast Refresh] done in 79ms @ http://localhost:3111/_next/static/chunks/node_modules_next_dist_1e8vcs8._.js:776
[  189329ms] [LOG] [Fast Refresh] done in 79ms @ http://localhost:3111/_next/static/chunks/node_modules_next_dist_1e8vcs8._.js:776
[  189383ms] [LOG] [Fast Refresh] done in 79ms @ http://localhost:3111/_next/static/chunks/node_modules_next_dist_1e8vcs8._.js:776
[  189443ms] [LOG] [Fast Refresh] done in 79ms @ http://localhost:3111/_next/static/chunks/node_modules_next_dist_1e8vcs8._.js:776
[  189506ms] [LOG] [Fast Refresh] done in 79ms @ http://localhost:3111/_next/static/chunks/node_modules_next_dist_1e8vcs8._.js:776
[  189547ms] [LOG] [Fast Refresh] done in 79ms @ http://localhost:3111/_next/static/chunks/node_modules_next_dist_1e8vcs8._.js:776
[  189599ms] [LOG] [Fast Refresh] done in 79ms @ http://localhost:3111/_next/static/chunks/node_modules_next_dist_1e8vcs8._.js:776
[  189652ms] [LOG] [Fast Refresh] done in 79ms @ http://localhost:3111/_next/static/chunks/node_modules_next_dist_1e8vcs8._.js:776
[  189704ms] [LOG] [Fast Refresh] done in 79ms @ http://localhost:3111/_next/static/chunks/node_modules_next_dist_1e8vcs8._.js:776
[  189744ms] [LOG] [Fast Refresh] done in 79ms @ http://localhost:3111/_next/static/chunks/node_modules_next_dist_1e8vcs8._.js:776
[  189802ms] [LOG] [Fast Refresh] done in 79ms @ http://localhost:3111/_next/static/chunks/node_modules_next_dist_1e8vcs8._.js:776
[  189849ms] [LOG] [Fast Refresh] done in 79ms @ http://localhost:3111/_next/static/chunks/node_modules_next_dist_1e8vcs8._.js:776
[  189899ms] [LOG] [Fast Refresh] done in 79ms @ http://localhost:3111/_next/static/chunks/node_modules_next_dist_1e8vcs8._.js:776
[  189966ms] [LOG] [Fast Refresh] done in 79ms @ http://localhost:3111/_next/static/chunks/node_modules_next_dist_1e8vcs8._.js:776
[  190029ms] [LOG] [Fast Refresh] done in 79ms @ http://localhost:3111/_next/static/chunks/node_modules_next_dist_1e8vcs8._.js:776
[  190083ms] [LOG] [Fast Refresh] done in 79ms @ http://localhost:3111/_next/static/chunks/node_modules_next_dist_1e8vcs8._.js:776
[  190133ms] [LOG] [Fast Refresh] done in 79ms @ http://localhost:3111/_next/static/chunks/node_modules_next_dist_1e8vcs8._.js:776
[  190196ms] [LOG] [Fast Refresh] done in 79ms @ http://localhost:3111/_next/static/chunks/node_modules_next_dist_1e8vcs8._.js:776
[  190263ms] [LOG] [Fast Refresh] done in 79ms @ http://localhost:3111/_next/static/chunks/node_modules_next_dist_1e8vcs8._.js:776
[  190316ms] [LOG] [Fast Refresh] done in 79ms @ http://localhost:3111/_next/static/chunks/node_modules_next_dist_1e8vcs8._.js:776
[  190375ms] [LOG] [Fast Refresh] done in 79ms @ http://localhost:3111/_next/static/chunks/node_modules_next_dist_1e8vcs8._.js:776
[  190468ms] [LOG] [Fast Refresh] done in 79ms @ http://localhost:3111/_next/static/chunks/node_modules_next_dist_1e8vcs8._.js:776
[  190520ms] [LOG] [Fast Refresh] done in 79ms @ http://localhost:3111/_next/static/chunks/node_modules_next_dist_1e8vcs8._.js:776
[  190568ms] [LOG] [Fast Refresh] done in 79ms @ http://localhost:3111/_next/static/chunks/node_modules_next_dist_1e8vcs8._.js:776
[  190616ms] [LOG] [Fast Refresh] done in 79ms @ http://localhost:3111/_next/static/chunks/node_modules_next_dist_1e8vcs8._.js:776
[  190666ms] [LOG] [Fast Refresh] done in 79ms @ http://localhost:3111/_next/static/chunks/node_modules_next_dist_1e8vcs8._.js:776
[  190716ms] [LOG] [Fast Refresh] done in 79ms @ http://localhost:3111/_next/static/chunks/node_modules_next_dist_1e8vcs8._.js:776
[  190767ms] [LOG] [Fast Refresh] done in 79ms @ http://localhost:3111/_next/static/chunks/node_modules_next_dist_1e8vcs8._.js:776
[  190817ms] [LOG] [Fast Refresh] done in 79ms @ http://localhost:3111/_next/static/chunks/node_modules_next_dist_1e8vcs8._.js:776
[  190865ms] [LOG] [Fast Refresh] done in 79ms @ http://localhost:3111/_next/static/chunks/node_modules_next_dist_1e8vcs8._.js:776
[  190913ms] [LOG] [Fast Refresh] done in 79ms @ http://localhost:3111/_next/static/chunks/node_modules_next_dist_1e8vcs8._.js:776
[  190975ms] [LOG] [Fast Refresh] done in 79ms @ http://localhost:3111/_next/static/chunks/node_modules_next_dist_1e8vcs8._.js:776
[  191035ms] [LOG] [Fast Refresh] done in 79ms @ http://localhost:3111/_next/static/chunks/node_modules_next_dist_1e8vcs8._.js:776
[  191085ms] [LOG] [Fast Refresh] done in 79ms @ http://localhost:3111/_next/static/chunks/node_modules_next_dist_1e8vcs8._.js:776
[  191133ms] [LOG] [Fast Refresh] done in 79ms @ http://localhost:3111/_next/static/chunks/node_modules_next_dist_1e8vcs8._.js:776
[  191190ms] [LOG] [Fast Refresh] done in 79ms @ http://localhost:3111/_next/static/chunks/node_modules_next_dist_1e8vcs8._.js:776
[  191246ms] [LOG] [Fast Refresh] done in 79ms @ http://localhost:3111/_next/static/chunks/node_modules_next_dist_1e8vcs8._.js:776
[  191299ms] [LOG] [Fast Refresh] done in 79ms @ http://localhost:3111/_next/static/chunks/node_modules_next_dist_1e8vcs8._.js:776
[  191365ms] [LOG] [Fast Refresh] done in 79ms @ http://localhost:3111/_next/static/chunks/node_modules_next_dist_1e8vcs8._.js:776
[  191409ms] [LOG] [Fast Refresh] done in 79ms @ http://localhost:3111/_next/static/chunks/node_modules_next_dist_1e8vcs8._.js:776
[  191458ms] [LOG] [Fast Refresh] done in 79ms @ http://localhost:3111/_next/static/chunks/node_modules_next_dist_1e8vcs8._.js:776
[  191518ms] [LOG] [Fast Refresh] done in 79ms @ http://localhost:3111/_next/static/chunks/node_modules_next_dist_1e8vcs8._.js:776
[  191565ms] [LOG] [Fast Refresh] done in 79ms @ http://localhost:3111/_next/static/chunks/node_modules_next_dist_1e8vcs8._.js:776
[  191613ms] [LOG] [Fast Refresh] done in 79ms @ http://localhost:3111/_next/static/chunks/node_modules_next_dist_1e8vcs8._.js:776
[  191649ms] [LOG] [Fast Refresh] done in 79ms @ http://localhost:3111/_next/static/chunks/node_modules_next_dist_1e8vcs8._.js:776
[  191711ms] [LOG] [Fast Refresh] done in 79ms @ http://localhost:3111/_next/static/chunks/node_modules_next_dist_1e8vcs8._.js:776
[  191766ms] [LOG] [Fast Refresh] done in 79ms @ http://localhost:3111/_next/static/chunks/node_modules_next_dist_1e8vcs8._.js:776
[  191816ms] [LOG] [Fast Refresh] done in 79ms @ http://localhost:3111/_next/static/chunks/node_modules_next_dist_1e8vcs8._.js:776
[  191866ms] [LOG] [Fast Refresh] done in 79ms @ http://localhost:3111/_next/static/chunks/node_modules_next_dist_1e8vcs8._.js:776
[  191916ms] [LOG] [Fast Refresh] done in 79ms @ http://localhost:3111/_next/static/chunks/node_modules_next_dist_1e8vcs8._.js:776
[  191966ms] [LOG] [Fast Refresh] done in 79ms @ http://localhost:3111/_next/static/chunks/node_modules_next_dist_1e8vcs8._.js:776
[  192028ms] [LOG] [Fast Refresh] done in 79ms @ http://localhost:3111/_next/static/chunks/node_modules_next_dist_1e8vcs8._.js:776
[  192082ms] [LOG] [Fast Refresh] done in 79ms @ http://localhost:3111/_next/static/chunks/node_modules_next_dist_1e8vcs8._.js:776
[  192131ms] [LOG] [Fast Refresh] done in 79ms @ http://localhost:3111/_next/static/chunks/node_modules_next_dist_1e8vcs8._.js:776
[  192178ms] [LOG] [Fast Refresh] done in 79ms @ http://localhost:3111/_next/static/chunks/node_modules_next_dist_1e8vcs8._.js:776
[  192222ms] [LOG] [Fast Refresh] done in 79ms @ http://localhost:3111/_next/static/chunks/node_modules_next_dist_1e8vcs8._.js:776
[  192270ms] [LOG] [Fast Refresh] done in 79ms @ http://localhost:3111/_next/static/chunks/node_modules_next_dist_1e8vcs8._.js:776
[  192319ms] [LOG] [Fast Refresh] done in 79ms @ http://localhost:3111/_next/static/chunks/node_modules_next_dist_1e8vcs8._.js:776
[  192379ms] [LOG] [Fast Refresh] done in 79ms @ http://localhost:3111/_next/static/chunks/node_modules_next_dist_1e8vcs8._.js:776
[  192434ms] [LOG] [Fast Refresh] done in 79ms @ http://localhost:3111/_next/static/chunks/node_modules_next_dist_1e8vcs8._.js:776
[  192481ms] [LOG] [Fast Refresh] done in 79ms @ http://localhost:3111/_next/static/chunks/node_modules_next_dist_1e8vcs8._.js:776
[  192533ms] [LOG] [Fast Refresh] done in 79ms @ http://localhost:3111/_next/static/chunks/node_modules_next_dist_1e8vcs8._.js:776
[  192595ms] [LOG] [Fast Refresh] done in 79ms @ http://localhost:3111/_next/static/chunks/node_modules_next_dist_1e8vcs8._.js:776
[  192632ms] [LOG] [Fast Refresh] done in 79ms @ http://localhost:3111/_next/static/chunks/node_modules_next_dist_1e8vcs8._.js:776
[  192679ms] [LOG] [Fast Refresh] done in 79ms @ http://localhost:3111/_next/static/chunks/node_modules_next_dist_1e8vcs8._.js:776
[  192728ms] [LOG] [Fast Refresh] done in 79ms @ http://localhost:3111/_next/static/chunks/node_modules_next_dist_1e8vcs8._.js:776
[  192766ms] [LOG] [Fast Refresh] done in 79ms @ http://localhost:3111/_next/static/chunks/node_modules_next_dist_1e8vcs8._.js:776
[  192813ms] [LOG] [Fast Refresh] done in 79ms @ http://localhost:3111/_next/static/chunks/node_modules_next_dist_1e8vcs8._.js:776
[  192866ms] [LOG] [Fast Refresh] done in 79ms @ http://localhost:3111/_next/static/chunks/node_modules_next_dist_1e8vcs8._.js:776
[  192921ms] [LOG] [Fast Refresh] done in 79ms @ http://localhost:3111/_next/static/chunks/node_modules_next_dist_1e8vcs8._.js:776
[  192972ms] [LOG] [Fast Refresh] done in 79ms @ http://localhost:3111/_next/static/chunks/node_modules_next_dist_1e8vcs8._.js:776
[  193036ms] [LOG] [Fast Refresh] done in 79ms @ http://localhost:3111/_next/static/chunks/node_modules_next_dist_1e8vcs8._.js:776
[  193082ms] [LOG] [Fast Refresh] done in 79ms @ http://localhost:3111/_next/static/chunks/node_modules_next_dist_1e8vcs8._.js:776
[  193132ms] [LOG] [Fast Refresh] done in 79ms @ http://localhost:3111/_next/static/chunks/node_modules_next_dist_1e8vcs8._.js:776
[  193182ms] [LOG] [Fast Refresh] done in 79ms @ http://localhost:3111/_next/static/chunks/node_modules_next_dist_1e8vcs8._.js:776
[  193237ms] [LOG] [Fast Refresh] done in 79ms @ http://localhost:3111/_next/static/chunks/node_modules_next_dist_1e8vcs8._.js:776
[  193282ms] [LOG] [Fast Refresh] done in 79ms @ http://localhost:3111/_next/static/chunks/node_modules_next_dist_1e8vcs8._.js:776
[  193335ms] [LOG] [Fast Refresh] done in 79ms @ http://localhost:3111/_next/static/chunks/node_modules_next_dist_1e8vcs8._.js:776
[  193374ms] [LOG] [Fast Refresh] done in 79ms @ http://localhost:3111/_next/static/chunks/node_modules_next_dist_1e8vcs8._.js:776
[  193432ms] [LOG] [Fast Refresh] done in 79ms @ http://localhost:3111/_next/static/chunks/node_modules_next_dist_1e8vcs8._.js:776
[  193481ms] [LOG] [Fast Refresh] done in 79ms @ http://localhost:3111/_next/static/chunks/node_modules_next_dist_1e8vcs8._.js:776
[  193530ms] [LOG] [Fast Refresh] done in 79ms @ http://localhost:3111/_next/static/chunks/node_modules_next_dist_1e8vcs8._.js:776
[  193582ms] [LOG] [Fast Refresh] done in 79ms @ http://localhost:3111/_next/static/chunks/node_modules_next_dist_1e8vcs8._.js:776
[  193631ms] [LOG] [Fast Refresh] done in 79ms @ http://localhost:3111/_next/static/chunks/node_modules_next_dist_1e8vcs8._.js:776
[  193682ms] [LOG] [Fast Refresh] done in 79ms @ http://localhost:3111/_next/static/chunks/node_modules_next_dist_1e8vcs8._.js:776
[  193729ms] [LOG] [Fast Refresh] done in 79ms @ http://localhost:3111/_next/static/chunks/node_modules_next_dist_1e8vcs8._.js:776
[  193782ms] [LOG] [Fast Refresh] done in 79ms @ http://localhost:3111/_next/static/chunks/node_modules_next_dist_1e8vcs8._.js:776
[  193832ms] [LOG] [Fast Refresh] done in 79ms @ http://localhost:3111/_next/static/chunks/node_modules_next_dist_1e8vcs8._.js:776
[  193880ms] [LOG] [Fast Refresh] done in 79ms @ http://localhost:3111/_next/static/chunks/node_modules_next_dist_1e8vcs8._.js:776
[  193932ms] [LOG] [Fast Refresh] done in 79ms @ http://localhost:3111/_next/static/chunks/node_modules_next_dist_1e8vcs8._.js:776
[  193982ms] [LOG] [Fast Refresh] done in 79ms @ http://localhost:3111/_next/static/chunks/node_modules_next_dist_1e8vcs8._.js:776
[  194033ms] [LOG] [Fast Refresh] done in 79ms @ http://localhost:3111/_next/static/chunks/node_modules_next_dist_1e8vcs8._.js:776
[  194082ms] [LOG] [Fast Refresh] done in 79ms @ http://localhost:3111/_next/static/chunks/node_modules_next_dist_1e8vcs8._.js:776
[  194132ms] [LOG] [Fast Refresh] done in 79ms @ http://localhost:3111/_next/static/chunks/node_modules_next_dist_1e8vcs8._.js:776
[  194182ms] [LOG] [Fast Refresh] done in 79ms @ http://localhost:3111/_next/static/chunks/node_modules_next_dist_1e8vcs8._.js:776
[  194232ms] [LOG] [Fast Refresh] done in 79ms @ http://localhost:3111/_next/static/chunks/node_modules_next_dist_1e8vcs8._.js:776
[  194282ms] [LOG] [Fast Refresh] done in 79ms @ http://localhost:3111/_next/static/chunks/node_modules_next_dist_1e8vcs8._.js:776
[  194332ms] [LOG] [Fast Refresh] done in 79ms @ http://localhost:3111/_next/static/chunks/node_modules_next_dist_1e8vcs8._.js:776
[  194382ms] [LOG] [Fast Refresh] done in 79ms @ http://localhost:3111/_next/static/chunks/node_modules_next_dist_1e8vcs8._.js:776
[  194432ms] [LOG] [Fast Refresh] done in 79ms @ http://localhost:3111/_next/static/chunks/node_modules_next_dist_1e8vcs8._.js:776
[  194493ms] [LOG] [Fast Refresh] done in 79ms @ http://localhost:3111/_next/static/chunks/node_modules_next_dist_1e8vcs8._.js:776
[  194549ms] [LOG] [Fast Refresh] done in 79ms @ http://localhost:3111/_next/static/chunks/node_modules_next_dist_1e8vcs8._.js:776
[  194599ms] [LOG] [Fast Refresh] done in 79ms @ http://localhost:3111/_next/static/chunks/node_modules_next_dist_1e8vcs8._.js:776
[  194648ms] [LOG] [Fast Refresh] done in 79ms @ http://localhost:3111/_next/static/chunks/node_modules_next_dist_1e8vcs8._.js:776
[  194697ms] [LOG] [Fast Refresh] done in 79ms @ http://localhost:3111/_next/static/chunks/node_modules_next_dist_1e8vcs8._.js:776
[  194749ms] [LOG] [Fast Refresh] done in 79ms @ http://localhost:3111/_next/static/chunks/node_modules_next_dist_1e8vcs8._.js:776
[  194800ms] [LOG] [Fast Refresh] done in 79ms @ http://localhost:3111/_next/static/chunks/node_modules_next_dist_1e8vcs8._.js:776
[  194866ms] [LOG] [Fast Refresh] done in 79ms @ http://localhost:3111/_next/static/chunks/node_modules_next_dist_1e8vcs8._.js:776
[  194915ms] [LOG] [Fast Refresh] done in 79ms @ http://localhost:3111/_next/static/chunks/node_modules_next_dist_1e8vcs8._.js:776
[  194966ms] [LOG] [Fast Refresh] done in 79ms @ http://localhost:3111/_next/static/chunks/node_modules_next_dist_1e8vcs8._.js:776
[  195029ms] [LOG] [Fast Refresh] done in 79ms @ http://localhost:3111/_next/static/chunks/node_modules_next_dist_1e8vcs8._.js:776
[  195082ms] [LOG] [Fast Refresh] done in 79ms @ http://localhost:3111/_next/static/chunks/node_modules_next_dist_1e8vcs8._.js:776
[  195147ms] [LOG] [Fast Refresh] done in 79ms @ http://localhost:3111/_next/static/chunks/node_modules_next_dist_1e8vcs8._.js:776
[  195191ms] [LOG] [Fast Refresh] done in 79ms @ http://localhost:3111/_next/static/chunks/node_modules_next_dist_1e8vcs8._.js:776
[  195251ms] [LOG] [Fast Refresh] done in 79ms @ http://localhost:3111/_next/static/chunks/node_modules_next_dist_1e8vcs8._.js:776
[  195289ms] [LOG] [Fast Refresh] done in 79ms @ http://localhost:3111/_next/static/chunks/node_modules_next_dist_1e8vcs8._.js:776
[  195340ms] [LOG] [Fast Refresh] done in 79ms @ http://localhost:3111/_next/static/chunks/node_modules_next_dist_1e8vcs8._.js:776
[  195384ms] [LOG] [Fast Refresh] done in 79ms @ http://localhost:3111/_next/static/chunks/node_modules_next_dist_1e8vcs8._.js:776
[  195432ms] [LOG] [Fast Refresh] done in 79ms @ http://localhost:3111/_next/static/chunks/node_modules_next_dist_1e8vcs8._.js:776
[  195499ms] [LOG] [Fast Refresh] done in 79ms @ http://localhost:3111/_next/static/chunks/node_modules_next_dist_1e8vcs8._.js:776
[  195549ms] [LOG] [Fast Refresh] done in 79ms @ http://localhost:3111/_next/static/chunks/node_modules_next_dist_1e8vcs8._.js:776
[  195599ms] [LOG] [Fast Refresh] done in 79ms @ http://localhost:3111/_next/static/chunks/node_modules_next_dist_1e8vcs8._.js:776
[  195649ms] [LOG] [Fast Refresh] done in 79ms @ http://localhost:3111/_next/static/chunks/node_modules_next_dist_1e8vcs8._.js:776
[  195698ms] [LOG] [Fast Refresh] done in 79ms @ http://localhost:3111/_next/static/chunks/node_modules_next_dist_1e8vcs8._.js:776
[  195749ms] [LOG] [Fast Refresh] done in 79ms @ http://localhost:3111/_next/static/chunks/node_modules_next_dist_1e8vcs8._.js:776
[  195797ms] [LOG] [Fast Refresh] done in 79ms @ http://localhost:3111/_next/static/chunks/node_modules_next_dist_1e8vcs8._.js:776
[  195847ms] [LOG] [Fast Refresh] done in 79ms @ http://localhost:3111/_next/static/chunks/node_modules_next_dist_1e8vcs8._.js:776
[  195899ms] [LOG] [Fast Refresh] done in 79ms @ http://localhost:3111/_next/static/chunks/node_modules_next_dist_1e8vcs8._.js:776
[  195948ms] [LOG] [Fast Refresh] done in 79ms @ http://localhost:3111/_next/static/chunks/node_modules_next_dist_1e8vcs8._.js:776
[  196013ms] [LOG] [Fast Refresh] done in 79ms @ http://localhost:3111/_next/static/chunks/node_modules_next_dist_1e8vcs8._.js:776
[  196066ms] [LOG] [Fast Refresh] done in 79ms @ http://localhost:3111/_next/static/chunks/node_modules_next_dist_1e8vcs8._.js:776
[  196115ms] [LOG] [Fast Refresh] done in 79ms @ http://localhost:3111/_next/static/chunks/node_modules_next_dist_1e8vcs8._.js:776
[  196179ms] [LOG] [Fast Refresh] done in 79ms @ http://localhost:3111/_next/static/chunks/node_modules_next_dist_1e8vcs8._.js:776
[  196232ms] [LOG] [Fast Refresh] done in 79ms @ http://localhost:3111/_next/static/chunks/node_modules_next_dist_1e8vcs8._.js:776
[  196440ms] [LOG] [Fast Refresh] rebuilding @ http://localhost:3111/_next/static/chunks/node_modules_next_dist_1e8vcs8._.js:776
[  196466ms] [LOG] [Fast Refresh] done in 133ms @ http://localhost:3111/_next/static/chunks/node_modules_next_dist_1e8vcs8._.js:776
[  225039ms] [LOG] [Fast Refresh] rebuilding @ http://localhost:3111/_next/static/chunks/node_modules_next_dist_1e8vcs8._.js:776
[  225115ms] [LOG] [Fast Refresh] done in 24ms @ http://localhost:3111/_next/static/chunks/node_modules_next_dist_1e8vcs8._.js:776
[  225171ms] [LOG] [Fast Refresh] done in 24ms @ http://localhost:3111/_next/static/chunks/node_modules_next_dist_1e8vcs8._.js:776
[  225212ms] [LOG] [Fast Refresh] done in 24ms @ http://localhost:3111/_next/static/chunks/node_modules_next_dist_1e8vcs8._.js:776
[  225280ms] [LOG] [Fast Refresh] done in 24ms @ http://localhost:3111/_next/static/chunks/node_modules_next_dist_1e8vcs8._.js:776
[  225330ms] [LOG] [Fast Refresh] done in 24ms @ http://localhost:3111/_next/static/chunks/node_modules_next_dist_1e8vcs8._.js:776
[  225383ms] [LOG] [Fast Refresh] done in 24ms @ http://localhost:3111/_next/static/chunks/node_modules_next_dist_1e8vcs8._.js:776
[  225428ms] [LOG] [Fast Refresh] done in 24ms @ http://localhost:3111/_next/static/chunks/node_modules_next_dist_1e8vcs8._.js:776
[  225481ms] [LOG] [Fast Refresh] done in 24ms @ http://localhost:3111/_next/static/chunks/node_modules_next_dist_1e8vcs8._.js:776
[  225529ms] [LOG] [Fast Refresh] done in 24ms @ http://localhost:3111/_next/static/chunks/node_modules_next_dist_1e8vcs8._.js:776
[  225579ms] [LOG] [Fast Refresh] done in 24ms @ http://localhost:3111/_next/static/chunks/node_modules_next_dist_1e8vcs8._.js:776
[  225628ms] [LOG] [Fast Refresh] done in 24ms @ http://localhost:3111/_next/static/chunks/node_modules_next_dist_1e8vcs8._.js:776
[  225678ms] [LOG] [Fast Refresh] done in 24ms @ http://localhost:3111/_next/static/chunks/node_modules_next_dist_1e8vcs8._.js:776
[  225727ms] [LOG] [Fast Refresh] done in 24ms @ http://localhost:3111/_next/static/chunks/node_modules_next_dist_1e8vcs8._.js:776
[  225745ms] ReferenceError: schoolLogos is not defined
    at HomePage (about://React/Server/file:///E:/therobonest/.next/dev/server/chunks/ssr/%255Broot-of-the-server%255D__06e-w-0._.js?id=%255Bproject%255D/app/page.tsx+%255Bapp-rsc%255D+(ecmascript)?128:99:28)
    at resolveErrorDev (http://localhost:3111/_next/static/chunks/node_modules_next_dist_compiled_react-server-dom-turbopack_164kp-6._.js:1937:150)
    at processFullStringRow (http://localhost:3111/_next/static/chunks/node_modules_next_dist_compiled_react-server-dom-turbopack_164kp-6._.js:2456:29)
    at processFullBinaryRow (http://localhost:3111/_next/static/chunks/node_modules_next_dist_compiled_react-server-dom-turbopack_164kp-6._.js:2415:9)
    at processBinaryChunk (http://localhost:3111/_next/static/chunks/node_modules_next_dist_compiled_react-server-dom-turbopack_164kp-6._.js:2524:221)
    at progress (http://localhost:3111/_next/static/chunks/node_modules_next_dist_compiled_react-server-dom-turbopack_164kp-6._.js:2711:13)
[  225827ms] [LOG] [Fast Refresh] done in 24ms @ http://localhost:3111/_next/static/chunks/node_modules_next_dist_1e8vcs8._.js:776
[  225895ms] [LOG] [Fast Refresh] done in 24ms @ http://localhost:3111/_next/static/chunks/node_modules_next_dist_1e8vcs8._.js:776
[  225943ms] [LOG] [Fast Refresh] done in 24ms @ http://localhost:3111/_next/static/chunks/node_modules_next_dist_1e8vcs8._.js:776
[  225997ms] [LOG] [Fast Refresh] done in 24ms @ http://localhost:3111/_next/static/chunks/node_modules_next_dist_1e8vcs8._.js:776
[  226045ms] [LOG] [Fast Refresh] done in 24ms @ http://localhost:3111/_next/static/chunks/node_modules_next_dist_1e8vcs8._.js:776
[  226097ms] [LOG] [Fast Refresh] done in 24ms @ http://localhost:3111/_next/static/chunks/node_modules_next_dist_1e8vcs8._.js:776
[  226141ms] [LOG] [Fast Refresh] done in 24ms @ http://localhost:3111/_next/static/chunks/node_modules_next_dist_1e8vcs8._.js:776
[  226193ms] [LOG] [Fast Refresh] done in 24ms @ http://localhost:3111/_next/static/chunks/node_modules_next_dist_1e8vcs8._.js:776
[  226243ms] [LOG] [Fast Refresh] done in 24ms @ http://localhost:3111/_next/static/chunks/node_modules_next_dist_1e8vcs8._.js:776
[  226305ms] [LOG] [Fast Refresh] done in 24ms @ http://localhost:3111/_next/static/chunks/node_modules_next_dist_1e8vcs8._.js:776
[  226361ms] [LOG] [Fast Refresh] done in 24ms @ http://localhost:3111/_next/static/chunks/node_modules_next_dist_1e8vcs8._.js:776
[  226411ms] [LOG] [Fast Refresh] done in 24ms @ http://localhost:3111/_next/static/chunks/node_modules_next_dist_1e8vcs8._.js:776
[  226459ms] [LOG] [Fast Refresh] done in 24ms @ http://localhost:3111/_next/static/chunks/node_modules_next_dist_1e8vcs8._.js:776
[  226510ms] [LOG] [Fast Refresh] done in 24ms @ http://localhost:3111/_next/static/chunks/node_modules_next_dist_1e8vcs8._.js:776
[  226561ms] [LOG] [Fast Refresh] done in 24ms @ http://localhost:3111/_next/static/chunks/node_modules_next_dist_1e8vcs8._.js:776
[  226718ms] [LOG] [Fast Refresh] done in 24ms @ http://localhost:3111/_next/static/chunks/node_modules_next_dist_1e8vcs8._.js:776
[  226782ms] [LOG] [Fast Refresh] done in 24ms @ http://localhost:3111/_next/static/chunks/node_modules_next_dist_1e8vcs8._.js:776
[  226845ms] [LOG] [Fast Refresh] done in 24ms @ http://localhost:3111/_next/static/chunks/node_modules_next_dist_1e8vcs8._.js:776
[  226892ms] [LOG] [Fast Refresh] done in 24ms @ http://localhost:3111/_next/static/chunks/node_modules_next_dist_1e8vcs8._.js:776
[  226956ms] [LOG] [Fast Refresh] done in 24ms @ http://localhost:3111/_next/static/chunks/node_modules_next_dist_1e8vcs8._.js:776
[  227011ms] [LOG] [Fast Refresh] done in 24ms @ http://localhost:3111/_next/static/chunks/node_modules_next_dist_1e8vcs8._.js:776
[  227108ms] [LOG] [Fast Refresh] done in 24ms @ http://localhost:3111/_next/static/chunks/node_modules_next_dist_1e8vcs8._.js:776
[  227155ms] [LOG] [Fast Refresh] done in 24ms @ http://localhost:3111/_next/static/chunks/node_modules_next_dist_1e8vcs8._.js:776
[  227218ms] [LOG] [Fast Refresh] done in 24ms @ http://localhost:3111/_next/static/chunks/node_modules_next_dist_1e8vcs8._.js:776
[  227267ms] [LOG] [Fast Refresh] done in 24ms @ http://localhost:3111/_next/static/chunks/node_modules_next_dist_1e8vcs8._.js:776
[  227315ms] [LOG] [Fast Refresh] done in 24ms @ http://localhost:3111/_next/static/chunks/node_modules_next_dist_1e8vcs8._.js:776
[  227363ms] [LOG] [Fast Refresh] done in 24ms @ http://localhost:3111/_next/static/chunks/node_modules_next_dist_1e8vcs8._.js:776
[  227426ms] [LOG] [Fast Refresh] done in 24ms @ http://localhost:3111/_next/static/chunks/node_modules_next_dist_1e8vcs8._.js:776
[  227490ms] [LOG] [Fast Refresh] done in 24ms @ http://localhost:3111/_next/static/chunks/node_modules_next_dist_1e8vcs8._.js:776
[  227538ms] [LOG] [Fast Refresh] done in 24ms @ http://localhost:3111/_next/static/chunks/node_modules_next_dist_1e8vcs8._.js:776
[  227605ms] [LOG] [Fast Refresh] done in 24ms @ http://localhost:3111/_next/static/chunks/node_modules_next_dist_1e8vcs8._.js:776
[  227782ms] [LOG] [Fast Refresh] done in 24ms @ http://localhost:3111/_next/static/chunks/node_modules_next_dist_1e8vcs8._.js:776
[  227933ms] [LOG] [Fast Refresh] done in 24ms @ http://localhost:3111/_next/static/chunks/node_modules_next_dist_1e8vcs8._.js:776
[  228016ms] [LOG] [Fast Refresh] done in 24ms @ http://localhost:3111/_next/static/chunks/node_modules_next_dist_1e8vcs8._.js:776
[  228060ms] [LOG] [Fast Refresh] done in 24ms @ http://localhost:3111/_next/static/chunks/node_modules_next_dist_1e8vcs8._.js:776
[  228123ms] [LOG] [Fast Refresh] done in 24ms @ http://localhost:3111/_next/static/chunks/node_modules_next_dist_1e8vcs8._.js:776
[  228186ms] [LOG] [Fast Refresh] done in 24ms @ http://localhost:3111/_next/static/chunks/node_modules_next_dist_1e8vcs8._.js:776
[  228248ms] [LOG] [Fast Refresh] done in 24ms @ http://localhost:3111/_next/static/chunks/node_modules_next_dist_1e8vcs8._.js:776
[  228311ms] [LOG] [Fast Refresh] done in 24ms @ http://localhost:3111/_next/static/chunks/node_modules_next_dist_1e8vcs8._.js:776
[  228358ms] [LOG] [Fast Refresh] done in 24ms @ http://localhost:3111/_next/static/chunks/node_modules_next_dist_1e8vcs8._.js:776
[  228421ms] [LOG] [Fast Refresh] done in 24ms @ http://localhost:3111/_next/static/chunks/node_modules_next_dist_1e8vcs8._.js:776
[  228478ms] [LOG] [Fast Refresh] done in 24ms @ http://localhost:3111/_next/static/chunks/node_modules_next_dist_1e8vcs8._.js:776
[  228529ms] [LOG] [Fast Refresh] done in 24ms @ http://localhost:3111/_next/static/chunks/node_modules_next_dist_1e8vcs8._.js:776
[  228592ms] [LOG] [Fast Refresh] done in 24ms @ http://localhost:3111/_next/static/chunks/node_modules_next_dist_1e8vcs8._.js:776
[  228655ms] [LOG] [Fast Refresh] done in 24ms @ http://localhost:3111/_next/static/chunks/node_modules_next_dist_1e8vcs8._.js:776
[  228703ms] [LOG] [Fast Refresh] done in 24ms @ http://localhost:3111/_next/static/chunks/node_modules_next_dist_1e8vcs8._.js:776
[  228765ms] [LOG] [Fast Refresh] done in 24ms @ http://localhost:3111/_next/static/chunks/node_modules_next_dist_1e8vcs8._.js:776
[  228828ms] [LOG] [Fast Refresh] done in 24ms @ http://localhost:3111/_next/static/chunks/node_modules_next_dist_1e8vcs8._.js:776
[  228891ms] [LOG] [Fast Refresh] done in 24ms @ http://localhost:3111/_next/static/chunks/node_modules_next_dist_1e8vcs8._.js:776
[  228938ms] [LOG] [Fast Refresh] done in 24ms @ http://localhost:3111/_next/static/chunks/node_modules_next_dist_1e8vcs8._.js:776
[  229001ms] [LOG] [Fast Refresh] done in 24ms @ http://localhost:3111/_next/static/chunks/node_modules_next_dist_1e8vcs8._.js:776
[  229060ms] [LOG] [Fast Refresh] done in 24ms @ http://localhost:3111/_next/static/chunks/node_modules_next_dist_1e8vcs8._.js:776
[  229123ms] [LOG] [Fast Refresh] done in 24ms @ http://localhost:3111/_next/static/chunks/node_modules_next_dist_1e8vcs8._.js:776
[  229187ms] [LOG] [Fast Refresh] done in 24ms @ http://localhost:3111/_next/static/chunks/node_modules_next_dist_1e8vcs8._.js:776
[  229250ms] [LOG] [Fast Refresh] done in 24ms @ http://localhost:3111/_next/static/chunks/node_modules_next_dist_1e8vcs8._.js:776
[  229313ms] [LOG] [Fast Refresh] done in 24ms @ http://localhost:3111/_next/static/chunks/node_modules_next_dist_1e8vcs8._.js:776
[  229376ms] [LOG] [Fast Refresh] done in 24ms @ http://localhost:3111/_next/static/chunks/node_modules_next_dist_1e8vcs8._.js:776
[  229439ms] [LOG] [Fast Refresh] done in 24ms @ http://localhost:3111/_next/static/chunks/node_modules_next_dist_1e8vcs8._.js:776
[  229493ms] [LOG] [Fast Refresh] done in 24ms @ http://localhost:3111/_next/static/chunks/node_modules_next_dist_1e8vcs8._.js:776
[  229545ms] [LOG] [Fast Refresh] done in 24ms @ http://localhost:3111/_next/static/chunks/node_modules_next_dist_1e8vcs8._.js:776
[  229595ms] [LOG] [Fast Refresh] done in 24ms @ http://localhost:3111/_next/static/chunks/node_modules_next_dist_1e8vcs8._.js:776
[  229643ms] [LOG] [Fast Refresh] done in 24ms @ http://localhost:3111/_next/static/chunks/node_modules_next_dist_1e8vcs8._.js:776
[  229705ms] [LOG] [Fast Refresh] done in 24ms @ http://localhost:3111/_next/static/chunks/node_modules_next_dist_1e8vcs8._.js:776
[  229753ms] [LOG] [Fast Refresh] done in 24ms @ http://localhost:3111/_next/static/chunks/node_modules_next_dist_1e8vcs8._.js:776
[  229801ms] [LOG] [Fast Refresh] done in 24ms @ http://localhost:3111/_next/static/chunks/node_modules_next_dist_1e8vcs8._.js:776
[  229849ms] [LOG] [Fast Refresh] done in 24ms @ http://localhost:3111/_next/static/chunks/node_modules_next_dist_1e8vcs8._.js:776
[  229912ms] [LOG] [Fast Refresh] done in 24ms @ http://localhost:3111/_next/static/chunks/node_modules_next_dist_1e8vcs8._.js:776
[  229964ms] [LOG] [Fast Refresh] done in 24ms @ http://localhost:3111/_next/static/chunks/node_modules_next_dist_1e8vcs8._.js:776
[  230026ms] [LOG] [Fast Refresh] done in 24ms @ http://localhost:3111/_next/static/chunks/node_modules_next_dist_1e8vcs8._.js:776
[  230075ms] [LOG] [Fast Refresh] done in 24ms @ http://localhost:3111/_next/static/chunks/node_modules_next_dist_1e8vcs8._.js:776
[  230139ms] [LOG] [Fast Refresh] done in 24ms @ http://localhost:3111/_next/static/chunks/node_modules_next_dist_1e8vcs8._.js:776
[  230186ms] [LOG] [Fast Refresh] done in 24ms @ http://localhost:3111/_next/static/chunks/node_modules_next_dist_1e8vcs8._.js:776
[  230250ms] [LOG] [Fast Refresh] done in 24ms @ http://localhost:3111/_next/static/chunks/node_modules_next_dist_1e8vcs8._.js:776
[  230311ms] [LOG] [Fast Refresh] done in 24ms @ http://localhost:3111/_next/static/chunks/node_modules_next_dist_1e8vcs8._.js:776
[  230359ms] [LOG] [Fast Refresh] done in 24ms @ http://localhost:3111/_next/static/chunks/node_modules_next_dist_1e8vcs8._.js:776
[  230406ms] [LOG] [Fast Refresh] done in 24ms @ http://localhost:3111/_next/static/chunks/node_modules_next_dist_1e8vcs8._.js:776
[  230454ms] [LOG] [Fast Refresh] done in 24ms @ http://localhost:3111/_next/static/chunks/node_modules_next_dist_1e8vcs8._.js:776
[  230510ms] [LOG] [Fast Refresh] done in 24ms @ http://localhost:3111/_next/static/chunks/node_modules_next_dist_1e8vcs8._.js:776
[  230560ms] [LOG] [Fast Refresh] done in 24ms @ http://localhost:3111/_next/static/chunks/node_modules_next_dist_1e8vcs8._.js:776
[  230624ms] [LOG] [Fast Refresh] done in 24ms @ http://localhost:3111/_next/static/chunks/node_modules_next_dist_1e8vcs8._.js:776
[  230687ms] [LOG] [Fast Refresh] done in 24ms @ http://localhost:3111/_next/static/chunks/node_modules_next_dist_1e8vcs8._.js:776
[  230750ms] [LOG] [Fast Refresh] done in 24ms @ http://localhost:3111/_next/static/chunks/node_modules_next_dist_1e8vcs8._.js:776
[  230813ms] [LOG] [Fast Refresh] done in 24ms @ http://localhost:3111/_next/static/chunks/node_modules_next_dist_1e8vcs8._.js:776
[  230875ms] [LOG] [Fast Refresh] done in 24ms @ http://localhost:3111/_next/static/chunks/node_modules_next_dist_1e8vcs8._.js:776
[  230923ms] [LOG] [Fast Refresh] done in 24ms @ http://localhost:3111/_next/static/chunks/node_modules_next_dist_1e8vcs8._.js:776
[  230978ms] [LOG] [Fast Refresh] done in 24ms @ http://localhost:3111/_next/static/chunks/node_modules_next_dist_1e8vcs8._.js:776
[  231028ms] [LOG] [Fast Refresh] done in 24ms @ http://localhost:3111/_next/static/chunks/node_modules_next_dist_1e8vcs8._.js:776
[  231076ms] [LOG] [Fast Refresh] done in 24ms @ http://localhost:3111/_next/static/chunks/node_modules_next_dist_1e8vcs8._.js:776
[  231139ms] [LOG] [Fast Refresh] done in 24ms @ http://localhost:3111/_next/static/chunks/node_modules_next_dist_1e8vcs8._.js:776
[  231202ms] [LOG] [Fast Refresh] done in 24ms @ http://localhost:3111/_next/static/chunks/node_modules_next_dist_1e8vcs8._.js:776
[  231266ms] [LOG] [Fast Refresh] done in 24ms @ http://localhost:3111/_next/static/chunks/node_modules_next_dist_1e8vcs8._.js:776
[  231328ms] [LOG] [Fast Refresh] done in 24ms @ http://localhost:3111/_next/static/chunks/node_modules_next_dist_1e8vcs8._.js:776
[  231390ms] [LOG] [Fast Refresh] done in 24ms @ http://localhost:3111/_next/static/chunks/node_modules_next_dist_1e8vcs8._.js:776
[  231453ms] [LOG] [Fast Refresh] done in 24ms @ http://localhost:3111/_next/static/chunks/node_modules_next_dist_1e8vcs8._.js:776
[  231510ms] [LOG] [Fast Refresh] done in 24ms @ http://localhost:3111/_next/static/chunks/node_modules_next_dist_1e8vcs8._.js:776
[  231560ms] [LOG] [Fast Refresh] done in 24ms @ http://localhost:3111/_next/static/chunks/node_modules_next_dist_1e8vcs8._.js:776
[  231623ms] [LOG] [Fast Refresh] done in 24ms @ http://localhost:3111/_next/static/chunks/node_modules_next_dist_1e8vcs8._.js:776
[  231686ms] [LOG] [Fast Refresh] done in 24ms @ http://localhost:3111/_next/static/chunks/node_modules_next_dist_1e8vcs8._.js:776
[  231750ms] [LOG] [Fast Refresh] done in 24ms @ http://localhost:3111/_next/static/chunks/node_modules_next_dist_1e8vcs8._.js:776
[  231813ms] [LOG] [Fast Refresh] done in 24ms @ http://localhost:3111/_next/static/chunks/node_modules_next_dist_1e8vcs8._.js:776
[  231877ms] [LOG] [Fast Refresh] done in 24ms @ http://localhost:3111/_next/static/chunks/node_modules_next_dist_1e8vcs8._.js:776
[  231941ms] [LOG] [Fast Refresh] done in 24ms @ http://localhost:3111/_next/static/chunks/node_modules_next_dist_1e8vcs8._.js:776
[  231993ms] [LOG] [Fast Refresh] done in 24ms @ http://localhost:3111/_next/static/chunks/node_modules_next_dist_1e8vcs8._.js:776
[  232044ms] [LOG] [Fast Refresh] done in 24ms @ http://localhost:3111/_next/static/chunks/node_modules_next_dist_1e8vcs8._.js:776
[  232091ms] [LOG] [Fast Refresh] done in 24ms @ http://localhost:3111/_next/static/chunks/node_modules_next_dist_1e8vcs8._.js:776
[  232155ms] [LOG] [Fast Refresh] done in 24ms @ http://localhost:3111/_next/static/chunks/node_modules_next_dist_1e8vcs8._.js:776
[  232202ms] [LOG] [Fast Refresh] done in 24ms @ http://localhost:3111/_next/static/chunks/node_modules_next_dist_1e8vcs8._.js:776
[  232265ms] [LOG] [Fast Refresh] done in 24ms @ http://localhost:3111/_next/static/chunks/node_modules_next_dist_1e8vcs8._.js:776
[  232328ms] [LOG] [Fast Refresh] done in 24ms @ http://localhost:3111/_next/static/chunks/node_modules_next_dist_1e8vcs8._.js:776
[  232376ms] [LOG] [Fast Refresh] done in 24ms @ http://localhost:3111/_next/static/chunks/node_modules_next_dist_1e8vcs8._.js:776
[  232424ms] [LOG] [Fast Refresh] done in 24ms @ http://localhost:3111/_next/static/chunks/node_modules_next_dist_1e8vcs8._.js:776
[  232478ms] [LOG] [Fast Refresh] done in 24ms @ http://localhost:3111/_next/static/chunks/node_modules_next_dist_1e8vcs8._.js:776
[  232528ms] [LOG] [Fast Refresh] done in 24ms @ http://localhost:3111/_next/static/chunks/node_modules_next_dist_1e8vcs8._.js:776
[  232590ms] [LOG] [Fast Refresh] done in 24ms @ http://localhost:3111/_next/static/chunks/node_modules_next_dist_1e8vcs8._.js:776
[  232637ms] [LOG] [Fast Refresh] done in 24ms @ http://localhost:3111/_next/static/chunks/node_modules_next_dist_1e8vcs8._.js:776
[  232684ms] [LOG] [Fast Refresh] done in 24ms @ http://localhost:3111/_next/static/chunks/node_modules_next_dist_1e8vcs8._.js:776
[  232747ms] [LOG] [Fast Refresh] done in 24ms @ http://localhost:3111/_next/static/chunks/node_modules_next_dist_1e8vcs8._.js:776
[  232811ms] [LOG] [Fast Refresh] done in 24ms @ http://localhost:3111/_next/static/chunks/node_modules_next_dist_1e8vcs8._.js:776
[  232875ms] [LOG] [Fast Refresh] done in 24ms @ http://localhost:3111/_next/static/chunks/node_modules_next_dist_1e8vcs8._.js:776
[  232923ms] [LOG] [Fast Refresh] done in 24ms @ http://localhost:3111/_next/static/chunks/node_modules_next_dist_1e8vcs8._.js:776
[  232970ms] [LOG] [Fast Refresh] done in 24ms @ http://localhost:3111/_next/static/chunks/node_modules_next_dist_1e8vcs8._.js:776
[  233010ms] [LOG] [Fast Refresh] done in 24ms @ http://localhost:3111/_next/static/chunks/node_modules_next_dist_1e8vcs8._.js:776
[  233075ms] [LOG] [Fast Refresh] done in 24ms @ http://localhost:3111/_next/static/chunks/node_modules_next_dist_1e8vcs8._.js:776
[  233123ms] [LOG] [Fast Refresh] done in 24ms @ http://localhost:3111/_next/static/chunks/node_modules_next_dist_1e8vcs8._.js:776
[  233170ms] [LOG] [Fast Refresh] done in 24ms @ http://localhost:3111/_next/static/chunks/node_modules_next_dist_1e8vcs8._.js:776
[  233232ms] [LOG] [Fast Refresh] done in 24ms @ http://localhost:3111/_next/static/chunks/node_modules_next_dist_1e8vcs8._.js:776
[  233295ms] [LOG] [Fast Refresh] done in 24ms @ http://localhost:3111/_next/static/chunks/node_modules_next_dist_1e8vcs8._.js:776
[  233358ms] [LOG] [Fast Refresh] done in 24ms @ http://localhost:3111/_next/static/chunks/node_modules_next_dist_1e8vcs8._.js:776
[  233421ms] [LOG] [Fast Refresh] done in 24ms @ http://localhost:3111/_next/static/chunks/node_modules_next_dist_1e8vcs8._.js:776
[  233477ms] [LOG] [Fast Refresh] done in 24ms @ http://localhost:3111/_next/static/chunks/node_modules_next_dist_1e8vcs8._.js:776
[  233528ms] [LOG] [Fast Refresh] done in 24ms @ http://localhost:3111/_next/static/chunks/node_modules_next_dist_1e8vcs8._.js:776
[  233592ms] [LOG] [Fast Refresh] done in 24ms @ http://localhost:3111/_next/static/chunks/node_modules_next_dist_1e8vcs8._.js:776
[  233638ms] [LOG] [Fast Refresh] done in 24ms @ http://localhost:3111/_next/static/chunks/node_modules_next_dist_1e8vcs8._.js:776
[  233686ms] [LOG] [Fast Refresh] done in 24ms @ http://localhost:3111/_next/static/chunks/node_modules_next_dist_1e8vcs8._.js:776
[  233749ms] [LOG] [Fast Refresh] done in 24ms @ http://localhost:3111/_next/static/chunks/node_modules_next_dist_1e8vcs8._.js:776
[  233796ms] [LOG] [Fast Refresh] done in 24ms @ http://localhost:3111/_next/static/chunks/node_modules_next_dist_1e8vcs8._.js:776
[  233859ms] [LOG] [Fast Refresh] done in 24ms @ http://localhost:3111/_next/static/chunks/node_modules_next_dist_1e8vcs8._.js:776
[  233922ms] [LOG] [Fast Refresh] done in 24ms @ http://localhost:3111/_next/static/chunks/node_modules_next_dist_1e8vcs8._.js:776
[  233977ms] [LOG] [Fast Refresh] done in 24ms @ http://localhost:3111/_next/static/chunks/node_modules_next_dist_1e8vcs8._.js:776
[  234028ms] [LOG] [Fast Refresh] done in 24ms @ http://localhost:3111/_next/static/chunks/node_modules_next_dist_1e8vcs8._.js:776
[  234091ms] [LOG] [Fast Refresh] done in 24ms @ http://localhost:3111/_next/static/chunks/node_modules_next_dist_1e8vcs8._.js:776
[  234139ms] [LOG] [Fast Refresh] done in 24ms @ http://localhost:3111/_next/static/chunks/node_modules_next_dist_1e8vcs8._.js:776
[  234187ms] [LOG] [Fast Refresh] done in 24ms @ http://localhost:3111/_next/static/chunks/node_modules_next_dist_1e8vcs8._.js:776
[  234250ms] [LOG] [Fast Refresh] done in 24ms @ http://localhost:3111/_next/static/chunks/node_modules_next_dist_1e8vcs8._.js:776
[  234312ms] [LOG] [Fast Refresh] done in 24ms @ http://localhost:3111/_next/static/chunks/node_modules_next_dist_1e8vcs8._.js:776
[  234375ms] [LOG] [Fast Refresh] done in 24ms @ http://localhost:3111/_next/static/chunks/node_modules_next_dist_1e8vcs8._.js:776
[  234438ms] [LOG] [Fast Refresh] done in 24ms @ http://localhost:3111/_next/static/chunks/node_modules_next_dist_1e8vcs8._.js:776
[  234493ms] [LOG] [Fast Refresh] done in 24ms @ http://localhost:3111/_next/static/chunks/node_modules_next_dist_1e8vcs8._.js:776
[  234544ms] [LOG] [Fast Refresh] done in 24ms @ http://localhost:3111/_next/static/chunks/node_modules_next_dist_1e8vcs8._.js:776
[  234608ms] [LOG] [Fast Refresh] done in 24ms @ http://localhost:3111/_next/static/chunks/node_modules_next_dist_1e8vcs8._.js:776
[  234655ms] [LOG] [Fast Refresh] done in 24ms @ http://localhost:3111/_next/static/chunks/node_modules_next_dist_1e8vcs8._.js:776
[  234703ms] [LOG] [Fast Refresh] done in 24ms @ http://localhost:3111/_next/static/chunks/node_modules_next_dist_1e8vcs8._.js:776
[  234750ms] [LOG] [Fast Refresh] done in 24ms @ http://localhost:3111/_next/static/chunks/node_modules_next_dist_1e8vcs8._.js:776
[  234798ms] [LOG] [Fast Refresh] done in 24ms @ http://localhost:3111/_next/static/chunks/node_modules_next_dist_1e8vcs8._.js:776
[  234861ms] [LOG] [Fast Refresh] done in 24ms @ http://localhost:3111/_next/static/chunks/node_modules_next_dist_1e8vcs8._.js:776
[  234924ms] [LOG] [Fast Refresh] done in 24ms @ http://localhost:3111/_next/static/chunks/node_modules_next_dist_1e8vcs8._.js:776
[  234977ms] [LOG] [Fast Refresh] done in 24ms @ http://localhost:3111/_next/static/chunks/node_modules_next_dist_1e8vcs8._.js:776
[  235026ms] [LOG] [Fast Refresh] done in 24ms @ http://localhost:3111/_next/static/chunks/node_modules_next_dist_1e8vcs8._.js:776
[  235073ms] [LOG] [Fast Refresh] done in 24ms @ http://localhost:3111/_next/static/chunks/node_modules_next_dist_1e8vcs8._.js:776
[  235136ms] [LOG] [Fast Refresh] done in 24ms @ http://localhost:3111/_next/static/chunks/node_modules_next_dist_1e8vcs8._.js:776
[  235184ms] [LOG] [Fast Refresh] done in 24ms @ http://localhost:3111/_next/static/chunks/node_modules_next_dist_1e8vcs8._.js:776
[  235231ms] [LOG] [Fast Refresh] done in 24ms @ http://localhost:3111/_next/static/chunks/node_modules_next_dist_1e8vcs8._.js:776
[  235294ms] [LOG] [Fast Refresh] done in 24ms @ http://localhost:3111/_next/static/chunks/node_modules_next_dist_1e8vcs8._.js:776
[  235357ms] [LOG] [Fast Refresh] done in 24ms @ http://localhost:3111/_next/static/chunks/node_modules_next_dist_1e8vcs8._.js:776
[  235420ms] [LOG] [Fast Refresh] done in 24ms @ http://localhost:3111/_next/static/chunks/node_modules_next_dist_1e8vcs8._.js:776
[  235477ms] [LOG] [Fast Refresh] done in 24ms @ http://localhost:3111/_next/static/chunks/node_modules_next_dist_1e8vcs8._.js:776
[  235528ms] [LOG] [Fast Refresh] done in 24ms @ http://localhost:3111/_next/static/chunks/node_modules_next_dist_1e8vcs8._.js:776
[  235591ms] [LOG] [Fast Refresh] done in 24ms @ http://localhost:3111/_next/static/chunks/node_modules_next_dist_1e8vcs8._.js:776
[  235654ms] [LOG] [Fast Refresh] done in 24ms @ http://localhost:3111/_next/static/chunks/node_modules_next_dist_1e8vcs8._.js:776
[  235718ms] [LOG] [Fast Refresh] done in 24ms @ http://localhost:3111/_next/static/chunks/node_modules_next_dist_1e8vcs8._.js:776
[  235765ms] [LOG] [Fast Refresh] done in 24ms @ http://localhost:3111/_next/static/chunks/node_modules_next_dist_1e8vcs8._.js:776
[  235812ms] [LOG] [Fast Refresh] done in 24ms @ http://localhost:3111/_next/static/chunks/node_modules_next_dist_1e8vcs8._.js:776
[  235876ms] [LOG] [Fast Refresh] done in 24ms @ http://localhost:3111/_next/static/chunks/node_modules_next_dist_1e8vcs8._.js:776
[  235923ms] [LOG] [Fast Refresh] done in 24ms @ http://localhost:3111/_next/static/chunks/node_modules_next_dist_1e8vcs8._.js:776
[  235986ms] [LOG] [Fast Refresh] done in 24ms @ http://localhost:3111/_next/static/chunks/node_modules_next_dist_1e8vcs8._.js:776
[  236027ms] [LOG] [Fast Refresh] done in 24ms @ http://localhost:3111/_next/static/chunks/node_modules_next_dist_1e8vcs8._.js:776
[  236091ms] [LOG] [Fast Refresh] done in 24ms @ http://localhost:3111/_next/static/chunks/node_modules_next_dist_1e8vcs8._.js:776
[  236139ms] [LOG] [Fast Refresh] done in 24ms @ http://localhost:3111/_next/static/chunks/node_modules_next_dist_1e8vcs8._.js:776
[  236186ms] [LOG] [Fast Refresh] done in 24ms @ http://localhost:3111/_next/static/chunks/node_modules_next_dist_1e8vcs8._.js:776
[  236249ms] [LOG] [Fast Refresh] done in 24ms @ http://localhost:3111/_next/static/chunks/node_modules_next_dist_1e8vcs8._.js:776
[  236297ms] [LOG] [Fast Refresh] done in 24ms @ http://localhost:3111/_next/static/chunks/node_modules_next_dist_1e8vcs8._.js:776
[  236361ms] [LOG] [Fast Refresh] done in 24ms @ http://localhost:3111/_next/static/chunks/node_modules_next_dist_1e8vcs8._.js:776
[  236424ms] [LOG] [Fast Refresh] done in 24ms @ http://localhost:3111/_next/static/chunks/node_modules_next_dist_1e8vcs8._.js:776
[  236477ms] [LOG] [Fast Refresh] done in 24ms @ http://localhost:3111/_next/static/chunks/node_modules_next_dist_1e8vcs8._.js:776
[  236527ms] [LOG] [Fast Refresh] done in 24ms @ http://localhost:3111/_next/static/chunks/node_modules_next_dist_1e8vcs8._.js:776
[  236574ms] [LOG] [Fast Refresh] done in 24ms @ http://localhost:3111/_next/static/chunks/node_modules_next_dist_1e8vcs8._.js:776
[  236638ms] [LOG] [Fast Refresh] done in 24ms @ http://localhost:3111/_next/static/chunks/node_modules_next_dist_1e8vcs8._.js:776
[  236701ms] [LOG] [Fast Refresh] done in 24ms @ http://localhost:3111/_next/static/chunks/node_modules_next_dist_1e8vcs8._.js:776
[  236764ms] [LOG] [Fast Refresh] done in 24ms @ http://localhost:3111/_next/static/chunks/node_modules_next_dist_1e8vcs8._.js:776
[  236811ms] [LOG] [Fast Refresh] done in 24ms @ http://localhost:3111/_next/static/chunks/node_modules_next_dist_1e8vcs8._.js:776
[  236859ms] [LOG] [Fast Refresh] done in 24ms @ http://localhost:3111/_next/static/chunks/node_modules_next_dist_1e8vcs8._.js:776
[  236907ms] [LOG] [Fast Refresh] done in 24ms @ http://localhost:3111/_next/static/chunks/node_modules_next_dist_1e8vcs8._.js:776
[  236970ms] [LOG] [Fast Refresh] done in 24ms @ http://localhost:3111/_next/static/chunks/node_modules_next_dist_1e8vcs8._.js:776
[  237027ms] [LOG] [Fast Refresh] done in 24ms @ http://localhost:3111/_next/static/chunks/node_modules_next_dist_1e8vcs8._.js:776
[  237076ms] [LOG] [Fast Refresh] done in 24ms @ http://localhost:3111/_next/static/chunks/node_modules_next_dist_1e8vcs8._.js:776
[  237124ms] [LOG] [Fast Refresh] done in 24ms @ http://localhost:3111/_next/static/chunks/node_modules_next_dist_1e8vcs8._.js:776
[  237187ms] [LOG] [Fast Refresh] done in 24ms @ http://localhost:3111/_next/static/chunks/node_modules_next_dist_1e8vcs8._.js:776
[  237249ms] [LOG] [Fast Refresh] done in 24ms @ http://localhost:3111/_next/static/chunks/node_modules_next_dist_1e8vcs8._.js:776
[  237311ms] [LOG] [Fast Refresh] done in 24ms @ http://localhost:3111/_next/static/chunks/node_modules_next_dist_1e8vcs8._.js:776
[  237376ms] [LOG] [Fast Refresh] done in 24ms @ http://localhost:3111/_next/static/chunks/node_modules_next_dist_1e8vcs8._.js:776
[  237439ms] [LOG] [Fast Refresh] done in 24ms @ http://localhost:3111/_next/static/chunks/node_modules_next_dist_1e8vcs8._.js:776
[  237493ms] [LOG] [Fast Refresh] done in 24ms @ http://localhost:3111/_next/static/chunks/node_modules_next_dist_1e8vcs8._.js:776
[  237543ms] [LOG] [Fast Refresh] done in 24ms @ http://localhost:3111/_next/static/chunks/node_modules_next_dist_1e8vcs8._.js:776
[  237606ms] [LOG] [Fast Refresh] done in 24ms @ http://localhost:3111/_next/static/chunks/node_modules_next_dist_1e8vcs8._.js:776
[  237670ms] [LOG] [Fast Refresh] done in 24ms @ http://localhost:3111/_next/static/chunks/node_modules_next_dist_1e8vcs8._.js:776
[  237733ms] [LOG] [Fast Refresh] done in 24ms @ http://localhost:3111/_next/static/chunks/node_modules_next_dist_1e8vcs8._.js:776
[  237797ms] [LOG] [Fast Refresh] done in 24ms @ http://localhost:3111/_next/static/chunks/node_modules_next_dist_1e8vcs8._.js:776
[  237860ms] [LOG] [Fast Refresh] done in 24ms @ http://localhost:3111/_next/static/chunks/node_modules_next_dist_1e8vcs8._.js:776
[  237908ms] [LOG] [Fast Refresh] done in 24ms @ http://localhost:3111/_next/static/chunks/node_modules_next_dist_1e8vcs8._.js:776
[  237971ms] [LOG] [Fast Refresh] done in 24ms @ http://localhost:3111/_next/static/chunks/node_modules_next_dist_1e8vcs8._.js:776
[  238027ms] [LOG] [Fast Refresh] done in 24ms @ http://localhost:3111/_next/static/chunks/node_modules_next_dist_1e8vcs8._.js:776
[  238091ms] [LOG] [Fast Refresh] done in 24ms @ http://localhost:3111/_next/static/chunks/node_modules_next_dist_1e8vcs8._.js:776
[  238139ms] [LOG] [Fast Refresh] done in 24ms @ http://localhost:3111/_next/static/chunks/node_modules_next_dist_1e8vcs8._.js:776
[  238187ms] [LOG] [Fast Refresh] done in 24ms @ http://localhost:3111/_next/static/chunks/node_modules_next_dist_1e8vcs8._.js:776
[  238250ms] [LOG] [Fast Refresh] done in 24ms @ http://localhost:3111/_next/static/chunks/node_modules_next_dist_1e8vcs8._.js:776
[  238298ms] [LOG] [Fast Refresh] done in 24ms @ http://localhost:3111/_next/static/chunks/node_modules_next_dist_1e8vcs8._.js:776
[  238362ms] [LOG] [Fast Refresh] done in 24ms @ http://localhost:3111/_next/static/chunks/node_modules_next_dist_1e8vcs8._.js:776
[  238410ms] [LOG] [Fast Refresh] done in 24ms @ http://localhost:3111/_next/static/chunks/node_modules_next_dist_1e8vcs8._.js:776
[  238473ms] [LOG] [Fast Refresh] done in 24ms @ http://localhost:3111/_next/static/chunks/node_modules_next_dist_1e8vcs8._.js:776
[  238525ms] [LOG] [Fast Refresh] done in 24ms @ http://localhost:3111/_next/static/chunks/node_modules_next_dist_1e8vcs8._.js:776
[  238575ms] [LOG] [Fast Refresh] done in 24ms @ http://localhost:3111/_next/static/chunks/node_modules_next_dist_1e8vcs8._.js:776
[  238623ms] [LOG] [Fast Refresh] done in 24ms @ http://localhost:3111/_next/static/chunks/node_modules_next_dist_1e8vcs8._.js:776
[  238671ms] [LOG] [Fast Refresh] done in 24ms @ http://localhost:3111/_next/static/chunks/node_modules_next_dist_1e8vcs8._.js:776
[  238734ms] [LOG] [Fast Refresh] done in 24ms @ http://localhost:3111/_next/static/chunks/node_modules_next_dist_1e8vcs8._.js:776
[  238784ms] [LOG] [Fast Refresh] done in 24ms @ http://localhost:3111/_next/static/chunks/node_modules_next_dist_1e8vcs8._.js:776
[  238831ms] [LOG] [Fast Refresh] done in 24ms @ http://localhost:3111/_next/static/chunks/node_modules_next_dist_1e8vcs8._.js:776
[  238878ms] [LOG] [Fast Refresh] done in 24ms @ http://localhost:3111/_next/static/chunks/node_modules_next_dist_1e8vcs8._.js:776
[  238941ms] [LOG] [Fast Refresh] done in 24ms @ http://localhost:3111/_next/static/chunks/node_modules_next_dist_1e8vcs8._.js:776
[  238992ms] [LOG] [Fast Refresh] done in 24ms @ http://localhost:3111/_next/static/chunks/node_modules_next_dist_1e8vcs8._.js:776
[  239043ms] [LOG] [Fast Refresh] done in 24ms @ http://localhost:3111/_next/static/chunks/node_modules_next_dist_1e8vcs8._.js:776
[  239106ms] [LOG] [Fast Refresh] done in 24ms @ http://localhost:3111/_next/static/chunks/node_modules_next_dist_1e8vcs8._.js:776
[  239170ms] [LOG] [Fast Refresh] done in 24ms @ http://localhost:3111/_next/static/chunks/node_modules_next_dist_1e8vcs8._.js:776
[  239233ms] [LOG] [Fast Refresh] done in 24ms @ http://localhost:3111/_next/static/chunks/node_modules_next_dist_1e8vcs8._.js:776
[  239281ms] [LOG] [Fast Refresh] done in 24ms @ http://localhost:3111/_next/static/chunks/node_modules_next_dist_1e8vcs8._.js:776
[  239328ms] [LOG] [Fast Refresh] done in 24ms @ http://localhost:3111/_next/static/chunks/node_modules_next_dist_1e8vcs8._.js:776
[  239376ms] [LOG] [Fast Refresh] done in 24ms @ http://localhost:3111/_next/static/chunks/node_modules_next_dist_1e8vcs8._.js:776
[  239439ms] [LOG] [Fast Refresh] done in 24ms @ http://localhost:3111/_next/static/chunks/node_modules_next_dist_1e8vcs8._.js:776
[  239493ms] [LOG] [Fast Refresh] done in 24ms @ http://localhost:3111/_next/static/chunks/node_modules_next_dist_1e8vcs8._.js:776
[  239542ms] [LOG] [Fast Refresh] done in 24ms @ http://localhost:3111/_next/static/chunks/node_modules_next_dist_1e8vcs8._.js:776
[  239589ms] [LOG] [Fast Refresh] done in 24ms @ http://localhost:3111/_next/static/chunks/node_modules_next_dist_1e8vcs8._.js:776
[  239637ms] [LOG] [Fast Refresh] done in 24ms @ http://localhost:3111/_next/static/chunks/node_modules_next_dist_1e8vcs8._.js:776
[  239701ms] [LOG] [Fast Refresh] done in 24ms @ http://localhost:3111/_next/static/chunks/node_modules_next_dist_1e8vcs8._.js:776
[  239748ms] [LOG] [Fast Refresh] done in 24ms @ http://localhost:3111/_next/static/chunks/node_modules_next_dist_1e8vcs8._.js:776
[  239796ms] [LOG] [Fast Refresh] done in 24ms @ http://localhost:3111/_next/static/chunks/node_modules_next_dist_1e8vcs8._.js:776
[  239844ms] [LOG] [Fast Refresh] done in 24ms @ http://localhost:3111/_next/static/chunks/node_modules_next_dist_1e8vcs8._.js:776
[  239907ms] [LOG] [Fast Refresh] done in 24ms @ http://localhost:3111/_next/static/chunks/node_modules_next_dist_1e8vcs8._.js:776
[  239955ms] [LOG] [Fast Refresh] done in 24ms @ http://localhost:3111/_next/static/chunks/node_modules_next_dist_1e8vcs8._.js:776
[  240008ms] [LOG] [Fast Refresh] done in 24ms @ http://localhost:3111/_next/static/chunks/node_modules_next_dist_1e8vcs8._.js:776
[  240074ms] [LOG] [Fast Refresh] done in 24ms @ http://localhost:3111/_next/static/chunks/node_modules_next_dist_1e8vcs8._.js:776
[  240137ms] [LOG] [Fast Refresh] done in 24ms @ http://localhost:3111/_next/static/chunks/node_modules_next_dist_1e8vcs8._.js:776
[  240200ms] [LOG] [Fast Refresh] done in 24ms @ http://localhost:3111/_next/static/chunks/node_modules_next_dist_1e8vcs8._.js:776
[  240266ms] [LOG] [Fast Refresh] done in 24ms @ http://localhost:3111/_next/static/chunks/node_modules_next_dist_1e8vcs8._.js:776
[  240329ms] [LOG] [Fast Refresh] done in 24ms @ http://localhost:3111/_next/static/chunks/node_modules_next_dist_1e8vcs8._.js:776
[  240393ms] [LOG] [Fast Refresh] done in 24ms @ http://localhost:3111/_next/static/chunks/node_modules_next_dist_1e8vcs8._.js:776
[  240440ms] [LOG] [Fast Refresh] done in 24ms @ http://localhost:3111/_next/static/chunks/node_modules_next_dist_1e8vcs8._.js:776
[  240492ms] [LOG] [Fast Refresh] done in 24ms @ http://localhost:3111/_next/static/chunks/node_modules_next_dist_1e8vcs8._.js:776
[  240542ms] [LOG] [Fast Refresh] done in 24ms @ http://localhost:3111/_next/static/chunks/node_modules_next_dist_1e8vcs8._.js:776
[  240605ms] [LOG] [Fast Refresh] done in 24ms @ http://localhost:3111/_next/static/chunks/node_modules_next_dist_1e8vcs8._.js:776
[  240652ms] [LOG] [Fast Refresh] done in 24ms @ http://localhost:3111/_next/static/chunks/node_modules_next_dist_1e8vcs8._.js:776
[  240701ms] [LOG] [Fast Refresh] done in 24ms @ http://localhost:3111/_next/static/chunks/node_modules_next_dist_1e8vcs8._.js:776
[  240763ms] [LOG] [Fast Refresh] done in 24ms @ http://localhost:3111/_next/static/chunks/node_modules_next_dist_1e8vcs8._.js:776
[  240826ms] [LOG] [Fast Refresh] done in 24ms @ http://localhost:3111/_next/static/chunks/node_modules_next_dist_1e8vcs8._.js:776
[  240889ms] [LOG] [Fast Refresh] done in 24ms @ http://localhost:3111/_next/static/chunks/node_modules_next_dist_1e8vcs8._.js:776
[  240936ms] [LOG] [Fast Refresh] done in 24ms @ http://localhost:3111/_next/static/chunks/node_modules_next_dist_1e8vcs8._.js:776
[  240992ms] [LOG] [Fast Refresh] done in 24ms @ http://localhost:3111/_next/static/chunks/node_modules_next_dist_1e8vcs8._.js:776
[  241043ms] [LOG] [Fast Refresh] done in 24ms @ http://localhost:3111/_next/static/chunks/node_modules_next_dist_1e8vcs8._.js:776
[  241090ms] [LOG] [Fast Refresh] done in 24ms @ http://localhost:3111/_next/static/chunks/node_modules_next_dist_1e8vcs8._.js:776
[  241154ms] [LOG] [Fast Refresh] done in 24ms @ http://localhost:3111/_next/static/chunks/node_modules_next_dist_1e8vcs8._.js:776
[  241218ms] [LOG] [Fast Refresh] done in 24ms @ http://localhost:3111/_next/static/chunks/node_modules_next_dist_1e8vcs8._.js:776
[  241281ms] [LOG] [Fast Refresh] done in 24ms @ http://localhost:3111/_next/static/chunks/node_modules_next_dist_1e8vcs8._.js:776
[  241344ms] [LOG] [Fast Refresh] done in 24ms @ http://localhost:3111/_next/static/chunks/node_modules_next_dist_1e8vcs8._.js:776
[  241408ms] [LOG] [Fast Refresh] done in 24ms @ http://localhost:3111/_next/static/chunks/node_modules_next_dist_1e8vcs8._.js:776
[  241470ms] [LOG] [Fast Refresh] done in 24ms @ http://localhost:3111/_next/static/chunks/node_modules_next_dist_1e8vcs8._.js:776
[  241527ms] [LOG] [Fast Refresh] done in 24ms @ http://localhost:3111/_next/static/chunks/node_modules_next_dist_1e8vcs8._.js:776
[  241574ms] [LOG] [Fast Refresh] done in 24ms @ http://localhost:3111/_next/static/chunks/node_modules_next_dist_1e8vcs8._.js:776
[  241636ms] [LOG] [Fast Refresh] done in 24ms @ http://localhost:3111/_next/static/chunks/node_modules_next_dist_1e8vcs8._.js:776
[  241699ms] [LOG] [Fast Refresh] done in 24ms @ http://localhost:3111/_next/static/chunks/node_modules_next_dist_1e8vcs8._.js:776
[  241747ms] [LOG] [Fast Refresh] done in 24ms @ http://localhost:3111/_next/static/chunks/node_modules_next_dist_1e8vcs8._.js:776
[  241810ms] [LOG] [Fast Refresh] done in 24ms @ http://localhost:3111/_next/static/chunks/node_modules_next_dist_1e8vcs8._.js:776
[  241857ms] [LOG] [Fast Refresh] done in 24ms @ http://localhost:3111/_next/static/chunks/node_modules_next_dist_1e8vcs8._.js:776
[  241920ms] [LOG] [Fast Refresh] done in 24ms @ http://localhost:3111/_next/static/chunks/node_modules_next_dist_1e8vcs8._.js:776
[  241976ms] [LOG] [Fast Refresh] done in 24ms @ http://localhost:3111/_next/static/chunks/node_modules_next_dist_1e8vcs8._.js:776
[  242025ms] [LOG] [Fast Refresh] done in 24ms @ http://localhost:3111/_next/static/chunks/node_modules_next_dist_1e8vcs8._.js:776
[  242090ms] [LOG] [Fast Refresh] done in 24ms @ http://localhost:3111/_next/static/chunks/node_modules_next_dist_1e8vcs8._.js:776
[  242153ms] [LOG] [Fast Refresh] done in 24ms @ http://localhost:3111/_next/static/chunks/node_modules_next_dist_1e8vcs8._.js:776
[  242200ms] [LOG] [Fast Refresh] done in 24ms @ http://localhost:3111/_next/static/chunks/node_modules_next_dist_1e8vcs8._.js:776
[  242248ms] [LOG] [Fast Refresh] done in 24ms @ http://localhost:3111/_next/static/chunks/node_modules_next_dist_1e8vcs8._.js:776
[  242311ms] [LOG] [Fast Refresh] done in 24ms @ http://localhost:3111/_next/static/chunks/node_modules_next_dist_1e8vcs8._.js:776
[  242373ms] [LOG] [Fast Refresh] done in 24ms @ http://localhost:3111/_next/static/chunks/node_modules_next_dist_1e8vcs8._.js:776
[  242437ms] [LOG] [Fast Refresh] done in 24ms @ http://localhost:3111/_next/static/chunks/node_modules_next_dist_1e8vcs8._.js:776
[  242492ms] [LOG] [Fast Refresh] done in 24ms @ http://localhost:3111/_next/static/chunks/node_modules_next_dist_1e8vcs8._.js:776
[  242543ms] [LOG] [Fast Refresh] done in 24ms @ http://localhost:3111/_next/static/chunks/node_modules_next_dist_1e8vcs8._.js:776
[  242591ms] [LOG] [Fast Refresh] done in 24ms @ http://localhost:3111/_next/static/chunks/node_modules_next_dist_1e8vcs8._.js:776
[  242639ms] [LOG] [Fast Refresh] done in 24ms @ http://localhost:3111/_next/static/chunks/node_modules_next_dist_1e8vcs8._.js:776
[  242686ms] [LOG] [Fast Refresh] done in 24ms @ http://localhost:3111/_next/static/chunks/node_modules_next_dist_1e8vcs8._.js:776
[  242750ms] [LOG] [Fast Refresh] done in 24ms @ http://localhost:3111/_next/static/chunks/node_modules_next_dist_1e8vcs8._.js:776
[  242814ms] [LOG] [Fast Refresh] done in 24ms @ http://localhost:3111/_next/static/chunks/node_modules_next_dist_1e8vcs8._.js:776
[  242877ms] [LOG] [Fast Refresh] done in 24ms @ http://localhost:3111/_next/static/chunks/node_modules_next_dist_1e8vcs8._.js:776
[  242940ms] [LOG] [Fast Refresh] done in 24ms @ http://localhost:3111/_next/static/chunks/node_modules_next_dist_1e8vcs8._.js:776
[  242993ms] [LOG] [Fast Refresh] done in 24ms @ http://localhost:3111/_next/static/chunks/node_modules_next_dist_1e8vcs8._.js:776
[  243042ms] [LOG] [Fast Refresh] done in 24ms @ http://localhost:3111/_next/static/chunks/node_modules_next_dist_1e8vcs8._.js:776
[  243105ms] [LOG] [Fast Refresh] done in 24ms @ http://localhost:3111/_next/static/chunks/node_modules_next_dist_1e8vcs8._.js:776
[  243168ms] [LOG] [Fast Refresh] done in 24ms @ http://localhost:3111/_next/static/chunks/node_modules_next_dist_1e8vcs8._.js:776
[  243216ms] [LOG] [Fast Refresh] done in 24ms @ http://localhost:3111/_next/static/chunks/node_modules_next_dist_1e8vcs8._.js:776
[  243279ms] [LOG] [Fast Refresh] done in 24ms @ http://localhost:3111/_next/static/chunks/node_modules_next_dist_1e8vcs8._.js:776
[  243343ms] [LOG] [Fast Refresh] done in 24ms @ http://localhost:3111/_next/static/chunks/node_modules_next_dist_1e8vcs8._.js:776
[  243390ms] [LOG] [Fast Refresh] done in 24ms @ http://localhost:3111/_next/static/chunks/node_modules_next_dist_1e8vcs8._.js:776
[  243453ms] [LOG] [Fast Refresh] done in 24ms @ http://localhost:3111/_next/static/chunks/node_modules_next_dist_1e8vcs8._.js:776
[  243509ms] [LOG] [Fast Refresh] done in 24ms @ http://localhost:3111/_next/static/chunks/node_modules_next_dist_1e8vcs8._.js:776
[  243559ms] [LOG] [Fast Refresh] done in 24ms @ http://localhost:3111/_next/static/chunks/node_modules_next_dist_1e8vcs8._.js:776
[  243622ms] [LOG] [Fast Refresh] done in 24ms @ http://localhost:3111/_next/static/chunks/node_modules_next_dist_1e8vcs8._.js:776
[  243669ms] [LOG] [Fast Refresh] done in 24ms @ http://localhost:3111/_next/static/chunks/node_modules_next_dist_1e8vcs8._.js:776
[  243717ms] [LOG] [Fast Refresh] done in 24ms @ http://localhost:3111/_next/static/chunks/node_modules_next_dist_1e8vcs8._.js:776
[  243780ms] [LOG] [Fast Refresh] done in 24ms @ http://localhost:3111/_next/static/chunks/node_modules_next_dist_1e8vcs8._.js:776
[  243844ms] [LOG] [Fast Refresh] done in 24ms @ http://localhost:3111/_next/static/chunks/node_modules_next_dist_1e8vcs8._.js:776
[  243907ms] [LOG] [Fast Refresh] done in 24ms @ http://localhost:3111/_next/static/chunks/node_modules_next_dist_1e8vcs8._.js:776
[  243955ms] [LOG] [Fast Refresh] done in 24ms @ http://localhost:3111/_next/static/chunks/node_modules_next_dist_1e8vcs8._.js:776
[  244008ms] [LOG] [Fast Refresh] done in 24ms @ http://localhost:3111/_next/static/chunks/node_modules_next_dist_1e8vcs8._.js:776
[  244060ms] [LOG] [Fast Refresh] done in 24ms @ http://localhost:3111/_next/static/chunks/node_modules_next_dist_1e8vcs8._.js:776
[  244123ms] [LOG] [Fast Refresh] done in 24ms @ http://localhost:3111/_next/static/chunks/node_modules_next_dist_1e8vcs8._.js:776
[  244187ms] [LOG] [Fast Refresh] done in 24ms @ http://localhost:3111/_next/static/chunks/node_modules_next_dist_1e8vcs8._.js:776
[  244250ms] [LOG] [Fast Refresh] done in 24ms @ http://localhost:3111/_next/static/chunks/node_modules_next_dist_1e8vcs8._.js:776
[  244298ms] [LOG] [Fast Refresh] done in 24ms @ http://localhost:3111/_next/static/chunks/node_modules_next_dist_1e8vcs8._.js:776
[  244361ms] [LOG] [Fast Refresh] done in 24ms @ http://localhost:3111/_next/static/chunks/node_modules_next_dist_1e8vcs8._.js:776
[  244424ms] [LOG] [Fast Refresh] done in 24ms @ http://localhost:3111/_next/static/chunks/node_modules_next_dist_1e8vcs8._.js:776
[  244487ms] [LOG] [Fast Refresh] done in 24ms @ http://localhost:3111/_next/static/chunks/node_modules_next_dist_1e8vcs8._.js:776
[  244544ms] [LOG] [Fast Refresh] done in 24ms @ http://localhost:3111/_next/static/chunks/node_modules_next_dist_1e8vcs8._.js:776
[  244607ms] [LOG] [Fast Refresh] done in 24ms @ http://localhost:3111/_next/static/chunks/node_modules_next_dist_1e8vcs8._.js:776
[  244670ms] [LOG] [Fast Refresh] done in 24ms @ http://localhost:3111/_next/static/chunks/node_modules_next_dist_1e8vcs8._.js:776
[  244734ms] [LOG] [Fast Refresh] done in 24ms @ http://localhost:3111/_next/static/chunks/node_modules_next_dist_1e8vcs8._.js:776
[  244797ms] [LOG] [Fast Refresh] done in 24ms @ http://localhost:3111/_next/static/chunks/node_modules_next_dist_1e8vcs8._.js:776
[  244860ms] [LOG] [Fast Refresh] done in 24ms @ http://localhost:3111/_next/static/chunks/node_modules_next_dist_1e8vcs8._.js:776
[  244907ms] [LOG] [Fast Refresh] done in 24ms @ http://localhost:3111/_next/static/chunks/node_modules_next_dist_1e8vcs8._.js:776
[  244956ms] [LOG] [Fast Refresh] done in 24ms @ http://localhost:3111/_next/static/chunks/node_modules_next_dist_1e8vcs8._.js:776
[  245020ms] [LOG] [Fast Refresh] done in 24ms @ http://localhost:3111/_next/static/chunks/node_modules_next_dist_1e8vcs8._.js:776
[  245075ms] [LOG] [Fast Refresh] done in 24ms @ http://localhost:3111/_next/static/chunks/node_modules_next_dist_1e8vcs8._.js:776
[  245122ms] [LOG] [Fast Refresh] done in 24ms @ http://localhost:3111/_next/static/chunks/node_modules_next_dist_1e8vcs8._.js:776
[  245187ms] [LOG] [Fast Refresh] done in 24ms @ http://localhost:3111/_next/static/chunks/node_modules_next_dist_1e8vcs8._.js:776
[  245234ms] [LOG] [Fast Refresh] done in 24ms @ http://localhost:3111/_next/static/chunks/node_modules_next_dist_1e8vcs8._.js:776
[  245282ms] [LOG] [Fast Refresh] done in 24ms @ http://localhost:3111/_next/static/chunks/node_modules_next_dist_1e8vcs8._.js:776
[  245345ms] [LOG] [Fast Refresh] done in 24ms @ http://localhost:3111/_next/static/chunks/node_modules_next_dist_1e8vcs8._.js:776
[  245409ms] [LOG] [Fast Refresh] done in 24ms @ http://localhost:3111/_next/static/chunks/node_modules_next_dist_1e8vcs8._.js:776
[  245456ms] [LOG] [Fast Refresh] done in 24ms @ http://localhost:3111/_next/static/chunks/node_modules_next_dist_1e8vcs8._.js:776
[  245509ms] [LOG] [Fast Refresh] done in 24ms @ http://localhost:3111/_next/static/chunks/node_modules_next_dist_1e8vcs8._.js:776
[  245559ms] [LOG] [Fast Refresh] done in 24ms @ http://localhost:3111/_next/static/chunks/node_modules_next_dist_1e8vcs8._.js:776
[  245606ms] [LOG] [Fast Refresh] done in 24ms @ http://localhost:3111/_next/static/chunks/node_modules_next_dist_1e8vcs8._.js:776
[  245670ms] [LOG] [Fast Refresh] done in 24ms @ http://localhost:3111/_next/static/chunks/node_modules_next_dist_1e8vcs8._.js:776
[  245717ms] [LOG] [Fast Refresh] done in 24ms @ http://localhost:3111/_next/static/chunks/node_modules_next_dist_1e8vcs8._.js:776
[  245765ms] [LOG] [Fast Refresh] done in 24ms @ http://localhost:3111/_next/static/chunks/node_modules_next_dist_1e8vcs8._.js:776
[  245828ms] [LOG] [Fast Refresh] done in 24ms @ http://localhost:3111/_next/static/chunks/node_modules_next_dist_1e8vcs8._.js:776
[  245877ms] [LOG] [Fast Refresh] done in 24ms @ http://localhost:3111/_next/static/chunks/node_modules_next_dist_1e8vcs8._.js:776
[  245924ms] [LOG] [Fast Refresh] done in 24ms @ http://localhost:3111/_next/static/chunks/node_modules_next_dist_1e8vcs8._.js:776
[  245972ms] [LOG] [Fast Refresh] done in 24ms @ http://localhost:3111/_next/static/chunks/node_modules_next_dist_1e8vcs8._.js:776
[  246025ms] [LOG] [Fast Refresh] done in 24ms @ http://localhost:3111/_next/static/chunks/node_modules_next_dist_1e8vcs8._.js:776
[  246076ms] [LOG] [Fast Refresh] done in 24ms @ http://localhost:3111/_next/static/chunks/node_modules_next_dist_1e8vcs8._.js:776
[  246138ms] [LOG] [Fast Refresh] done in 24ms @ http://localhost:3111/_next/static/chunks/node_modules_next_dist_1e8vcs8._.js:776
[  246187ms] [LOG] [Fast Refresh] done in 24ms @ http://localhost:3111/_next/static/chunks/node_modules_next_dist_1e8vcs8._.js:776
[  246249ms] [LOG] [Fast Refresh] done in 24ms @ http://localhost:3111/_next/static/chunks/node_modules_next_dist_1e8vcs8._.js:776
[  246312ms] [LOG] [Fast Refresh] done in 24ms @ http://localhost:3111/_next/static/chunks/node_modules_next_dist_1e8vcs8._.js:776
[  246376ms] [LOG] [Fast Refresh] done in 24ms @ http://localhost:3111/_next/static/chunks/node_modules_next_dist_1e8vcs8._.js:776
[  246424ms] [LOG] [Fast Refresh] done in 24ms @ http://localhost:3111/_next/static/chunks/node_modules_next_dist_1e8vcs8._.js:776
[  246471ms] [LOG] [Fast Refresh] done in 24ms @ http://localhost:3111/_next/static/chunks/node_modules_next_dist_1e8vcs8._.js:776
[  246509ms] [LOG] [Fast Refresh] done in 24ms @ http://localhost:3111/_next/static/chunks/node_modules_next_dist_1e8vcs8._.js:776
[  246557ms] [LOG] [Fast Refresh] done in 24ms @ http://localhost:3111/_next/static/chunks/node_modules_next_dist_1e8vcs8._.js:776
[  246605ms] [LOG] [Fast Refresh] done in 24ms @ http://localhost:3111/_next/static/chunks/node_modules_next_dist_1e8vcs8._.js:776
[  246652ms] [LOG] [Fast Refresh] done in 24ms @ http://localhost:3111/_next/static/chunks/node_modules_next_dist_1e8vcs8._.js:776
[  246699ms] [LOG] [Fast Refresh] done in 24ms @ http://localhost:3111/_next/static/chunks/node_modules_next_dist_1e8vcs8._.js:776
[  246747ms] [LOG] [Fast Refresh] done in 24ms @ http://localhost:3111/_next/static/chunks/node_modules_next_dist_1e8vcs8._.js:776
[  246794ms] [LOG] [Fast Refresh] done in 24ms @ http://localhost:3111/_next/static/chunks/node_modules_next_dist_1e8vcs8._.js:776
[  246858ms] [LOG] [Fast Refresh] done in 24ms @ http://localhost:3111/_next/static/chunks/node_modules_next_dist_1e8vcs8._.js:776
[  246905ms] [LOG] [Fast Refresh] done in 24ms @ http://localhost:3111/_next/static/chunks/node_modules_next_dist_1e8vcs8._.js:776
[  246953ms] [LOG] [Fast Refresh] done in 24ms @ http://localhost:3111/_next/static/chunks/node_modules_next_dist_1e8vcs8._.js:776
[  247010ms] [LOG] [Fast Refresh] done in 24ms @ http://localhost:3111/_next/static/chunks/node_modules_next_dist_1e8vcs8._.js:776
[  247058ms] [LOG] [Fast Refresh] done in 24ms @ http://localhost:3111/_next/static/chunks/node_modules_next_dist_1e8vcs8._.js:776
[  247121ms] [LOG] [Fast Refresh] done in 24ms @ http://localhost:3111/_next/static/chunks/node_modules_next_dist_1e8vcs8._.js:776
[  247184ms] [LOG] [Fast Refresh] done in 24ms @ http://localhost:3111/_next/static/chunks/node_modules_next_dist_1e8vcs8._.js:776
[  247247ms] [LOG] [Fast Refresh] done in 24ms @ http://localhost:3111/_next/static/chunks/node_modules_next_dist_1e8vcs8._.js:776
[  247310ms] [LOG] [Fast Refresh] done in 24ms @ http://localhost:3111/_next/static/chunks/node_modules_next_dist_1e8vcs8._.js:776
[  247358ms] [LOG] [Fast Refresh] done in 24ms @ http://localhost:3111/_next/static/chunks/node_modules_next_dist_1e8vcs8._.js:776
[  247421ms] [LOG] [Fast Refresh] done in 24ms @ http://localhost:3111/_next/static/chunks/node_modules_next_dist_1e8vcs8._.js:776
[  247476ms] [LOG] [Fast Refresh] done in 24ms @ http://localhost:3111/_next/static/chunks/node_modules_next_dist_1e8vcs8._.js:776
[  247526ms] [LOG] [Fast Refresh] done in 24ms @ http://localhost:3111/_next/static/chunks/node_modules_next_dist_1e8vcs8._.js:776
[  247574ms] [LOG] [Fast Refresh] done in 24ms @ http://localhost:3111/_next/static/chunks/node_modules_next_dist_1e8vcs8._.js:776
[  247623ms] [LOG] [Fast Refresh] done in 24ms @ http://localhost:3111/_next/static/chunks/node_modules_next_dist_1e8vcs8._.js:776
[  247670ms] [LOG] [Fast Refresh] done in 24ms @ http://localhost:3111/_next/static/chunks/node_modules_next_dist_1e8vcs8._.js:776
[  247718ms] [LOG] [Fast Refresh] done in 24ms @ http://localhost:3111/_next/static/chunks/node_modules_next_dist_1e8vcs8._.js:776
[  247766ms] [LOG] [Fast Refresh] done in 24ms @ http://localhost:3111/_next/static/chunks/node_modules_next_dist_1e8vcs8._.js:776
[  247814ms] [LOG] [Fast Refresh] done in 24ms @ http://localhost:3111/_next/static/chunks/node_modules_next_dist_1e8vcs8._.js:776
[  247876ms] [LOG] [Fast Refresh] done in 24ms @ http://localhost:3111/_next/static/chunks/node_modules_next_dist_1e8vcs8._.js:776
[  247939ms] [LOG] [Fast Refresh] done in 24ms @ http://localhost:3111/_next/static/chunks/node_modules_next_dist_1e8vcs8._.js:776
[  247991ms] [LOG] [Fast Refresh] done in 24ms @ http://localhost:3111/_next/static/chunks/node_modules_next_dist_1e8vcs8._.js:776
[  248041ms] [LOG] [Fast Refresh] done in 24ms @ http://localhost:3111/_next/static/chunks/node_modules_next_dist_1e8vcs8._.js:776
[  248089ms] [LOG] [Fast Refresh] done in 24ms @ http://localhost:3111/_next/static/chunks/node_modules_next_dist_1e8vcs8._.js:776
[  248152ms] [LOG] [Fast Refresh] done in 24ms @ http://localhost:3111/_next/static/chunks/node_modules_next_dist_1e8vcs8._.js:776
[  248215ms] [LOG] [Fast Refresh] done in 24ms @ http://localhost:3111/_next/static/chunks/node_modules_next_dist_1e8vcs8._.js:776
[  248262ms] [LOG] [Fast Refresh] done in 24ms @ http://localhost:3111/_next/static/chunks/node_modules_next_dist_1e8vcs8._.js:776
[  248309ms] [LOG] [Fast Refresh] done in 24ms @ http://localhost:3111/_next/static/chunks/node_modules_next_dist_1e8vcs8._.js:776
[  248356ms] [LOG] [Fast Refresh] done in 24ms @ http://localhost:3111/_next/static/chunks/node_modules_next_dist_1e8vcs8._.js:776
[  248419ms] [LOG] [Fast Refresh] done in 24ms @ http://localhost:3111/_next/static/chunks/node_modules_next_dist_1e8vcs8._.js:776
[  248466ms] [LOG] [Fast Refresh] done in 24ms @ http://localhost:3111/_next/static/chunks/node_modules_next_dist_1e8vcs8._.js:776
[  248526ms] [LOG] [Fast Refresh] done in 24ms @ http://localhost:3111/_next/static/chunks/node_modules_next_dist_1e8vcs8._.js:776
[  248589ms] [LOG] [Fast Refresh] done in 24ms @ http://localhost:3111/_next/static/chunks/node_modules_next_dist_1e8vcs8._.js:776
[  248652ms] [LOG] [Fast Refresh] done in 24ms @ http://localhost:3111/_next/static/chunks/node_modules_next_dist_1e8vcs8._.js:776
[  248700ms] [LOG] [Fast Refresh] done in 24ms @ http://localhost:3111/_next/static/chunks/node_modules_next_dist_1e8vcs8._.js:776
[  248763ms] [LOG] [Fast Refresh] done in 24ms @ http://localhost:3111/_next/static/chunks/node_modules_next_dist_1e8vcs8._.js:776
[  248811ms] [LOG] [Fast Refresh] done in 24ms @ http://localhost:3111/_next/static/chunks/node_modules_next_dist_1e8vcs8._.js:776
[  248859ms] [LOG] [Fast Refresh] done in 24ms @ http://localhost:3111/_next/static/chunks/node_modules_next_dist_1e8vcs8._.js:776
[  248923ms] [LOG] [Fast Refresh] done in 24ms @ http://localhost:3111/_next/static/chunks/node_modules_next_dist_1e8vcs8._.js:776
[  248976ms] [LOG] [Fast Refresh] done in 24ms @ http://localhost:3111/_next/static/chunks/node_modules_next_dist_1e8vcs8._.js:776
[  249026ms] [LOG] [Fast Refresh] done in 24ms @ http://localhost:3111/_next/static/chunks/node_modules_next_dist_1e8vcs8._.js:776
[  249090ms] [LOG] [Fast Refresh] done in 24ms @ http://localhost:3111/_next/static/chunks/node_modules_next_dist_1e8vcs8._.js:776
[  249138ms] [LOG] [Fast Refresh] done in 24ms @ http://localhost:3111/_next/static/chunks/node_modules_next_dist_1e8vcs8._.js:776
[  249201ms] [LOG] [Fast Refresh] done in 24ms @ http://localhost:3111/_next/static/chunks/node_modules_next_dist_1e8vcs8._.js:776
[  249248ms] [LOG] [Fast Refresh] done in 24ms @ http://localhost:3111/_next/static/chunks/node_modules_next_dist_1e8vcs8._.js:776
[  249310ms] [LOG] [Fast Refresh] done in 24ms @ http://localhost:3111/_next/static/chunks/node_modules_next_dist_1e8vcs8._.js:776
[  249373ms] [LOG] [Fast Refresh] done in 24ms @ http://localhost:3111/_next/static/chunks/node_modules_next_dist_1e8vcs8._.js:776
[  251620ms] [INFO] %cDownload the React DevTools for a better development experience: https://react.dev/link/react-devtools font-weight:bold @ http://localhost:3111/_next/static/chunks/node_modules_next_dist_1e8vcs8._.js:776
[  251642ms] [LOG] [HMR] connected @ http://localhost:3111/_next/static/chunks/node_modules_next_dist_1e8vcs8._.js:776
[  389647ms] [LOG] [Fast Refresh] rebuilding @ http://localhost:3111/_next/static/chunks/node_modules_next_dist_1e8vcs8._.js:776
[  389710ms] [LOG] [Fast Refresh] done in 19ms @ http://localhost:3111/_next/static/chunks/node_modules_next_dist_1e8vcs8._.js:776
[  389783ms] [LOG] [Fast Refresh] done in 19ms @ http://localhost:3111/_next/static/chunks/node_modules_next_dist_1e8vcs8._.js:776
[  389832ms] [LOG] [Fast Refresh] done in 19ms @ http://localhost:3111/_next/static/chunks/node_modules_next_dist_1e8vcs8._.js:776
[  389882ms] [LOG] [Fast Refresh] done in 19ms @ http://localhost:3111/_next/static/chunks/node_modules_next_dist_1e8vcs8._.js:776
[  389929ms] [LOG] [Fast Refresh] done in 19ms @ http://localhost:3111/_next/static/chunks/node_modules_next_dist_1e8vcs8._.js:776
[  389979ms] [LOG] [Fast Refresh] done in 19ms @ http://localhost:3111/_next/static/chunks/node_modules_next_dist_1e8vcs8._.js:776
[  390027ms] [LOG] [Fast Refresh] done in 19ms @ http://localhost:3111/_next/static/chunks/node_modules_next_dist_1e8vcs8._.js:776
[  390078ms] [LOG] [Fast Refresh] done in 19ms @ http://localhost:3111/_next/static/chunks/node_modules_next_dist_1e8vcs8._.js:776
[  390146ms] [LOG] [Fast Refresh] done in 19ms @ http://localhost:3111/_next/static/chunks/node_modules_next_dist_1e8vcs8._.js:776
[  390196ms] [LOG] [Fast Refresh] done in 19ms @ http://localhost:3111/_next/static/chunks/node_modules_next_dist_1e8vcs8._.js:776
[  390247ms] [LOG] [Fast Refresh] done in 19ms @ http://localhost:3111/_next/static/chunks/node_modules_next_dist_1e8vcs8._.js:776
[  390316ms] [LOG] [Fast Refresh] done in 19ms @ http://localhost:3111/_next/static/chunks/node_modules_next_dist_1e8vcs8._.js:776
[  390364ms] [LOG] [Fast Refresh] done in 19ms @ http://localhost:3111/_next/static/chunks/node_modules_next_dist_1e8vcs8._.js:776
[  390413ms] [LOG] [Fast Refresh] done in 19ms @ http://localhost:3111/_next/static/chunks/node_modules_next_dist_1e8vcs8._.js:776
[  390462ms] [LOG] [Fast Refresh] done in 19ms @ http://localhost:3111/_next/static/chunks/node_modules_next_dist_1e8vcs8._.js:776
[  390529ms] [LOG] [Fast Refresh] done in 19ms @ http://localhost:3111/_next/static/chunks/node_modules_next_dist_1e8vcs8._.js:776
[  390579ms] [LOG] [Fast Refresh] done in 19ms @ http://localhost:3111/_next/static/chunks/node_modules_next_dist_1e8vcs8._.js:776
[  390629ms] [LOG] [Fast Refresh] done in 19ms @ http://localhost:3111/_next/static/chunks/node_modules_next_dist_1e8vcs8._.js:776
[  390683ms] [LOG] [Fast Refresh] done in 19ms @ http://localhost:3111/_next/static/chunks/node_modules_next_dist_1e8vcs8._.js:776
[  390735ms] [LOG] [Fast Refresh] done in 19ms @ http://localhost:3111/_next/static/chunks/node_modules_next_dist_1e8vcs8._.js:776
[  390797ms] [LOG] [Fast Refresh] done in 19ms @ http://localhost:3111/_next/static/chunks/node_modules_next_dist_1e8vcs8._.js:776
[  390865ms] [LOG] [Fast Refresh] done in 19ms @ http://localhost:3111/_next/static/chunks/node_modules_next_dist_1e8vcs8._.js:776
[  390913ms] [LOG] [Fast Refresh] done in 19ms @ http://localhost:3111/_next/static/chunks/node_modules_next_dist_1e8vcs8._.js:776
[  390962ms] [LOG] [Fast Refresh] done in 19ms @ http://localhost:3111/_next/static/chunks/node_modules_next_dist_1e8vcs8._.js:776
[  391015ms] [LOG] [Fast Refresh] done in 19ms @ http://localhost:3111/_next/static/chunks/node_modules_next_dist_1e8vcs8._.js:776
[  391062ms] [LOG] [Fast Refresh] done in 19ms @ http://localhost:3111/_next/static/chunks/node_modules_next_dist_1e8vcs8._.js:776
[  391112ms] [LOG] [Fast Refresh] done in 19ms @ http://localhost:3111/_next/static/chunks/node_modules_next_dist_1e8vcs8._.js:776
[  391179ms] [LOG] [Fast Refresh] done in 19ms @ http://localhost:3111/_next/static/chunks/node_modules_next_dist_1e8vcs8._.js:776
[  391229ms] [LOG] [Fast Refresh] done in 19ms @ http://localhost:3111/_next/static/chunks/node_modules_next_dist_1e8vcs8._.js:776
[  391279ms] [LOG] [Fast Refresh] done in 19ms @ http://localhost:3111/_next/static/chunks/node_modules_next_dist_1e8vcs8._.js:776
[  391345ms] [LOG] [Fast Refresh] done in 19ms @ http://localhost:3111/_next/static/chunks/node_modules_next_dist_1e8vcs8._.js:776
[  391415ms] [LOG] [Fast Refresh] done in 19ms @ http://localhost:3111/_next/static/chunks/node_modules_next_dist_1e8vcs8._.js:776
[  391480ms] [LOG] [Fast Refresh] done in 19ms @ http://localhost:3111/_next/static/chunks/node_modules_next_dist_1e8vcs8._.js:776
[  391545ms] [LOG] [Fast Refresh] done in 19ms @ http://localhost:3111/_next/static/chunks/node_modules_next_dist_1e8vcs8._.js:776
[  391596ms] [LOG] [Fast Refresh] done in 19ms @ http://localhost:3111/_next/static/chunks/node_modules_next_dist_1e8vcs8._.js:776
[  391650ms] [LOG] [Fast Refresh] done in 19ms @ http://localhost:3111/_next/static/chunks/node_modules_next_dist_1e8vcs8._.js:776
[  391697ms] [LOG] [Fast Refresh] done in 19ms @ http://localhost:3111/_next/static/chunks/node_modules_next_dist_1e8vcs8._.js:776
[  391748ms] [LOG] [Fast Refresh] done in 19ms @ http://localhost:3111/_next/static/chunks/node_modules_next_dist_1e8vcs8._.js:776
[  391796ms] [LOG] [Fast Refresh] done in 19ms @ http://localhost:3111/_next/static/chunks/node_modules_next_dist_1e8vcs8._.js:776
[  391852ms] [LOG] [Fast Refresh] done in 19ms @ http://localhost:3111/_next/static/chunks/node_modules_next_dist_1e8vcs8._.js:776
[  391913ms] [LOG] [Fast Refresh] done in 19ms @ http://localhost:3111/_next/static/chunks/node_modules_next_dist_1e8vcs8._.js:776
[  391963ms] [LOG] [Fast Refresh] done in 19ms @ http://localhost:3111/_next/static/chunks/node_modules_next_dist_1e8vcs8._.js:776
[  392012ms] [LOG] [Fast Refresh] done in 19ms @ http://localhost:3111/_next/static/chunks/node_modules_next_dist_1e8vcs8._.js:776
[  392063ms] [LOG] [Fast Refresh] done in 19ms @ http://localhost:3111/_next/static/chunks/node_modules_next_dist_1e8vcs8._.js:776
[  392115ms] [LOG] [Fast Refresh] done in 19ms @ http://localhost:3111/_next/static/chunks/node_modules_next_dist_1e8vcs8._.js:776
[  392166ms] [LOG] [Fast Refresh] done in 19ms @ http://localhost:3111/_next/static/chunks/node_modules_next_dist_1e8vcs8._.js:776
[  392213ms] [LOG] [Fast Refresh] done in 19ms @ http://localhost:3111/_next/static/chunks/node_modules_next_dist_1e8vcs8._.js:776
[  392263ms] [LOG] [Fast Refresh] done in 19ms @ http://localhost:3111/_next/static/chunks/node_modules_next_dist_1e8vcs8._.js:776
[  392316ms] [LOG] [Fast Refresh] done in 19ms @ http://localhost:3111/_next/static/chunks/node_modules_next_dist_1e8vcs8._.js:776
[  392362ms] [LOG] [Fast Refresh] done in 19ms @ http://localhost:3111/_next/static/chunks/node_modules_next_dist_1e8vcs8._.js:776
[  392420ms] [LOG] [Fast Refresh] done in 19ms @ http://localhost:3111/_next/static/chunks/node_modules_next_dist_1e8vcs8._.js:776
[  392512ms] [LOG] [Fast Refresh] done in 19ms @ http://localhost:3111/_next/static/chunks/node_modules_next_dist_1e8vcs8._.js:776
[  392591ms] [LOG] [Fast Refresh] done in 19ms @ http://localhost:3111/_next/static/chunks/node_modules_next_dist_1e8vcs8._.js:776
[  392806ms] [LOG] [Fast Refresh] done in 19ms @ http://localhost:3111/_next/static/chunks/node_modules_next_dist_1e8vcs8._.js:776
[  392914ms] [LOG] [Fast Refresh] done in 19ms @ http://localhost:3111/_next/static/chunks/node_modules_next_dist_1e8vcs8._.js:776
[  392976ms] [LOG] [Fast Refresh] done in 19ms @ http://localhost:3111/_next/static/chunks/node_modules_next_dist_1e8vcs8._.js:776
[  393026ms] [LOG] [Fast Refresh] done in 19ms @ http://localhost:3111/_next/static/chunks/node_modules_next_dist_1e8vcs8._.js:776
[  393080ms] [LOG] [Fast Refresh] done in 19ms @ http://localhost:3111/_next/static/chunks/node_modules_next_dist_1e8vcs8._.js:776
[  393129ms] [LOG] [Fast Refresh] done in 19ms @ http://localhost:3111/_next/static/chunks/node_modules_next_dist_1e8vcs8._.js:776
[  393181ms] [LOG] [Fast Refresh] done in 19ms @ http://localhost:3111/_next/static/chunks/node_modules_next_dist_1e8vcs8._.js:776
[  393228ms] [LOG] [Fast Refresh] done in 19ms @ http://localhost:3111/_next/static/chunks/node_modules_next_dist_1e8vcs8._.js:776
[  393279ms] [LOG] [Fast Refresh] done in 19ms @ http://localhost:3111/_next/static/chunks/node_modules_next_dist_1e8vcs8._.js:776
[  393329ms] [LOG] [Fast Refresh] done in 19ms @ http://localhost:3111/_next/static/chunks/node_modules_next_dist_1e8vcs8._.js:776
[  393380ms] [LOG] [Fast Refresh] done in 19ms @ http://localhost:3111/_next/static/chunks/node_modules_next_dist_1e8vcs8._.js:776
[  393430ms] [LOG] [Fast Refresh] done in 19ms @ http://localhost:3111/_next/static/chunks/node_modules_next_dist_1e8vcs8._.js:776
[  393482ms] [LOG] [Fast Refresh] done in 19ms @ http://localhost:3111/_next/static/chunks/node_modules_next_dist_1e8vcs8._.js:776
[  393543ms] [LOG] [Fast Refresh] done in 19ms @ http://localhost:3111/_next/static/chunks/node_modules_next_dist_1e8vcs8._.js:776
[  393580ms] [LOG] [Fast Refresh] done in 19ms @ http://localhost:3111/_next/static/chunks/node_modules_next_dist_1e8vcs8._.js:776
[  393629ms] [LOG] [Fast Refresh] done in 19ms @ http://localhost:3111/_next/static/chunks/node_modules_next_dist_1e8vcs8._.js:776
[  393678ms] [LOG] [Fast Refresh] done in 19ms @ http://localhost:3111/_next/static/chunks/node_modules_next_dist_1e8vcs8._.js:776
[  393729ms] [LOG] [Fast Refresh] done in 19ms @ http://localhost:3111/_next/static/chunks/node_modules_next_dist_1e8vcs8._.js:776
[  393779ms] [LOG] [Fast Refresh] done in 19ms @ http://localhost:3111/_next/static/chunks/node_modules_next_dist_1e8vcs8._.js:776
[  393831ms] [LOG] [Fast Refresh] done in 19ms @ http://localhost:3111/_next/static/chunks/node_modules_next_dist_1e8vcs8._.js:776
[  393881ms] [LOG] [Fast Refresh] done in 19ms @ http://localhost:3111/_next/static/chunks/node_modules_next_dist_1e8vcs8._.js:776
[  393943ms] [LOG] [Fast Refresh] done in 19ms @ http://localhost:3111/_next/static/chunks/node_modules_next_dist_1e8vcs8._.js:776
[  394010ms] [LOG] [Fast Refresh] done in 19ms @ http://localhost:3111/_next/static/chunks/node_modules_next_dist_1e8vcs8._.js:776
[  394063ms] [LOG] [Fast Refresh] done in 19ms @ http://localhost:3111/_next/static/chunks/node_modules_next_dist_1e8vcs8._.js:776
[  394113ms] [LOG] [Fast Refresh] done in 19ms @ http://localhost:3111/_next/static/chunks/node_modules_next_dist_1e8vcs8._.js:776
[  394178ms] [LOG] [Fast Refresh] done in 19ms @ http://localhost:3111/_next/static/chunks/node_modules_next_dist_1e8vcs8._.js:776
[  394231ms] [LOG] [Fast Refresh] done in 19ms @ http://localhost:3111/_next/static/chunks/node_modules_next_dist_1e8vcs8._.js:776
[  394279ms] [LOG] [Fast Refresh] done in 19ms @ http://localhost:3111/_next/static/chunks/node_modules_next_dist_1e8vcs8._.js:776
[  394345ms] [LOG] [Fast Refresh] done in 19ms @ http://localhost:3111/_next/static/chunks/node_modules_next_dist_1e8vcs8._.js:776
[  394396ms] [LOG] [Fast Refresh] done in 19ms @ http://localhost:3111/_next/static/chunks/node_modules_next_dist_1e8vcs8._.js:776
[  394445ms] [LOG] [Fast Refresh] done in 19ms @ http://localhost:3111/_next/static/chunks/node_modules_next_dist_1e8vcs8._.js:776
[  394510ms] [LOG] [Fast Refresh] done in 19ms @ http://localhost:3111/_next/static/chunks/node_modules_next_dist_1e8vcs8._.js:776
[  394547ms] [LOG] [Fast Refresh] done in 19ms @ http://localhost:3111/_next/static/chunks/node_modules_next_dist_1e8vcs8._.js:776
[  394595ms] [LOG] [Fast Refresh] done in 19ms @ http://localhost:3111/_next/static/chunks/node_modules_next_dist_1e8vcs8._.js:776
[  394648ms] [LOG] [Fast Refresh] done in 19ms @ http://localhost:3111/_next/static/chunks/node_modules_next_dist_1e8vcs8._.js:776
[  394696ms] [LOG] [Fast Refresh] done in 19ms @ http://localhost:3111/_next/static/chunks/node_modules_next_dist_1e8vcs8._.js:776
[  394745ms] [LOG] [Fast Refresh] done in 19ms @ http://localhost:3111/_next/static/chunks/node_modules_next_dist_1e8vcs8._.js:776
[  394796ms] [LOG] [Fast Refresh] done in 19ms @ http://localhost:3111/_next/static/chunks/node_modules_next_dist_1e8vcs8._.js:776
[  394861ms] [LOG] [Fast Refresh] done in 19ms @ http://localhost:3111/_next/static/chunks/node_modules_next_dist_1e8vcs8._.js:776
[  394914ms] [LOG] [Fast Refresh] done in 19ms @ http://localhost:3111/_next/static/chunks/node_modules_next_dist_1e8vcs8._.js:776
[  394965ms] [LOG] [Fast Refresh] done in 19ms @ http://localhost:3111/_next/static/chunks/node_modules_next_dist_1e8vcs8._.js:776
[  395014ms] [LOG] [Fast Refresh] done in 19ms @ http://localhost:3111/_next/static/chunks/node_modules_next_dist_1e8vcs8._.js:776
[  395063ms] [LOG] [Fast Refresh] done in 19ms @ http://localhost:3111/_next/static/chunks/node_modules_next_dist_1e8vcs8._.js:776
[  395111ms] [LOG] [Fast Refresh] done in 19ms @ http://localhost:3111/_next/static/chunks/node_modules_next_dist_1e8vcs8._.js:776
[  395163ms] [LOG] [Fast Refresh] done in 19ms @ http://localhost:3111/_next/static/chunks/node_modules_next_dist_1e8vcs8._.js:776
[  395215ms] [LOG] [Fast Refresh] done in 19ms @ http://localhost:3111/_next/static/chunks/node_modules_next_dist_1e8vcs8._.js:776
[  395262ms] [LOG] [Fast Refresh] done in 19ms @ http://localhost:3111/_next/static/chunks/node_modules_next_dist_1e8vcs8._.js:776
[  395311ms] [LOG] [Fast Refresh] done in 19ms @ http://localhost:3111/_next/static/chunks/node_modules_next_dist_1e8vcs8._.js:776
[  395363ms] [LOG] [Fast Refresh] done in 19ms @ http://localhost:3111/_next/static/chunks/node_modules_next_dist_1e8vcs8._.js:776
[  395412ms] [LOG] [Fast Refresh] done in 19ms @ http://localhost:3111/_next/static/chunks/node_modules_next_dist_1e8vcs8._.js:776
[  395462ms] [LOG] [Fast Refresh] done in 19ms @ http://localhost:3111/_next/static/chunks/node_modules_next_dist_1e8vcs8._.js:776
[  395545ms] [LOG] [Fast Refresh] done in 19ms @ http://localhost:3111/_next/static/chunks/node_modules_next_dist_1e8vcs8._.js:776
[  395622ms] [LOG] [Fast Refresh] done in 19ms @ http://localhost:3111/_next/static/chunks/node_modules_next_dist_1e8vcs8._.js:776
[  395684ms] [LOG] [Fast Refresh] done in 19ms @ http://localhost:3111/_next/static/chunks/node_modules_next_dist_1e8vcs8._.js:776
[  395773ms] [LOG] [Fast Refresh] done in 19ms @ http://localhost:3111/_next/static/chunks/node_modules_next_dist_1e8vcs8._.js:776
[  395830ms] [LOG] [Fast Refresh] done in 19ms @ http://localhost:3111/_next/static/chunks/node_modules_next_dist_1e8vcs8._.js:776
[  395893ms] [LOG] [Fast Refresh] done in 19ms @ http://localhost:3111/_next/static/chunks/node_modules_next_dist_1e8vcs8._.js:776
[  395942ms] [LOG] [Fast Refresh] done in 19ms @ http://localhost:3111/_next/static/chunks/node_modules_next_dist_1e8vcs8._.js:776
[  395993ms] [LOG] [Fast Refresh] done in 19ms @ http://localhost:3111/_next/static/chunks/node_modules_next_dist_1e8vcs8._.js:776
[  396056ms] [LOG] [Fast Refresh] done in 19ms @ http://localhost:3111/_next/static/chunks/node_modules_next_dist_1e8vcs8._.js:776
[  396157ms] [LOG] [Fast Refresh] done in 19ms @ http://localhost:3111/_next/static/chunks/node_modules_next_dist_1e8vcs8._.js:776
[  396200ms] [LOG] [Fast Refresh] done in 19ms @ http://localhost:3111/_next/static/chunks/node_modules_next_dist_1e8vcs8._.js:776
[  396250ms] [LOG] [Fast Refresh] done in 19ms @ http://localhost:3111/_next/static/chunks/node_modules_next_dist_1e8vcs8._.js:776
[  396299ms] [LOG] [Fast Refresh] done in 19ms @ http://localhost:3111/_next/static/chunks/node_modules_next_dist_1e8vcs8._.js:776
[  396360ms] [LOG] [Fast Refresh] done in 19ms @ http://localhost:3111/_next/static/chunks/node_modules_next_dist_1e8vcs8._.js:776
[  396418ms] [LOG] [Fast Refresh] done in 19ms @ http://localhost:3111/_next/static/chunks/node_modules_next_dist_1e8vcs8._.js:776
[  396483ms] [LOG] [Fast Refresh] done in 19ms @ http://localhost:3111/_next/static/chunks/node_modules_next_dist_1e8vcs8._.js:776
[  396553ms] [LOG] [Fast Refresh] done in 19ms @ http://localhost:3111/_next/static/chunks/node_modules_next_dist_1e8vcs8._.js:776
[  396636ms] [LOG] [Fast Refresh] done in 19ms @ http://localhost:3111/_next/static/chunks/node_modules_next_dist_1e8vcs8._.js:776
[  396683ms] [LOG] [Fast Refresh] done in 19ms @ http://localhost:3111/_next/static/chunks/node_modules_next_dist_1e8vcs8._.js:776
[  396732ms] [LOG] [Fast Refresh] done in 19ms @ http://localhost:3111/_next/static/chunks/node_modules_next_dist_1e8vcs8._.js:776
[  396780ms] [LOG] [Fast Refresh] done in 19ms @ http://localhost:3111/_next/static/chunks/node_modules_next_dist_1e8vcs8._.js:776
[  396829ms] [LOG] [Fast Refresh] done in 19ms @ http://localhost:3111/_next/static/chunks/node_modules_next_dist_1e8vcs8._.js:776
[  396878ms] [LOG] [Fast Refresh] done in 19ms @ http://localhost:3111/_next/static/chunks/node_modules_next_dist_1e8vcs8._.js:776
[  396929ms] [LOG] [Fast Refresh] done in 19ms @ http://localhost:3111/_next/static/chunks/node_modules_next_dist_1e8vcs8._.js:776
[  396979ms] [LOG] [Fast Refresh] done in 19ms @ http://localhost:3111/_next/static/chunks/node_modules_next_dist_1e8vcs8._.js:776
[  397029ms] [LOG] [Fast Refresh] done in 19ms @ http://localhost:3111/_next/static/chunks/node_modules_next_dist_1e8vcs8._.js:776
[  397079ms] [LOG] [Fast Refresh] done in 19ms @ http://localhost:3111/_next/static/chunks/node_modules_next_dist_1e8vcs8._.js:776
[  397130ms] [LOG] [Fast Refresh] done in 19ms @ http://localhost:3111/_next/static/chunks/node_modules_next_dist_1e8vcs8._.js:776
[  397179ms] [LOG] [Fast Refresh] done in 19ms @ http://localhost:3111/_next/static/chunks/node_modules_next_dist_1e8vcs8._.js:776
[  397228ms] [LOG] [Fast Refresh] done in 19ms @ http://localhost:3111/_next/static/chunks/node_modules_next_dist_1e8vcs8._.js:776
[  397278ms] [LOG] [Fast Refresh] done in 19ms @ http://localhost:3111/_next/static/chunks/node_modules_next_dist_1e8vcs8._.js:776
[  397329ms] [LOG] [Fast Refresh] done in 19ms @ http://localhost:3111/_next/static/chunks/node_modules_next_dist_1e8vcs8._.js:776
[  397380ms] [LOG] [Fast Refresh] done in 19ms @ http://localhost:3111/_next/static/chunks/node_modules_next_dist_1e8vcs8._.js:776
[  397430ms] [LOG] [Fast Refresh] done in 19ms @ http://localhost:3111/_next/static/chunks/node_modules_next_dist_1e8vcs8._.js:776
[  397530ms] [LOG] [Fast Refresh] done in 19ms @ http://localhost:3111/_next/static/chunks/node_modules_next_dist_1e8vcs8._.js:776
[  397579ms] [LOG] [Fast Refresh] done in 19ms @ http://localhost:3111/_next/static/chunks/node_modules_next_dist_1e8vcs8._.js:776
[  397629ms] [LOG] [Fast Refresh] done in 19ms @ http://localhost:3111/_next/static/chunks/node_modules_next_dist_1e8vcs8._.js:776
[  397678ms] [LOG] [Fast Refresh] done in 19ms @ http://localhost:3111/_next/static/chunks/node_modules_next_dist_1e8vcs8._.js:776
[  397728ms] [LOG] [Fast Refresh] done in 19ms @ http://localhost:3111/_next/static/chunks/node_modules_next_dist_1e8vcs8._.js:776
[  397780ms] [LOG] [Fast Refresh] done in 19ms @ http://localhost:3111/_next/static/chunks/node_modules_next_dist_1e8vcs8._.js:776
[  397828ms] [LOG] [Fast Refresh] done in 19ms @ http://localhost:3111/_next/static/chunks/node_modules_next_dist_1e8vcs8._.js:776
[  397878ms] [LOG] [Fast Refresh] done in 19ms @ http://localhost:3111/_next/static/chunks/node_modules_next_dist_1e8vcs8._.js:776
[  397929ms] [LOG] [Fast Refresh] done in 19ms @ http://localhost:3111/_next/static/chunks/node_modules_next_dist_1e8vcs8._.js:776
[  397978ms] [LOG] [Fast Refresh] done in 19ms @ http://localhost:3111/_next/static/chunks/node_modules_next_dist_1e8vcs8._.js:776
[  398028ms] [LOG] [Fast Refresh] done in 19ms @ http://localhost:3111/_next/static/chunks/node_modules_next_dist_1e8vcs8._.js:776
[  398095ms] [LOG] [Fast Refresh] done in 19ms @ http://localhost:3111/_next/static/chunks/node_modules_next_dist_1e8vcs8._.js:776
[  398147ms] [LOG] [Fast Refresh] done in 19ms @ http://localhost:3111/_next/static/chunks/node_modules_next_dist_1e8vcs8._.js:776
[  398197ms] [LOG] [Fast Refresh] done in 19ms @ http://localhost:3111/_next/static/chunks/node_modules_next_dist_1e8vcs8._.js:776
[  398245ms] [LOG] [Fast Refresh] done in 19ms @ http://localhost:3111/_next/static/chunks/node_modules_next_dist_1e8vcs8._.js:776
[  398297ms] [LOG] [Fast Refresh] done in 19ms @ http://localhost:3111/_next/static/chunks/node_modules_next_dist_1e8vcs8._.js:776
[  398344ms] [LOG] [Fast Refresh] done in 19ms @ http://localhost:3111/_next/static/chunks/node_modules_next_dist_1e8vcs8._.js:776
[  398394ms] [LOG] [Fast Refresh] done in 19ms @ http://localhost:3111/_next/static/chunks/node_modules_next_dist_1e8vcs8._.js:776
[  398445ms] [LOG] [Fast Refresh] done in 19ms @ http://localhost:3111/_next/static/chunks/node_modules_next_dist_1e8vcs8._.js:776
[  398494ms] [LOG] [Fast Refresh] done in 19ms @ http://localhost:3111/_next/static/chunks/node_modules_next_dist_1e8vcs8._.js:776
[  398545ms] [LOG] [Fast Refresh] done in 19ms @ http://localhost:3111/_next/static/chunks/node_modules_next_dist_1e8vcs8._.js:776
[  398595ms] [LOG] [Fast Refresh] done in 19ms @ http://localhost:3111/_next/static/chunks/node_modules_next_dist_1e8vcs8._.js:776
[  398644ms] [LOG] [Fast Refresh] done in 19ms @ http://localhost:3111/_next/static/chunks/node_modules_next_dist_1e8vcs8._.js:776
[  398694ms] [LOG] [Fast Refresh] done in 19ms @ http://localhost:3111/_next/static/chunks/node_modules_next_dist_1e8vcs8._.js:776
[  398746ms] [LOG] [Fast Refresh] done in 19ms @ http://localhost:3111/_next/static/chunks/node_modules_next_dist_1e8vcs8._.js:776
[  398799ms] [LOG] [Fast Refresh] done in 19ms @ http://localhost:3111/_next/static/chunks/node_modules_next_dist_1e8vcs8._.js:776
[  398847ms] [LOG] [Fast Refresh] done in 19ms @ http://localhost:3111/_next/static/chunks/node_modules_next_dist_1e8vcs8._.js:776
[  398897ms] [LOG] [Fast Refresh] done in 19ms @ http://localhost:3111/_next/static/chunks/node_modules_next_dist_1e8vcs8._.js:776
[  398947ms] [LOG] [Fast Refresh] done in 19ms @ http://localhost:3111/_next/static/chunks/node_modules_next_dist_1e8vcs8._.js:776
[  398994ms] [LOG] [Fast Refresh] done in 19ms @ http://localhost:3111/_next/static/chunks/node_modules_next_dist_1e8vcs8._.js:776
[  399041ms] [LOG] [Fast Refresh] done in 19ms @ http://localhost:3111/_next/static/chunks/node_modules_next_dist_1e8vcs8._.js:776
[  399079ms] [LOG] [Fast Refresh] done in 19ms @ http://localhost:3111/_next/static/chunks/node_modules_next_dist_1e8vcs8._.js:776
[  399129ms] [LOG] [Fast Refresh] done in 19ms @ http://localhost:3111/_next/static/chunks/node_modules_next_dist_1e8vcs8._.js:776
[  399178ms] [LOG] [Fast Refresh] done in 19ms @ http://localhost:3111/_next/static/chunks/node_modules_next_dist_1e8vcs8._.js:776
[  399227ms] [LOG] [Fast Refresh] done in 19ms @ http://localhost:3111/_next/static/chunks/node_modules_next_dist_1e8vcs8._.js:776
[  399279ms] [LOG] [Fast Refresh] done in 19ms @ http://localhost:3111/_next/static/chunks/node_modules_next_dist_1e8vcs8._.js:776
[  399343ms] [LOG] [Fast Refresh] done in 19ms @ http://localhost:3111/_next/static/chunks/node_modules_next_dist_1e8vcs8._.js:776
[  399379ms] [LOG] [Fast Refresh] done in 19ms @ http://localhost:3111/_next/static/chunks/node_modules_next_dist_1e8vcs8._.js:776
[  399429ms] [LOG] [Fast Refresh] done in 19ms @ http://localhost:3111/_next/static/chunks/node_modules_next_dist_1e8vcs8._.js:776
[  399480ms] [LOG] [Fast Refresh] done in 19ms @ http://localhost:3111/_next/static/chunks/node_modules_next_dist_1e8vcs8._.js:776
[  399530ms] [LOG] [Fast Refresh] done in 19ms @ http://localhost:3111/_next/static/chunks/node_modules_next_dist_1e8vcs8._.js:776
[  399577ms] [LOG] [Fast Refresh] done in 19ms @ http://localhost:3111/_next/static/chunks/node_modules_next_dist_1e8vcs8._.js:776
[  399629ms] [LOG] [Fast Refresh] done in 19ms @ http://localhost:3111/_next/static/chunks/node_modules_next_dist_1e8vcs8._.js:776
[  399677ms] [LOG] [Fast Refresh] done in 19ms @ http://localhost:3111/_next/static/chunks/node_modules_next_dist_1e8vcs8._.js:776
[  399728ms] [LOG] [Fast Refresh] done in 19ms @ http://localhost:3111/_next/static/chunks/node_modules_next_dist_1e8vcs8._.js:776
[  399777ms] [LOG] [Fast Refresh] done in 19ms @ http://localhost:3111/_next/static/chunks/node_modules_next_dist_1e8vcs8._.js:776
[  399827ms] [LOG] [Fast Refresh] done in 19ms @ http://localhost:3111/_next/static/chunks/node_modules_next_dist_1e8vcs8._.js:776
[  399878ms] [LOG] [Fast Refresh] done in 19ms @ http://localhost:3111/_next/static/chunks/node_modules_next_dist_1e8vcs8._.js:776
[  399927ms] [LOG] [Fast Refresh] done in 19ms @ http://localhost:3111/_next/static/chunks/node_modules_next_dist_1e8vcs8._.js:776
[  399980ms] [LOG] [Fast Refresh] done in 19ms @ http://localhost:3111/_next/static/chunks/node_modules_next_dist_1e8vcs8._.js:776
[  400028ms] [LOG] [Fast Refresh] done in 19ms @ http://localhost:3111/_next/static/chunks/node_modules_next_dist_1e8vcs8._.js:776
[  400078ms] [LOG] [Fast Refresh] done in 19ms @ http://localhost:3111/_next/static/chunks/node_modules_next_dist_1e8vcs8._.js:776
[  400127ms] [LOG] [Fast Refresh] done in 19ms @ http://localhost:3111/_next/static/chunks/node_modules_next_dist_1e8vcs8._.js:776
[  400177ms] [LOG] [Fast Refresh] done in 19ms @ http://localhost:3111/_next/static/chunks/node_modules_next_dist_1e8vcs8._.js:776
[  400228ms] [LOG] [Fast Refresh] done in 19ms @ http://localhost:3111/_next/static/chunks/node_modules_next_dist_1e8vcs8._.js:776
[  400294ms] [LOG] [Fast Refresh] done in 19ms @ http://localhost:3111/_next/static/chunks/node_modules_next_dist_1e8vcs8._.js:776
[  400344ms] [LOG] [Fast Refresh] done in 19ms @ http://localhost:3111/_next/static/chunks/node_modules_next_dist_1e8vcs8._.js:776
[  400399ms] [LOG] [Fast Refresh] done in 19ms @ http://localhost:3111/_next/static/chunks/node_modules_next_dist_1e8vcs8._.js:776
[  400447ms] [LOG] [Fast Refresh] done in 19ms @ http://localhost:3111/_next/static/chunks/node_modules_next_dist_1e8vcs8._.js:776
[  400494ms] [LOG] [Fast Refresh] done in 19ms @ http://localhost:3111/_next/static/chunks/node_modules_next_dist_1e8vcs8._.js:776
[  400544ms] [LOG] [Fast Refresh] done in 19ms @ http://localhost:3111/_next/static/chunks/node_modules_next_dist_1e8vcs8._.js:776
[  400594ms] [LOG] [Fast Refresh] done in 19ms @ http://localhost:3111/_next/static/chunks/node_modules_next_dist_1e8vcs8._.js:776
[  400644ms] [LOG] [Fast Refresh] done in 19ms @ http://localhost:3111/_next/static/chunks/node_modules_next_dist_1e8vcs8._.js:776
[  400694ms] [LOG] [Fast Refresh] done in 19ms @ http://localhost:3111/_next/static/chunks/node_modules_next_dist_1e8vcs8._.js:776
[  400759ms] [LOG] [Fast Refresh] done in 19ms @ http://localhost:3111/_next/static/chunks/node_modules_next_dist_1e8vcs8._.js:776
[  400797ms] [LOG] [Fast Refresh] done in 19ms @ http://localhost:3111/_next/static/chunks/node_modules_next_dist_1e8vcs8._.js:776
[  400845ms] [LOG] [Fast Refresh] done in 19ms @ http://localhost:3111/_next/static/chunks/node_modules_next_dist_1e8vcs8._.js:776
[  400912ms] [LOG] [Fast Refresh] done in 19ms @ http://localhost:3111/_next/static/chunks/node_modules_next_dist_1e8vcs8._.js:776
[  400962ms] [LOG] [Fast Refresh] done in 19ms @ http://localhost:3111/_next/static/chunks/node_modules_next_dist_1e8vcs8._.js:776
[  401028ms] [LOG] [Fast Refresh] done in 19ms @ http://localhost:3111/_next/static/chunks/node_modules_next_dist_1e8vcs8._.js:776
[  401077ms] [LOG] [Fast Refresh] done in 19ms @ http://localhost:3111/_next/static/chunks/node_modules_next_dist_1e8vcs8._.js:776
[  401129ms] [LOG] [Fast Refresh] done in 19ms @ http://localhost:3111/_next/static/chunks/node_modules_next_dist_1e8vcs8._.js:776
[  401179ms] [LOG] [Fast Refresh] done in 19ms @ http://localhost:3111/_next/static/chunks/node_modules_next_dist_1e8vcs8._.js:776
[  401229ms] [LOG] [Fast Refresh] done in 19ms @ http://localhost:3111/_next/static/chunks/node_modules_next_dist_1e8vcs8._.js:776
[  401277ms] [LOG] [Fast Refresh] done in 19ms @ http://localhost:3111/_next/static/chunks/node_modules_next_dist_1e8vcs8._.js:776
[  401329ms] [LOG] [Fast Refresh] done in 19ms @ http://localhost:3111/_next/static/chunks/node_modules_next_dist_1e8vcs8._.js:776
[  401377ms] [LOG] [Fast Refresh] done in 19ms @ http://localhost:3111/_next/static/chunks/node_modules_next_dist_1e8vcs8._.js:776
[  401428ms] [LOG] [Fast Refresh] done in 19ms @ http://localhost:3111/_next/static/chunks/node_modules_next_dist_1e8vcs8._.js:776
[  401477ms] [LOG] [Fast Refresh] done in 19ms @ http://localhost:3111/_next/static/chunks/node_modules_next_dist_1e8vcs8._.js:776
[  401530ms] [LOG] [Fast Refresh] done in 19ms @ http://localhost:3111/_next/static/chunks/node_modules_next_dist_1e8vcs8._.js:776
[  401578ms] [LOG] [Fast Refresh] done in 19ms @ http://localhost:3111/_next/static/chunks/node_modules_next_dist_1e8vcs8._.js:776
[  401628ms] [LOG] [Fast Refresh] done in 19ms @ http://localhost:3111/_next/static/chunks/node_modules_next_dist_1e8vcs8._.js:776
[  401678ms] [LOG] [Fast Refresh] done in 19ms @ http://localhost:3111/_next/static/chunks/node_modules_next_dist_1e8vcs8._.js:776
[  401728ms] [LOG] [Fast Refresh] done in 19ms @ http://localhost:3111/_next/static/chunks/node_modules_next_dist_1e8vcs8._.js:776
[  401781ms] [LOG] [Fast Refresh] done in 19ms @ http://localhost:3111/_next/static/chunks/node_modules_next_dist_1e8vcs8._.js:776
[  401845ms] [LOG] [Fast Refresh] done in 19ms @ http://localhost:3111/_next/static/chunks/node_modules_next_dist_1e8vcs8._.js:776
[  401895ms] [LOG] [Fast Refresh] done in 19ms @ http://localhost:3111/_next/static/chunks/node_modules_next_dist_1e8vcs8._.js:776
[  401944ms] [LOG] [Fast Refresh] done in 19ms @ http://localhost:3111/_next/static/chunks/node_modules_next_dist_1e8vcs8._.js:776
[  402009ms] [LOG] [Fast Refresh] done in 19ms @ http://localhost:3111/_next/static/chunks/node_modules_next_dist_1e8vcs8._.js:776
[  402062ms] [LOG] [Fast Refresh] done in 19ms @ http://localhost:3111/_next/static/chunks/node_modules_next_dist_1e8vcs8._.js:776
[  402113ms] [LOG] [Fast Refresh] done in 19ms @ http://localhost:3111/_next/static/chunks/node_modules_next_dist_1e8vcs8._.js:776
[  402162ms] [LOG] [Fast Refresh] done in 19ms @ http://localhost:3111/_next/static/chunks/node_modules_next_dist_1e8vcs8._.js:776
[  402212ms] [LOG] [Fast Refresh] done in 19ms @ http://localhost:3111/_next/static/chunks/node_modules_next_dist_1e8vcs8._.js:776
[  402261ms] [LOG] [Fast Refresh] done in 19ms @ http://localhost:3111/_next/static/chunks/node_modules_next_dist_1e8vcs8._.js:776
[  402311ms] [LOG] [Fast Refresh] done in 19ms @ http://localhost:3111/_next/static/chunks/node_modules_next_dist_1e8vcs8._.js:776
[  402362ms] [LOG] [Fast Refresh] done in 19ms @ http://localhost:3111/_next/static/chunks/node_modules_next_dist_1e8vcs8._.js:776
[  402411ms] [LOG] [Fast Refresh] done in 19ms @ http://localhost:3111/_next/static/chunks/node_modules_next_dist_1e8vcs8._.js:776
[  402462ms] [LOG] [Fast Refresh] done in 19ms @ http://localhost:3111/_next/static/chunks/node_modules_next_dist_1e8vcs8._.js:776
[  402510ms] [LOG] [Fast Refresh] done in 19ms @ http://localhost:3111/_next/static/chunks/node_modules_next_dist_1e8vcs8._.js:776
[  402561ms] [LOG] [Fast Refresh] done in 19ms @ http://localhost:3111/_next/static/chunks/node_modules_next_dist_1e8vcs8._.js:776
[  402611ms] [LOG] [Fast Refresh] done in 19ms @ http://localhost:3111/_next/static/chunks/node_modules_next_dist_1e8vcs8._.js:776
[  402662ms] [LOG] [Fast Refresh] done in 19ms @ http://localhost:3111/_next/static/chunks/node_modules_next_dist_1e8vcs8._.js:776
[  402712ms] [LOG] [Fast Refresh] done in 19ms @ http://localhost:3111/_next/static/chunks/node_modules_next_dist_1e8vcs8._.js:776
[  402763ms] [LOG] [Fast Refresh] done in 19ms @ http://localhost:3111/_next/static/chunks/node_modules_next_dist_1e8vcs8._.js:776
[  402828ms] [LOG] [Fast Refresh] done in 19ms @ http://localhost:3111/_next/static/chunks/node_modules_next_dist_1e8vcs8._.js:776
[  402878ms] [LOG] [Fast Refresh] done in 19ms @ http://localhost:3111/_next/static/chunks/node_modules_next_dist_1e8vcs8._.js:776
[  402944ms] [LOG] [Fast Refresh] done in 19ms @ http://localhost:3111/_next/static/chunks/node_modules_next_dist_1e8vcs8._.js:776
[  403008ms] [LOG] [Fast Refresh] done in 19ms @ http://localhost:3111/_next/static/chunks/node_modules_next_dist_1e8vcs8._.js:776
[  403047ms] [LOG] [Fast Refresh] done in 19ms @ http://localhost:3111/_next/static/chunks/node_modules_next_dist_1e8vcs8._.js:776
[  403094ms] [LOG] [Fast Refresh] done in 19ms @ http://localhost:3111/_next/static/chunks/node_modules_next_dist_1e8vcs8._.js:776
[  403144ms] [LOG] [Fast Refresh] done in 19ms @ http://localhost:3111/_next/static/chunks/node_modules_next_dist_1e8vcs8._.js:776
[  403197ms] [LOG] [Fast Refresh] done in 19ms @ http://localhost:3111/_next/static/chunks/node_modules_next_dist_1e8vcs8._.js:776
[  403247ms] [LOG] [Fast Refresh] done in 19ms @ http://localhost:3111/_next/static/chunks/node_modules_next_dist_1e8vcs8._.js:776
[  403294ms] [LOG] [Fast Refresh] done in 19ms @ http://localhost:3111/_next/static/chunks/node_modules_next_dist_1e8vcs8._.js:776
[  403347ms] [LOG] [Fast Refresh] done in 19ms @ http://localhost:3111/_next/static/chunks/node_modules_next_dist_1e8vcs8._.js:776
[  403394ms] [LOG] [Fast Refresh] done in 19ms @ http://localhost:3111/_next/static/chunks/node_modules_next_dist_1e8vcs8._.js:776
[  403445ms] [LOG] [Fast Refresh] done in 19ms @ http://localhost:3111/_next/static/chunks/node_modules_next_dist_1e8vcs8._.js:776
[  403493ms] [LOG] [Fast Refresh] done in 19ms @ http://localhost:3111/_next/static/chunks/node_modules_next_dist_1e8vcs8._.js:776
[  403544ms] [LOG] [Fast Refresh] done in 19ms @ http://localhost:3111/_next/static/chunks/node_modules_next_dist_1e8vcs8._.js:776
[  403593ms] [LOG] [Fast Refresh] done in 19ms @ http://localhost:3111/_next/static/chunks/node_modules_next_dist_1e8vcs8._.js:776
[  403647ms] [LOG] [Fast Refresh] done in 19ms @ http://localhost:3111/_next/static/chunks/node_modules_next_dist_1e8vcs8._.js:776
[  403696ms] [LOG] [Fast Refresh] done in 19ms @ http://localhost:3111/_next/static/chunks/node_modules_next_dist_1e8vcs8._.js:776
[  403747ms] [LOG] [Fast Refresh] done in 19ms @ http://localhost:3111/_next/static/chunks/node_modules_next_dist_1e8vcs8._.js:776
[  403795ms] [LOG] [Fast Refresh] done in 19ms @ http://localhost:3111/_next/static/chunks/node_modules_next_dist_1e8vcs8._.js:776
[  403847ms] [LOG] [Fast Refresh] done in 19ms @ http://localhost:3111/_next/static/chunks/node_modules_next_dist_1e8vcs8._.js:776
[  403893ms] [LOG] [Fast Refresh] done in 19ms @ http://localhost:3111/_next/static/chunks/node_modules_next_dist_1e8vcs8._.js:776
[  403944ms] [LOG] [Fast Refresh] done in 19ms @ http://localhost:3111/_next/static/chunks/node_modules_next_dist_1e8vcs8._.js:776
[  404008ms] [LOG] [Fast Refresh] done in 19ms @ http://localhost:3111/_next/static/chunks/node_modules_next_dist_1e8vcs8._.js:776
[  404047ms] [LOG] [Fast Refresh] done in 19ms @ http://localhost:3111/_next/static/chunks/node_modules_next_dist_1e8vcs8._.js:776
[  404094ms] [LOG] [Fast Refresh] done in 19ms @ http://localhost:3111/_next/static/chunks/node_modules_next_dist_1e8vcs8._.js:776
[  404147ms] [LOG] [Fast Refresh] done in 19ms @ http://localhost:3111/_next/static/chunks/node_modules_next_dist_1e8vcs8._.js:776
[  404196ms] [LOG] [Fast Refresh] done in 19ms @ http://localhost:3111/_next/static/chunks/node_modules_next_dist_1e8vcs8._.js:776
[  404246ms] [LOG] [Fast Refresh] done in 19ms @ http://localhost:3111/_next/static/chunks/node_modules_next_dist_1e8vcs8._.js:776
[  404294ms] [LOG] [Fast Refresh] done in 19ms @ http://localhost:3111/_next/static/chunks/node_modules_next_dist_1e8vcs8._.js:776
[  404347ms] [LOG] [Fast Refresh] done in 19ms @ http://localhost:3111/_next/static/chunks/node_modules_next_dist_1e8vcs8._.js:776
[  404393ms] [LOG] [Fast Refresh] done in 19ms @ http://localhost:3111/_next/static/chunks/node_modules_next_dist_1e8vcs8._.js:776
[  404445ms] [LOG] [Fast Refresh] done in 19ms @ http://localhost:3111/_next/static/chunks/node_modules_next_dist_1e8vcs8._.js:776
[  404493ms] [LOG] [Fast Refresh] done in 19ms @ http://localhost:3111/_next/static/chunks/node_modules_next_dist_1e8vcs8._.js:776
[  404544ms] [LOG] [Fast Refresh] done in 19ms @ http://localhost:3111/_next/static/chunks/node_modules_next_dist_1e8vcs8._.js:776
[  404596ms] [LOG] [Fast Refresh] done in 19ms @ http://localhost:3111/_next/static/chunks/node_modules_next_dist_1e8vcs8._.js:776
[  404643ms] [LOG] [Fast Refresh] done in 19ms @ http://localhost:3111/_next/static/chunks/node_modules_next_dist_1e8vcs8._.js:776
[  404694ms] [LOG] [Fast Refresh] done in 19ms @ http://localhost:3111/_next/static/chunks/node_modules_next_dist_1e8vcs8._.js:776
[  404744ms] [LOG] [Fast Refresh] done in 19ms @ http://localhost:3111/_next/static/chunks/node_modules_next_dist_1e8vcs8._.js:776
[  404797ms] [LOG] [Fast Refresh] done in 19ms @ http://localhost:3111/_next/static/chunks/node_modules_next_dist_1e8vcs8._.js:776
[  404848ms] [LOG] [Fast Refresh] done in 19ms @ http://localhost:3111/_next/static/chunks/node_modules_next_dist_1e8vcs8._.js:776
[  404896ms] [LOG] [Fast Refresh] done in 19ms @ http://localhost:3111/_next/static/chunks/node_modules_next_dist_1e8vcs8._.js:776
[  404944ms] [LOG] [Fast Refresh] done in 19ms @ http://localhost:3111/_next/static/chunks/node_modules_next_dist_1e8vcs8._.js:776
[  405008ms] [LOG] [Fast Refresh] done in 19ms @ http://localhost:3111/_next/static/chunks/node_modules_next_dist_1e8vcs8._.js:776
[  405047ms] [LOG] [Fast Refresh] done in 19ms @ http://localhost:3111/_next/static/chunks/node_modules_next_dist_1e8vcs8._.js:776
[  405094ms] [LOG] [Fast Refresh] done in 19ms @ http://localhost:3111/_next/static/chunks/node_modules_next_dist_1e8vcs8._.js:776
[  405144ms] [LOG] [Fast Refresh] done in 19ms @ http://localhost:3111/_next/static/chunks/node_modules_next_dist_1e8vcs8._.js:776
[  405194ms] [LOG] [Fast Refresh] done in 19ms @ http://localhost:3111/_next/static/chunks/node_modules_next_dist_1e8vcs8._.js:776
[  405246ms] [LOG] [Fast Refresh] done in 19ms @ http://localhost:3111/_next/static/chunks/node_modules_next_dist_1e8vcs8._.js:776
[  405296ms] [LOG] [Fast Refresh] done in 19ms @ http://localhost:3111/_next/static/chunks/node_modules_next_dist_1e8vcs8._.js:776
[  405344ms] [LOG] [Fast Refresh] done in 19ms @ http://localhost:3111/_next/static/chunks/node_modules_next_dist_1e8vcs8._.js:776
[  405409ms] [LOG] [Fast Refresh] done in 19ms @ http://localhost:3111/_next/static/chunks/node_modules_next_dist_1e8vcs8._.js:776
[  405447ms] [LOG] [Fast Refresh] done in 19ms @ http://localhost:3111/_next/static/chunks/node_modules_next_dist_1e8vcs8._.js:776
[  405508ms] [LOG] [Fast Refresh] done in 19ms @ http://localhost:3111/_next/static/chunks/node_modules_next_dist_1e8vcs8._.js:776
[  405563ms] [LOG] [Fast Refresh] done in 19ms @ http://localhost:3111/_next/static/chunks/node_modules_next_dist_1e8vcs8._.js:776
[  405611ms] [LOG] [Fast Refresh] done in 19ms @ http://localhost:3111/_next/static/chunks/node_modules_next_dist_1e8vcs8._.js:776
[  405661ms] [LOG] [Fast Refresh] done in 19ms @ http://localhost:3111/_next/static/chunks/node_modules_next_dist_1e8vcs8._.js:776
[  405713ms] [LOG] [Fast Refresh] done in 19ms @ http://localhost:3111/_next/static/chunks/node_modules_next_dist_1e8vcs8._.js:776
[  405761ms] [LOG] [Fast Refresh] done in 19ms @ http://localhost:3111/_next/static/chunks/node_modules_next_dist_1e8vcs8._.js:776
[  405813ms] [LOG] [Fast Refresh] done in 19ms @ http://localhost:3111/_next/static/chunks/node_modules_next_dist_1e8vcs8._.js:776
[  405863ms] [LOG] [Fast Refresh] done in 19ms @ http://localhost:3111/_next/static/chunks/node_modules_next_dist_1e8vcs8._.js:776
[  405913ms] [LOG] [Fast Refresh] done in 19ms @ http://localhost:3111/_next/static/chunks/node_modules_next_dist_1e8vcs8._.js:776
[  405961ms] [LOG] [Fast Refresh] done in 19ms @ http://localhost:3111/_next/static/chunks/node_modules_next_dist_1e8vcs8._.js:776
[  406027ms] [LOG] [Fast Refresh] done in 19ms @ http://localhost:3111/_next/static/chunks/node_modules_next_dist_1e8vcs8._.js:776
[  406077ms] [LOG] [Fast Refresh] done in 19ms @ http://localhost:3111/_next/static/chunks/node_modules_next_dist_1e8vcs8._.js:776
[  406127ms] [LOG] [Fast Refresh] done in 19ms @ http://localhost:3111/_next/static/chunks/node_modules_next_dist_1e8vcs8._.js:776
[  406178ms] [LOG] [Fast Refresh] done in 19ms @ http://localhost:3111/_next/static/chunks/node_modules_next_dist_1e8vcs8._.js:776
[  406228ms] [LOG] [Fast Refresh] done in 19ms @ http://localhost:3111/_next/static/chunks/node_modules_next_dist_1e8vcs8._.js:776
[  406278ms] [LOG] [Fast Refresh] done in 19ms @ http://localhost:3111/_next/static/chunks/node_modules_next_dist_1e8vcs8._.js:776
[  406328ms] [LOG] [Fast Refresh] done in 19ms @ http://localhost:3111/_next/static/chunks/node_modules_next_dist_1e8vcs8._.js:776
[  406378ms] [LOG] [Fast Refresh] done in 19ms @ http://localhost:3111/_next/static/chunks/node_modules_next_dist_1e8vcs8._.js:776
[  406427ms] [LOG] [Fast Refresh] done in 19ms @ http://localhost:3111/_next/static/chunks/node_modules_next_dist_1e8vcs8._.js:776
[  406478ms] [LOG] [Fast Refresh] done in 19ms @ http://localhost:3111/_next/static/chunks/node_modules_next_dist_1e8vcs8._.js:776
[  406528ms] [LOG] [Fast Refresh] done in 19ms @ http://localhost:3111/_next/static/chunks/node_modules_next_dist_1e8vcs8._.js:776
[  406578ms] [LOG] [Fast Refresh] done in 19ms @ http://localhost:3111/_next/static/chunks/node_modules_next_dist_1e8vcs8._.js:776
[  406627ms] [LOG] [Fast Refresh] done in 19ms @ http://localhost:3111/_next/static/chunks/node_modules_next_dist_1e8vcs8._.js:776
[  406678ms] [LOG] [Fast Refresh] done in 19ms @ http://localhost:3111/_next/static/chunks/node_modules_next_dist_1e8vcs8._.js:776
[  406727ms] [LOG] [Fast Refresh] done in 19ms @ http://localhost:3111/_next/static/chunks/node_modules_next_dist_1e8vcs8._.js:776
[  406777ms] [LOG] [Fast Refresh] done in 19ms @ http://localhost:3111/_next/static/chunks/node_modules_next_dist_1e8vcs8._.js:776
[  406827ms] [LOG] [Fast Refresh] done in 19ms @ http://localhost:3111/_next/static/chunks/node_modules_next_dist_1e8vcs8._.js:776
[  406878ms] [LOG] [Fast Refresh] done in 19ms @ http://localhost:3111/_next/static/chunks/node_modules_next_dist_1e8vcs8._.js:776
[  406927ms] [LOG] [Fast Refresh] done in 19ms @ http://localhost:3111/_next/static/chunks/node_modules_next_dist_1e8vcs8._.js:776
[  406978ms] [LOG] [Fast Refresh] done in 19ms @ http://localhost:3111/_next/static/chunks/node_modules_next_dist_1e8vcs8._.js:776
[  407028ms] [LOG] [Fast Refresh] done in 19ms @ http://localhost:3111/_next/static/chunks/node_modules_next_dist_1e8vcs8._.js:776
[  407080ms] [LOG] [Fast Refresh] done in 19ms @ http://localhost:3111/_next/static/chunks/node_modules_next_dist_1e8vcs8._.js:776
[  407130ms] [LOG] [Fast Refresh] done in 19ms @ http://localhost:3111/_next/static/chunks/node_modules_next_dist_1e8vcs8._.js:776
[  407177ms] [LOG] [Fast Refresh] done in 19ms @ http://localhost:3111/_next/static/chunks/node_modules_next_dist_1e8vcs8._.js:776
[  407227ms] [LOG] [Fast Refresh] done in 19ms @ http://localhost:3111/_next/static/chunks/node_modules_next_dist_1e8vcs8._.js:776
[  407277ms] [LOG] [Fast Refresh] done in 19ms @ http://localhost:3111/_next/static/chunks/node_modules_next_dist_1e8vcs8._.js:776
[  407327ms] [LOG] [Fast Refresh] done in 19ms @ http://localhost:3111/_next/static/chunks/node_modules_next_dist_1e8vcs8._.js:776
[  407377ms] [LOG] [Fast Refresh] done in 19ms @ http://localhost:3111/_next/static/chunks/node_modules_next_dist_1e8vcs8._.js:776
[  407427ms] [LOG] [Fast Refresh] done in 19ms @ http://localhost:3111/_next/static/chunks/node_modules_next_dist_1e8vcs8._.js:776
[  407477ms] [LOG] [Fast Refresh] done in 19ms @ http://localhost:3111/_next/static/chunks/node_modules_next_dist_1e8vcs8._.js:776
[  407527ms] [LOG] [Fast Refresh] done in 19ms @ http://localhost:3111/_next/static/chunks/node_modules_next_dist_1e8vcs8._.js:776
[  407577ms] [LOG] [Fast Refresh] done in 19ms @ http://localhost:3111/_next/static/chunks/node_modules_next_dist_1e8vcs8._.js:776
[  407627ms] [LOG] [Fast Refresh] done in 19ms @ http://localhost:3111/_next/static/chunks/node_modules_next_dist_1e8vcs8._.js:776
[  407678ms] [LOG] [Fast Refresh] done in 19ms @ http://localhost:3111/_next/static/chunks/node_modules_next_dist_1e8vcs8._.js:776
[  407727ms] [LOG] [Fast Refresh] done in 19ms @ http://localhost:3111/_next/static/chunks/node_modules_next_dist_1e8vcs8._.js:776
[  407777ms] [LOG] [Fast Refresh] done in 19ms @ http://localhost:3111/_next/static/chunks/node_modules_next_dist_1e8vcs8._.js:776
[  407828ms] [LOG] [Fast Refresh] done in 19ms @ http://localhost:3111/_next/static/chunks/node_modules_next_dist_1e8vcs8._.js:776
[  407878ms] [LOG] [Fast Refresh] done in 19ms @ http://localhost:3111/_next/static/chunks/node_modules_next_dist_1e8vcs8._.js:776
[  407927ms] [LOG] [Fast Refresh] done in 19ms @ http://localhost:3111/_next/static/chunks/node_modules_next_dist_1e8vcs8._.js:776
[  407977ms] [LOG] [Fast Refresh] done in 19ms @ http://localhost:3111/_next/static/chunks/node_modules_next_dist_1e8vcs8._.js:776
[  408038ms] [LOG] [Fast Refresh] done in 19ms @ http://localhost:3111/_next/static/chunks/node_modules_next_dist_1e8vcs8._.js:776
[  408078ms] [LOG] [Fast Refresh] done in 19ms @ http://localhost:3111/_next/static/chunks/node_modules_next_dist_1e8vcs8._.js:776
[  408128ms] [LOG] [Fast Refresh] done in 19ms @ http://localhost:3111/_next/static/chunks/node_modules_next_dist_1e8vcs8._.js:776
[  408177ms] [LOG] [Fast Refresh] done in 19ms @ http://localhost:3111/_next/static/chunks/node_modules_next_dist_1e8vcs8._.js:776
[  408227ms] [LOG] [Fast Refresh] done in 19ms @ http://localhost:3111/_next/static/chunks/node_modules_next_dist_1e8vcs8._.js:776
[  408278ms] [LOG] [Fast Refresh] done in 19ms @ http://localhost:3111/_next/static/chunks/node_modules_next_dist_1e8vcs8._.js:776
[  408327ms] [LOG] [Fast Refresh] done in 19ms @ http://localhost:3111/_next/static/chunks/node_modules_next_dist_1e8vcs8._.js:776
[  408378ms] [LOG] [Fast Refresh] done in 19ms @ http://localhost:3111/_next/static/chunks/node_modules_next_dist_1e8vcs8._.js:776
[  408426ms] [LOG] [Fast Refresh] done in 19ms @ http://localhost:3111/_next/static/chunks/node_modules_next_dist_1e8vcs8._.js:776
[  408478ms] [LOG] [Fast Refresh] done in 19ms @ http://localhost:3111/_next/static/chunks/node_modules_next_dist_1e8vcs8._.js:776
[  408526ms] [LOG] [Fast Refresh] done in 19ms @ http://localhost:3111/_next/static/chunks/node_modules_next_dist_1e8vcs8._.js:776
[  408578ms] [LOG] [Fast Refresh] done in 19ms @ http://localhost:3111/_next/static/chunks/node_modules_next_dist_1e8vcs8._.js:776
[  408627ms] [LOG] [Fast Refresh] done in 19ms @ http://localhost:3111/_next/static/chunks/node_modules_next_dist_1e8vcs8._.js:776
[  408680ms] [LOG] [Fast Refresh] done in 19ms @ http://localhost:3111/_next/static/chunks/node_modules_next_dist_1e8vcs8._.js:776
[  408727ms] [LOG] [Fast Refresh] done in 19ms @ http://localhost:3111/_next/static/chunks/node_modules_next_dist_1e8vcs8._.js:776
[  408778ms] [LOG] [Fast Refresh] done in 19ms @ http://localhost:3111/_next/static/chunks/node_modules_next_dist_1e8vcs8._.js:776
[  408826ms] [LOG] [Fast Refresh] done in 19ms @ http://localhost:3111/_next/static/chunks/node_modules_next_dist_1e8vcs8._.js:776
[  408878ms] [LOG] [Fast Refresh] done in 19ms @ http://localhost:3111/_next/static/chunks/node_modules_next_dist_1e8vcs8._.js:776
[  408927ms] [LOG] [Fast Refresh] done in 19ms @ http://localhost:3111/_next/static/chunks/node_modules_next_dist_1e8vcs8._.js:776
[  408977ms] [LOG] [Fast Refresh] done in 19ms @ http://localhost:3111/_next/static/chunks/node_modules_next_dist_1e8vcs8._.js:776
[  409028ms] [LOG] [Fast Refresh] done in 19ms @ http://localhost:3111/_next/static/chunks/node_modules_next_dist_1e8vcs8._.js:776
[  409077ms] [LOG] [Fast Refresh] done in 19ms @ http://localhost:3111/_next/static/chunks/node_modules_next_dist_1e8vcs8._.js:776
[  409128ms] [LOG] [Fast Refresh] done in 19ms @ http://localhost:3111/_next/static/chunks/node_modules_next_dist_1e8vcs8._.js:776
[  409176ms] [LOG] [Fast Refresh] done in 19ms @ http://localhost:3111/_next/static/chunks/node_modules_next_dist_1e8vcs8._.js:776
[  409228ms] [LOG] [Fast Refresh] done in 19ms @ http://localhost:3111/_next/static/chunks/node_modules_next_dist_1e8vcs8._.js:776
[  409278ms] [LOG] [Fast Refresh] done in 19ms @ http://localhost:3111/_next/static/chunks/node_modules_next_dist_1e8vcs8._.js:776
[  409344ms] [LOG] [Fast Refresh] done in 19ms @ http://localhost:3111/_next/static/chunks/node_modules_next_dist_1e8vcs8._.js:776
[  409398ms] [LOG] [Fast Refresh] done in 19ms @ http://localhost:3111/_next/static/chunks/node_modules_next_dist_1e8vcs8._.js:776
[  409443ms] [LOG] [Fast Refresh] done in 19ms @ http://localhost:3111/_next/static/chunks/node_modules_next_dist_1e8vcs8._.js:776
[  409495ms] [LOG] [Fast Refresh] done in 19ms @ http://localhost:3111/_next/static/chunks/node_modules_next_dist_1e8vcs8._.js:776
[  409544ms] [LOG] [Fast Refresh] done in 19ms @ http://localhost:3111/_next/static/chunks/node_modules_next_dist_1e8vcs8._.js:776
[  409594ms] [LOG] [Fast Refresh] done in 19ms @ http://localhost:3111/_next/static/chunks/node_modules_next_dist_1e8vcs8._.js:776
[  409643ms] [LOG] [Fast Refresh] done in 19ms @ http://localhost:3111/_next/static/chunks/node_modules_next_dist_1e8vcs8._.js:776
[  409695ms] [LOG] [Fast Refresh] done in 19ms @ http://localhost:3111/_next/static/chunks/node_modules_next_dist_1e8vcs8._.js:776
[  409744ms] [LOG] [Fast Refresh] done in 19ms @ http://localhost:3111/_next/static/chunks/node_modules_next_dist_1e8vcs8._.js:776
[  409793ms] [LOG] [Fast Refresh] done in 19ms @ http://localhost:3111/_next/static/chunks/node_modules_next_dist_1e8vcs8._.js:776
[  409843ms] [LOG] [Fast Refresh] done in 19ms @ http://localhost:3111/_next/static/chunks/node_modules_next_dist_1e8vcs8._.js:776
[  409893ms] [LOG] [Fast Refresh] done in 19ms @ http://localhost:3111/_next/static/chunks/node_modules_next_dist_1e8vcs8._.js:776
[  409947ms] [LOG] [Fast Refresh] done in 19ms @ http://localhost:3111/_next/static/chunks/node_modules_next_dist_1e8vcs8._.js:776
[  410008ms] [LOG] [Fast Refresh] done in 19ms @ http://localhost:3111/_next/static/chunks/node_modules_next_dist_1e8vcs8._.js:776
[  410061ms] [LOG] [Fast Refresh] done in 19ms @ http://localhost:3111/_next/static/chunks/node_modules_next_dist_1e8vcs8._.js:776
[  410110ms] [LOG] [Fast Refresh] done in 19ms @ http://localhost:3111/_next/static/chunks/node_modules_next_dist_1e8vcs8._.js:776
[  410162ms] [LOG] [Fast Refresh] done in 19ms @ http://localhost:3111/_next/static/chunks/node_modules_next_dist_1e8vcs8._.js:776
[  410211ms] [LOG] [Fast Refresh] done in 19ms @ http://localhost:3111/_next/static/chunks/node_modules_next_dist_1e8vcs8._.js:776
[  410260ms] [LOG] [Fast Refresh] done in 19ms @ http://localhost:3111/_next/static/chunks/node_modules_next_dist_1e8vcs8._.js:776
[  410311ms] [LOG] [Fast Refresh] done in 19ms @ http://localhost:3111/_next/static/chunks/node_modules_next_dist_1e8vcs8._.js:776
[  410361ms] [LOG] [Fast Refresh] done in 19ms @ http://localhost:3111/_next/static/chunks/node_modules_next_dist_1e8vcs8._.js:776
[  410411ms] [LOG] [Fast Refresh] done in 19ms @ http://localhost:3111/_next/static/chunks/node_modules_next_dist_1e8vcs8._.js:776
[  410460ms] [LOG] [Fast Refresh] done in 19ms @ http://localhost:3111/_next/static/chunks/node_modules_next_dist_1e8vcs8._.js:776
[  410512ms] [LOG] [Fast Refresh] done in 19ms @ http://localhost:3111/_next/static/chunks/node_modules_next_dist_1e8vcs8._.js:776
[  410563ms] [LOG] [Fast Refresh] done in 19ms @ http://localhost:3111/_next/static/chunks/node_modules_next_dist_1e8vcs8._.js:776
[  410612ms] [LOG] [Fast Refresh] done in 19ms @ http://localhost:3111/_next/static/chunks/node_modules_next_dist_1e8vcs8._.js:776
[  410659ms] [LOG] [Fast Refresh] done in 19ms @ http://localhost:3111/_next/static/chunks/node_modules_next_dist_1e8vcs8._.js:776
[  410710ms] [LOG] [Fast Refresh] done in 19ms @ http://localhost:3111/_next/static/chunks/node_modules_next_dist_1e8vcs8._.js:776
[  410761ms] [LOG] [Fast Refresh] done in 19ms @ http://localhost:3111/_next/static/chunks/node_modules_next_dist_1e8vcs8._.js:776
[  410810ms] [LOG] [Fast Refresh] done in 19ms @ http://localhost:3111/_next/static/chunks/node_modules_next_dist_1e8vcs8._.js:776
[  410860ms] [LOG] [Fast Refresh] done in 19ms @ http://localhost:3111/_next/static/chunks/node_modules_next_dist_1e8vcs8._.js:776
[  410910ms] [LOG] [Fast Refresh] done in 19ms @ http://localhost:3111/_next/static/chunks/node_modules_next_dist_1e8vcs8._.js:776
[  410961ms] [LOG] [Fast Refresh] done in 19ms @ http://localhost:3111/_next/static/chunks/node_modules_next_dist_1e8vcs8._.js:776
[  411010ms] [LOG] [Fast Refresh] done in 19ms @ http://localhost:3111/_next/static/chunks/node_modules_next_dist_1e8vcs8._.js:776
[  411061ms] [LOG] [Fast Refresh] done in 19ms @ http://localhost:3111/_next/static/chunks/node_modules_next_dist_1e8vcs8._.js:776
[  411110ms] [LOG] [Fast Refresh] done in 19ms @ http://localhost:3111/_next/static/chunks/node_modules_next_dist_1e8vcs8._.js:776
[  411161ms] [LOG] [Fast Refresh] done in 19ms @ http://localhost:3111/_next/static/chunks/node_modules_next_dist_1e8vcs8._.js:776
[  411210ms] [LOG] [Fast Refresh] done in 19ms @ http://localhost:3111/_next/static/chunks/node_modules_next_dist_1e8vcs8._.js:776
[  411260ms] [LOG] [Fast Refresh] done in 19ms @ http://localhost:3111/_next/static/chunks/node_modules_next_dist_1e8vcs8._.js:776
[  411312ms] [LOG] [Fast Refresh] done in 19ms @ http://localhost:3111/_next/static/chunks/node_modules_next_dist_1e8vcs8._.js:776
[  411360ms] [LOG] [Fast Refresh] done in 19ms @ http://localhost:3111/_next/static/chunks/node_modules_next_dist_1e8vcs8._.js:776
[  411411ms] [LOG] [Fast Refresh] done in 19ms @ http://localhost:3111/_next/static/chunks/node_modules_next_dist_1e8vcs8._.js:776
[  411461ms] [LOG] [Fast Refresh] done in 19ms @ http://localhost:3111/_next/static/chunks/node_modules_next_dist_1e8vcs8._.js:776
[  411513ms] [LOG] [Fast Refresh] done in 19ms @ http://localhost:3111/_next/static/chunks/node_modules_next_dist_1e8vcs8._.js:776
[  411561ms] [LOG] [Fast Refresh] done in 19ms @ http://localhost:3111/_next/static/chunks/node_modules_next_dist_1e8vcs8._.js:776
[  411611ms] [LOG] [Fast Refresh] done in 19ms @ http://localhost:3111/_next/static/chunks/node_modules_next_dist_1e8vcs8._.js:776
[  411660ms] [LOG] [Fast Refresh] done in 19ms @ http://localhost:3111/_next/static/chunks/node_modules_next_dist_1e8vcs8._.js:776
[  411712ms] [LOG] [Fast Refresh] done in 19ms @ http://localhost:3111/_next/static/chunks/node_modules_next_dist_1e8vcs8._.js:776
[  411763ms] [LOG] [Fast Refresh] done in 19ms @ http://localhost:3111/_next/static/chunks/node_modules_next_dist_1e8vcs8._.js:776
[  411810ms] [LOG] [Fast Refresh] done in 19ms @ http://localhost:3111/_next/static/chunks/node_modules_next_dist_1e8vcs8._.js:776
[  411861ms] [LOG] [Fast Refresh] done in 19ms @ http://localhost:3111/_next/static/chunks/node_modules_next_dist_1e8vcs8._.js:776
[  411911ms] [LOG] [Fast Refresh] done in 19ms @ http://localhost:3111/_next/static/chunks/node_modules_next_dist_1e8vcs8._.js:776
[  411961ms] [LOG] [Fast Refresh] done in 19ms @ http://localhost:3111/_next/static/chunks/node_modules_next_dist_1e8vcs8._.js:776
[  412008ms] [LOG] [Fast Refresh] done in 19ms @ http://localhost:3111/_next/static/chunks/node_modules_next_dist_1e8vcs8._.js:776
[  412063ms] [LOG] [Fast Refresh] done in 19ms @ http://localhost:3111/_next/static/chunks/node_modules_next_dist_1e8vcs8._.js:776
[  412110ms] [LOG] [Fast Refresh] done in 19ms @ http://localhost:3111/_next/static/chunks/node_modules_next_dist_1e8vcs8._.js:776
[  412161ms] [LOG] [Fast Refresh] done in 19ms @ http://localhost:3111/_next/static/chunks/node_modules_next_dist_1e8vcs8._.js:776
[  412210ms] [LOG] [Fast Refresh] done in 19ms @ http://localhost:3111/_next/static/chunks/node_modules_next_dist_1e8vcs8._.js:776
[  412260ms] [LOG] [Fast Refresh] done in 19ms @ http://localhost:3111/_next/static/chunks/node_modules_next_dist_1e8vcs8._.js:776
[  412310ms] [LOG] [Fast Refresh] done in 19ms @ http://localhost:3111/_next/static/chunks/node_modules_next_dist_1e8vcs8._.js:776
[  412361ms] [LOG] [Fast Refresh] done in 19ms @ http://localhost:3111/_next/static/chunks/node_modules_next_dist_1e8vcs8._.js:776
[  412426ms] [LOG] [Fast Refresh] done in 19ms @ http://localhost:3111/_next/static/chunks/node_modules_next_dist_1e8vcs8._.js:776
[  412478ms] [LOG] [Fast Refresh] done in 19ms @ http://localhost:3111/_next/static/chunks/node_modules_next_dist_1e8vcs8._.js:776
[  412526ms] [LOG] [Fast Refresh] done in 19ms @ http://localhost:3111/_next/static/chunks/node_modules_next_dist_1e8vcs8._.js:776
[  412578ms] [LOG] [Fast Refresh] done in 19ms @ http://localhost:3111/_next/static/chunks/node_modules_next_dist_1e8vcs8._.js:776
[  412627ms] [LOG] [Fast Refresh] done in 19ms @ http://localhost:3111/_next/static/chunks/node_modules_next_dist_1e8vcs8._.js:776
[  412678ms] [LOG] [Fast Refresh] done in 19ms @ http://localhost:3111/_next/static/chunks/node_modules_next_dist_1e8vcs8._.js:776
[  412727ms] [LOG] [Fast Refresh] done in 19ms @ http://localhost:3111/_next/static/chunks/node_modules_next_dist_1e8vcs8._.js:776
[  412776ms] [LOG] [Fast Refresh] done in 19ms @ http://localhost:3111/_next/static/chunks/node_modules_next_dist_1e8vcs8._.js:776
[  412827ms] [LOG] [Fast Refresh] done in 19ms @ http://localhost:3111/_next/static/chunks/node_modules_next_dist_1e8vcs8._.js:776
[  412877ms] [LOG] [Fast Refresh] done in 19ms @ http://localhost:3111/_next/static/chunks/node_modules_next_dist_1e8vcs8._.js:776
[  412926ms] [LOG] [Fast Refresh] done in 19ms @ http://localhost:3111/_next/static/chunks/node_modules_next_dist_1e8vcs8._.js:776
[  412991ms] [LOG] [Fast Refresh] done in 19ms @ http://localhost:3111/_next/static/chunks/node_modules_next_dist_1e8vcs8._.js:776
[  413043ms] [LOG] [Fast Refresh] done in 19ms @ http://localhost:3111/_next/static/chunks/node_modules_next_dist_1e8vcs8._.js:776
[  413094ms] [LOG] [Fast Refresh] done in 19ms @ http://localhost:3111/_next/static/chunks/node_modules_next_dist_1e8vcs8._.js:776
[  413143ms] [LOG] [Fast Refresh] done in 19ms @ http://localhost:3111/_next/static/chunks/node_modules_next_dist_1e8vcs8._.js:776
[  413193ms] [LOG] [Fast Refresh] done in 19ms @ http://localhost:3111/_next/static/chunks/node_modules_next_dist_1e8vcs8._.js:776
[  413296ms] [LOG] [Fast Refresh] done in 19ms @ http://localhost:3111/_next/static/chunks/node_modules_next_dist_1e8vcs8._.js:776
[  413344ms] [LOG] [Fast Refresh] done in 19ms @ http://localhost:3111/_next/static/chunks/node_modules_next_dist_1e8vcs8._.js:776
[  413394ms] [LOG] [Fast Refresh] done in 19ms @ http://localhost:3111/_next/static/chunks/node_modules_next_dist_1e8vcs8._.js:776
[  413443ms] [LOG] [Fast Refresh] done in 19ms @ http://localhost:3111/_next/static/chunks/node_modules_next_dist_1e8vcs8._.js:776
[  413507ms] [LOG] [Fast Refresh] done in 19ms @ http://localhost:3111/_next/static/chunks/node_modules_next_dist_1e8vcs8._.js:776
[  413546ms] [LOG] [Fast Refresh] done in 19ms @ http://localhost:3111/_next/static/chunks/node_modules_next_dist_1e8vcs8._.js:776
[  413594ms] [LOG] [Fast Refresh] done in 19ms @ http://localhost:3111/_next/static/chunks/node_modules_next_dist_1e8vcs8._.js:776
[  413643ms] [LOG] [Fast Refresh] done in 19ms @ http://localhost:3111/_next/static/chunks/node_modules_next_dist_1e8vcs8._.js:776
[  413694ms] [LOG] [Fast Refresh] done in 19ms @ http://localhost:3111/_next/static/chunks/node_modules_next_dist_1e8vcs8._.js:776
[  413743ms] [LOG] [Fast Refresh] done in 19ms @ http://localhost:3111/_next/static/chunks/node_modules_next_dist_1e8vcs8._.js:776
[  413793ms] [LOG] [Fast Refresh] done in 19ms @ http://localhost:3111/_next/static/chunks/node_modules_next_dist_1e8vcs8._.js:776
[  413844ms] [LOG] [Fast Refresh] done in 19ms @ http://localhost:3111/_next/static/chunks/node_modules_next_dist_1e8vcs8._.js:776
[  413893ms] [LOG] [Fast Refresh] done in 19ms @ http://localhost:3111/_next/static/chunks/node_modules_next_dist_1e8vcs8._.js:776
[  413944ms] [LOG] [Fast Refresh] done in 19ms @ http://localhost:3111/_next/static/chunks/node_modules_next_dist_1e8vcs8._.js:776
[  413992ms] [LOG] [Fast Refresh] done in 19ms @ http://localhost:3111/_next/static/chunks/node_modules_next_dist_1e8vcs8._.js:776
[  414045ms] [LOG] [Fast Refresh] done in 19ms @ http://localhost:3111/_next/static/chunks/node_modules_next_dist_1e8vcs8._.js:776
[  414093ms] [LOG] [Fast Refresh] done in 19ms @ http://localhost:3111/_next/static/chunks/node_modules_next_dist_1e8vcs8._.js:776
[  414145ms] [LOG] [Fast Refresh] done in 19ms @ http://localhost:3111/_next/static/chunks/node_modules_next_dist_1e8vcs8._.js:776
[  414193ms] [LOG] [Fast Refresh] done in 19ms @ http://localhost:3111/_next/static/chunks/node_modules_next_dist_1e8vcs8._.js:776
[  414243ms] [LOG] [Fast Refresh] done in 19ms @ http://localhost:3111/_next/static/chunks/node_modules_next_dist_1e8vcs8._.js:776
[  414296ms] [LOG] [Fast Refresh] done in 19ms @ http://localhost:3111/_next/static/chunks/node_modules_next_dist_1e8vcs8._.js:776
[  414345ms] [LOG] [Fast Refresh] done in 19ms @ http://localhost:3111/_next/static/chunks/node_modules_next_dist_1e8vcs8._.js:776
[  414393ms] [LOG] [Fast Refresh] done in 19ms @ http://localhost:3111/_next/static/chunks/node_modules_next_dist_1e8vcs8._.js:776
[  414444ms] [LOG] [Fast Refresh] done in 19ms @ http://localhost:3111/_next/static/chunks/node_modules_next_dist_1e8vcs8._.js:776
[  414491ms] [LOG] [Fast Refresh] done in 19ms @ http://localhost:3111/_next/static/chunks/node_modules_next_dist_1e8vcs8._.js:776
[  414543ms] [LOG] [Fast Refresh] done in 19ms @ http://localhost:3111/_next/static/chunks/node_modules_next_dist_1e8vcs8._.js:776
[  414593ms] [LOG] [Fast Refresh] done in 19ms @ http://localhost:3111/_next/static/chunks/node_modules_next_dist_1e8vcs8._.js:776
[  414644ms] [LOG] [Fast Refresh] done in 19ms @ http://localhost:3111/_next/static/chunks/node_modules_next_dist_1e8vcs8._.js:776
[  414693ms] [LOG] [Fast Refresh] done in 19ms @ http://localhost:3111/_next/static/chunks/node_modules_next_dist_1e8vcs8._.js:776
[  414743ms] [LOG] [Fast Refresh] done in 19ms @ http://localhost:3111/_next/static/chunks/node_modules_next_dist_1e8vcs8._.js:776
[  414793ms] [LOG] [Fast Refresh] done in 19ms @ http://localhost:3111/_next/static/chunks/node_modules_next_dist_1e8vcs8._.js:776
[  414844ms] [LOG] [Fast Refresh] done in 19ms @ http://localhost:3111/_next/static/chunks/node_modules_next_dist_1e8vcs8._.js:776
[  414893ms] [LOG] [Fast Refresh] done in 19ms @ http://localhost:3111/_next/static/chunks/node_modules_next_dist_1e8vcs8._.js:776
[  414944ms] [LOG] [Fast Refresh] done in 19ms @ http://localhost:3111/_next/static/chunks/node_modules_next_dist_1e8vcs8._.js:776
[  414993ms] [LOG] [Fast Refresh] done in 19ms @ http://localhost:3111/_next/static/chunks/node_modules_next_dist_1e8vcs8._.js:776
[  415044ms] [LOG] [Fast Refresh] done in 19ms @ http://localhost:3111/_next/static/chunks/node_modules_next_dist_1e8vcs8._.js:776
[  415109ms] [LOG] [Fast Refresh] done in 19ms @ http://localhost:3111/_next/static/chunks/node_modules_next_dist_1e8vcs8._.js:776
[  415174ms] [LOG] [Fast Refresh] done in 19ms @ http://localhost:3111/_next/static/chunks/node_modules_next_dist_1e8vcs8._.js:776
[  415224ms] [LOG] [Fast Refresh] done in 19ms @ http://localhost:3111/_next/static/chunks/node_modules_next_dist_1e8vcs8._.js:776
[  415278ms] [LOG] [Fast Refresh] done in 19ms @ http://localhost:3111/_next/static/chunks/node_modules_next_dist_1e8vcs8._.js:776
[  415326ms] [LOG] [Fast Refresh] done in 19ms @ http://localhost:3111/_next/static/chunks/node_modules_next_dist_1e8vcs8._.js:776
[  415377ms] [LOG] [Fast Refresh] done in 19ms @ http://localhost:3111/_next/static/chunks/node_modules_next_dist_1e8vcs8._.js:776
[  415427ms] [LOG] [Fast Refresh] done in 19ms @ http://localhost:3111/_next/static/chunks/node_modules_next_dist_1e8vcs8._.js:776
[  415479ms] [LOG] [Fast Refresh] done in 19ms @ http://localhost:3111/_next/static/chunks/node_modules_next_dist_1e8vcs8._.js:776
[  415526ms] [LOG] [Fast Refresh] done in 19ms @ http://localhost:3111/_next/static/chunks/node_modules_next_dist_1e8vcs8._.js:776
[  415578ms] [LOG] [Fast Refresh] done in 19ms @ http://localhost:3111/_next/static/chunks/node_modules_next_dist_1e8vcs8._.js:776
[  415626ms] [LOG] [Fast Refresh] done in 19ms @ http://localhost:3111/_next/static/chunks/node_modules_next_dist_1e8vcs8._.js:776
[  415677ms] [LOG] [Fast Refresh] done in 19ms @ http://localhost:3111/_next/static/chunks/node_modules_next_dist_1e8vcs8._.js:776
[  415728ms] [LOG] [Fast Refresh] done in 19ms @ http://localhost:3111/_next/static/chunks/node_modules_next_dist_1e8vcs8._.js:776
[  415777ms] [LOG] [Fast Refresh] done in 19ms @ http://localhost:3111/_next/static/chunks/node_modules_next_dist_1e8vcs8._.js:776
[  415826ms] [LOG] [Fast Refresh] done in 19ms @ http://localhost:3111/_next/static/chunks/node_modules_next_dist_1e8vcs8._.js:776
[  415879ms] [LOG] [Fast Refresh] done in 19ms @ http://localhost:3111/_next/static/chunks/node_modules_next_dist_1e8vcs8._.js:776
[  415926ms] [LOG] [Fast Refresh] done in 19ms @ http://localhost:3111/_next/static/chunks/node_modules_next_dist_1e8vcs8._.js:776
[  415976ms] [LOG] [Fast Refresh] done in 19ms @ http://localhost:3111/_next/static/chunks/node_modules_next_dist_1e8vcs8._.js:776
[  416027ms] [LOG] [Fast Refresh] done in 19ms @ http://localhost:3111/_next/static/chunks/node_modules_next_dist_1e8vcs8._.js:776
[  416077ms] [LOG] [Fast Refresh] done in 19ms @ http://localhost:3111/_next/static/chunks/node_modules_next_dist_1e8vcs8._.js:776
[  416128ms] [LOG] [Fast Refresh] done in 19ms @ http://localhost:3111/_next/static/chunks/node_modules_next_dist_1e8vcs8._.js:776
[  416176ms] [LOG] [Fast Refresh] done in 19ms @ http://localhost:3111/_next/static/chunks/node_modules_next_dist_1e8vcs8._.js:776
[  416226ms] [LOG] [Fast Refresh] done in 19ms @ http://localhost:3111/_next/static/chunks/node_modules_next_dist_1e8vcs8._.js:776
[  416277ms] [LOG] [Fast Refresh] done in 19ms @ http://localhost:3111/_next/static/chunks/node_modules_next_dist_1e8vcs8._.js:776
[  416327ms] [LOG] [Fast Refresh] done in 19ms @ http://localhost:3111/_next/static/chunks/node_modules_next_dist_1e8vcs8._.js:776
[  416377ms] [LOG] [Fast Refresh] done in 19ms @ http://localhost:3111/_next/static/chunks/node_modules_next_dist_1e8vcs8._.js:776
[  416426ms] [LOG] [Fast Refresh] done in 19ms @ http://localhost:3111/_next/static/chunks/node_modules_next_dist_1e8vcs8._.js:776
[  416476ms] [LOG] [Fast Refresh] done in 19ms @ http://localhost:3111/_next/static/chunks/node_modules_next_dist_1e8vcs8._.js:776
[  416527ms] [LOG] [Fast Refresh] done in 19ms @ http://localhost:3111/_next/static/chunks/node_modules_next_dist_1e8vcs8._.js:776
[  416576ms] [LOG] [Fast Refresh] done in 19ms @ http://localhost:3111/_next/static/chunks/node_modules_next_dist_1e8vcs8._.js:776
[  416626ms] [LOG] [Fast Refresh] done in 19ms @ http://localhost:3111/_next/static/chunks/node_modules_next_dist_1e8vcs8._.js:776
[  416677ms] [LOG] [Fast Refresh] done in 19ms @ http://localhost:3111/_next/static/chunks/node_modules_next_dist_1e8vcs8._.js:776
[  416726ms] [LOG] [Fast Refresh] done in 19ms @ http://localhost:3111/_next/static/chunks/node_modules_next_dist_1e8vcs8._.js:776
[  416776ms] [LOG] [Fast Refresh] done in 19ms @ http://localhost:3111/_next/static/chunks/node_modules_next_dist_1e8vcs8._.js:776
[  416826ms] [LOG] [Fast Refresh] done in 19ms @ http://localhost:3111/_next/static/chunks/node_modules_next_dist_1e8vcs8._.js:776
[  416877ms] [LOG] [Fast Refresh] done in 19ms @ http://localhost:3111/_next/static/chunks/node_modules_next_dist_1e8vcs8._.js:776
[  416926ms] [LOG] [Fast Refresh] done in 19ms @ http://localhost:3111/_next/static/chunks/node_modules_next_dist_1e8vcs8._.js:776
[  416978ms] [LOG] [Fast Refresh] done in 19ms @ http://localhost:3111/_next/static/chunks/node_modules_next_dist_1e8vcs8._.js:776
[  417026ms] [LOG] [Fast Refresh] done in 19ms @ http://localhost:3111/_next/static/chunks/node_modules_next_dist_1e8vcs8._.js:776
[  417076ms] [LOG] [Fast Refresh] done in 19ms @ http://localhost:3111/_next/static/chunks/node_modules_next_dist_1e8vcs8._.js:776
[  417127ms] [LOG] [Fast Refresh] done in 19ms @ http://localhost:3111/_next/static/chunks/node_modules_next_dist_1e8vcs8._.js:776
[  417177ms] [LOG] [Fast Refresh] done in 19ms @ http://localhost:3111/_next/static/chunks/node_modules_next_dist_1e8vcs8._.js:776
[  417226ms] [LOG] [Fast Refresh] done in 19ms @ http://localhost:3111/_next/static/chunks/node_modules_next_dist_1e8vcs8._.js:776
[  417278ms] [LOG] [Fast Refresh] done in 19ms @ http://localhost:3111/_next/static/chunks/node_modules_next_dist_1e8vcs8._.js:776
[  417327ms] [LOG] [Fast Refresh] done in 19ms @ http://localhost:3111/_next/static/chunks/node_modules_next_dist_1e8vcs8._.js:776
[  417376ms] [LOG] [Fast Refresh] done in 19ms @ http://localhost:3111/_next/static/chunks/node_modules_next_dist_1e8vcs8._.js:776
[  417427ms] [LOG] [Fast Refresh] done in 19ms @ http://localhost:3111/_next/static/chunks/node_modules_next_dist_1e8vcs8._.js:776
[  417479ms] [LOG] [Fast Refresh] done in 19ms @ http://localhost:3111/_next/static/chunks/node_modules_next_dist_1e8vcs8._.js:776
[  417527ms] [LOG] [Fast Refresh] done in 19ms @ http://localhost:3111/_next/static/chunks/node_modules_next_dist_1e8vcs8._.js:776
[  417576ms] [LOG] [Fast Refresh] done in 19ms @ http://localhost:3111/_next/static/chunks/node_modules_next_dist_1e8vcs8._.js:776
[  417626ms] [LOG] [Fast Refresh] done in 19ms @ http://localhost:3111/_next/static/chunks/node_modules_next_dist_1e8vcs8._.js:776
[  417677ms] [LOG] [Fast Refresh] done in 19ms @ http://localhost:3111/_next/static/chunks/node_modules_next_dist_1e8vcs8._.js:776
[  417727ms] [LOG] [Fast Refresh] done in 19ms @ http://localhost:3111/_next/static/chunks/node_modules_next_dist_1e8vcs8._.js:776
[  417776ms] [LOG] [Fast Refresh] done in 19ms @ http://localhost:3111/_next/static/chunks/node_modules_next_dist_1e8vcs8._.js:776
[  417826ms] [LOG] [Fast Refresh] done in 19ms @ http://localhost:3111/_next/static/chunks/node_modules_next_dist_1e8vcs8._.js:776
[  417876ms] [LOG] [Fast Refresh] done in 19ms @ http://localhost:3111/_next/static/chunks/node_modules_next_dist_1e8vcs8._.js:776
[  417926ms] [LOG] [Fast Refresh] done in 19ms @ http://localhost:3111/_next/static/chunks/node_modules_next_dist_1e8vcs8._.js:776
[  417991ms] [LOG] [Fast Refresh] done in 19ms @ http://localhost:3111/_next/static/chunks/node_modules_next_dist_1e8vcs8._.js:776
[  418043ms] [LOG] [Fast Refresh] done in 19ms @ http://localhost:3111/_next/static/chunks/node_modules_next_dist_1e8vcs8._.js:776
[  418109ms] [LOG] [Fast Refresh] done in 19ms @ http://localhost:3111/_next/static/chunks/node_modules_next_dist_1e8vcs8._.js:776
[  418159ms] [LOG] [Fast Refresh] done in 19ms @ http://localhost:3111/_next/static/chunks/node_modules_next_dist_1e8vcs8._.js:776
[  418210ms] [LOG] [Fast Refresh] done in 19ms @ http://localhost:3111/_next/static/chunks/node_modules_next_dist_1e8vcs8._.js:776
[  418260ms] [LOG] [Fast Refresh] done in 19ms @ http://localhost:3111/_next/static/chunks/node_modules_next_dist_1e8vcs8._.js:776
[  418309ms] [LOG] [Fast Refresh] done in 19ms @ http://localhost:3111/_next/static/chunks/node_modules_next_dist_1e8vcs8._.js:776
[  418362ms] [LOG] [Fast Refresh] done in 19ms @ http://localhost:3111/_next/static/chunks/node_modules_next_dist_1e8vcs8._.js:776
[  418410ms] [LOG] [Fast Refresh] done in 19ms @ http://localhost:3111/_next/static/chunks/node_modules_next_dist_1e8vcs8._.js:776
[  418460ms] [LOG] [Fast Refresh] done in 19ms @ http://localhost:3111/_next/static/chunks/node_modules_next_dist_1e8vcs8._.js:776
[  418512ms] [LOG] [Fast Refresh] done in 19ms @ http://localhost:3111/_next/static/chunks/node_modules_next_dist_1e8vcs8._.js:776
[  418560ms] [LOG] [Fast Refresh] done in 19ms @ http://localhost:3111/_next/static/chunks/node_modules_next_dist_1e8vcs8._.js:776
[  418612ms] [LOG] [Fast Refresh] done in 19ms @ http://localhost:3111/_next/static/chunks/node_modules_next_dist_1e8vcs8._.js:776
[  418659ms] [LOG] [Fast Refresh] done in 19ms @ http://localhost:3111/_next/static/chunks/node_modules_next_dist_1e8vcs8._.js:776
[  418711ms] [LOG] [Fast Refresh] done in 19ms @ http://localhost:3111/_next/static/chunks/node_modules_next_dist_1e8vcs8._.js:776
[  418760ms] [LOG] [Fast Refresh] done in 19ms @ http://localhost:3111/_next/static/chunks/node_modules_next_dist_1e8vcs8._.js:776
[  418810ms] [LOG] [Fast Refresh] done in 19ms @ http://localhost:3111/_next/static/chunks/node_modules_next_dist_1e8vcs8._.js:776
[  418859ms] [LOG] [Fast Refresh] done in 19ms @ http://localhost:3111/_next/static/chunks/node_modules_next_dist_1e8vcs8._.js:776
[  418910ms] [LOG] [Fast Refresh] done in 19ms @ http://localhost:3111/_next/static/chunks/node_modules_next_dist_1e8vcs8._.js:776
[  418959ms] [LOG] [Fast Refresh] done in 19ms @ http://localhost:3111/_next/static/chunks/node_modules_next_dist_1e8vcs8._.js:776
[  419026ms] [LOG] [Fast Refresh] done in 19ms @ http://localhost:3111/_next/static/chunks/node_modules_next_dist_1e8vcs8._.js:776
[  419076ms] [LOG] [Fast Refresh] done in 19ms @ http://localhost:3111/_next/static/chunks/node_modules_next_dist_1e8vcs8._.js:776
[  419127ms] [LOG] [Fast Refresh] done in 19ms @ http://localhost:3111/_next/static/chunks/node_modules_next_dist_1e8vcs8._.js:776
[  419177ms] [LOG] [Fast Refresh] done in 19ms @ http://localhost:3111/_next/static/chunks/node_modules_next_dist_1e8vcs8._.js:776
[  419227ms] [LOG] [Fast Refresh] done in 19ms @ http://localhost:3111/_next/static/chunks/node_modules_next_dist_1e8vcs8._.js:776
[  419276ms] [LOG] [Fast Refresh] done in 19ms @ http://localhost:3111/_next/static/chunks/node_modules_next_dist_1e8vcs8._.js:776
[  419327ms] [LOG] [Fast Refresh] done in 19ms @ http://localhost:3111/_next/static/chunks/node_modules_next_dist_1e8vcs8._.js:776
[  419376ms] [LOG] [Fast Refresh] done in 19ms @ http://localhost:3111/_next/static/chunks/node_modules_next_dist_1e8vcs8._.js:776
[  419426ms] [LOG] [Fast Refresh] done in 19ms @ http://localhost:3111/_next/static/chunks/node_modules_next_dist_1e8vcs8._.js:776
[  419477ms] [LOG] [Fast Refresh] done in 19ms @ http://localhost:3111/_next/static/chunks/node_modules_next_dist_1e8vcs8._.js:776
[  419527ms] [LOG] [Fast Refresh] done in 19ms @ http://localhost:3111/_next/static/chunks/node_modules_next_dist_1e8vcs8._.js:776
[  419576ms] [LOG] [Fast Refresh] done in 19ms @ http://localhost:3111/_next/static/chunks/node_modules_next_dist_1e8vcs8._.js:776
[  419626ms] [LOG] [Fast Refresh] done in 19ms @ http://localhost:3111/_next/static/chunks/node_modules_next_dist_1e8vcs8._.js:776
[  419677ms] [LOG] [Fast Refresh] done in 19ms @ http://localhost:3111/_next/static/chunks/node_modules_next_dist_1e8vcs8._.js:776
[  419726ms] [LOG] [Fast Refresh] done in 19ms @ http://localhost:3111/_next/static/chunks/node_modules_next_dist_1e8vcs8._.js:776
[  419792ms] [LOG] [Fast Refresh] done in 19ms @ http://localhost:3111/_next/static/chunks/node_modules_next_dist_1e8vcs8._.js:776
[  419843ms] [LOG] [Fast Refresh] done in 19ms @ http://localhost:3111/_next/static/chunks/node_modules_next_dist_1e8vcs8._.js:776
[  419892ms] [LOG] [Fast Refresh] done in 19ms @ http://localhost:3111/_next/static/chunks/node_modules_next_dist_1e8vcs8._.js:776
[  419942ms] [LOG] [Fast Refresh] done in 19ms @ http://localhost:3111/_next/static/chunks/node_modules_next_dist_1e8vcs8._.js:776
[  419993ms] [LOG] [Fast Refresh] done in 19ms @ http://localhost:3111/_next/static/chunks/node_modules_next_dist_1e8vcs8._.js:776
[  420043ms] [LOG] [Fast Refresh] done in 19ms @ http://localhost:3111/_next/static/chunks/node_modules_next_dist_1e8vcs8._.js:776
[  420095ms] [LOG] [Fast Refresh] done in 19ms @ http://localhost:3111/_next/static/chunks/node_modules_next_dist_1e8vcs8._.js:776
[  420142ms] [LOG] [Fast Refresh] done in 19ms @ http://localhost:3111/_next/static/chunks/node_modules_next_dist_1e8vcs8._.js:776
[  420192ms] [LOG] [Fast Refresh] done in 19ms @ http://localhost:3111/_next/static/chunks/node_modules_next_dist_1e8vcs8._.js:776
[  420242ms] [LOG] [Fast Refresh] done in 19ms @ http://localhost:3111/_next/static/chunks/node_modules_next_dist_1e8vcs8._.js:776
[  420292ms] [LOG] [Fast Refresh] done in 19ms @ http://localhost:3111/_next/static/chunks/node_modules_next_dist_1e8vcs8._.js:776
[  420343ms] [LOG] [Fast Refresh] done in 19ms @ http://localhost:3111/_next/static/chunks/node_modules_next_dist_1e8vcs8._.js:776
[  420393ms] [LOG] [Fast Refresh] done in 19ms @ http://localhost:3111/_next/static/chunks/node_modules_next_dist_1e8vcs8._.js:776
[  420459ms] [LOG] [Fast Refresh] done in 19ms @ http://localhost:3111/_next/static/chunks/node_modules_next_dist_1e8vcs8._.js:776
[  420511ms] [LOG] [Fast Refresh] done in 19ms @ http://localhost:3111/_next/static/chunks/node_modules_next_dist_1e8vcs8._.js:776
[  420559ms] [LOG] [Fast Refresh] done in 19ms @ http://localhost:3111/_next/static/chunks/node_modules_next_dist_1e8vcs8._.js:776
[  420610ms] [LOG] [Fast Refresh] done in 19ms @ http://localhost:3111/_next/static/chunks/node_modules_next_dist_1e8vcs8._.js:776
[  420659ms] [LOG] [Fast Refresh] done in 19ms @ http://localhost:3111/_next/static/chunks/node_modules_next_dist_1e8vcs8._.js:776
[  420709ms] [LOG] [Fast Refresh] done in 19ms @ http://localhost:3111/_next/static/chunks/node_modules_next_dist_1e8vcs8._.js:776
[  420760ms] [LOG] [Fast Refresh] done in 19ms @ http://localhost:3111/_next/static/chunks/node_modules_next_dist_1e8vcs8._.js:776
[  420809ms] [LOG] [Fast Refresh] done in 19ms @ http://localhost:3111/_next/static/chunks/node_modules_next_dist_1e8vcs8._.js:776
[  420859ms] [LOG] [Fast Refresh] done in 19ms @ http://localhost:3111/_next/static/chunks/node_modules_next_dist_1e8vcs8._.js:776
[  420909ms] [LOG] [Fast Refresh] done in 19ms @ http://localhost:3111/_next/static/chunks/node_modules_next_dist_1e8vcs8._.js:776
[  420959ms] [LOG] [Fast Refresh] done in 19ms @ http://localhost:3111/_next/static/chunks/node_modules_next_dist_1e8vcs8._.js:776
[  421008ms] [LOG] [Fast Refresh] done in 19ms @ http://localhost:3111/_next/static/chunks/node_modules_next_dist_1e8vcs8._.js:776
[  421060ms] [LOG] [Fast Refresh] done in 19ms @ http://localhost:3111/_next/static/chunks/node_modules_next_dist_1e8vcs8._.js:776
[  421110ms] [LOG] [Fast Refresh] done in 19ms @ http://localhost:3111/_next/static/chunks/node_modules_next_dist_1e8vcs8._.js:776
[  421161ms] [LOG] [Fast Refresh] done in 19ms @ http://localhost:3111/_next/static/chunks/node_modules_next_dist_1e8vcs8._.js:776
[  421209ms] [LOG] [Fast Refresh] done in 19ms @ http://localhost:3111/_next/static/chunks/node_modules_next_dist_1e8vcs8._.js:776
[  421260ms] [LOG] [Fast Refresh] done in 19ms @ http://localhost:3111/_next/static/chunks/node_modules_next_dist_1e8vcs8._.js:776
[  421309ms] [LOG] [Fast Refresh] done in 19ms @ http://localhost:3111/_next/static/chunks/node_modules_next_dist_1e8vcs8._.js:776
[  421359ms] [LOG] [Fast Refresh] done in 19ms @ http://localhost:3111/_next/static/chunks/node_modules_next_dist_1e8vcs8._.js:776
[  421409ms] [LOG] [Fast Refresh] done in 19ms @ http://localhost:3111/_next/static/chunks/node_modules_next_dist_1e8vcs8._.js:776
[  421460ms] [LOG] [Fast Refresh] done in 19ms @ http://localhost:3111/_next/static/chunks/node_modules_next_dist_1e8vcs8._.js:776
[  421512ms] [LOG] [Fast Refresh] done in 19ms @ http://localhost:3111/_next/static/chunks/node_modules_next_dist_1e8vcs8._.js:776
[  421560ms] [LOG] [Fast Refresh] done in 19ms @ http://localhost:3111/_next/static/chunks/node_modules_next_dist_1e8vcs8._.js:776
[  421610ms] [LOG] [Fast Refresh] done in 19ms @ http://localhost:3111/_next/static/chunks/node_modules_next_dist_1e8vcs8._.js:776
[  421659ms] [LOG] [Fast Refresh] done in 19ms @ http://localhost:3111/_next/static/chunks/node_modules_next_dist_1e8vcs8._.js:776
[  421710ms] [LOG] [Fast Refresh] done in 19ms @ http://localhost:3111/_next/static/chunks/node_modules_next_dist_1e8vcs8._.js:776
[  421759ms] [LOG] [Fast Refresh] done in 19ms @ http://localhost:3111/_next/static/chunks/node_modules_next_dist_1e8vcs8._.js:776
[  421809ms] [LOG] [Fast Refresh] done in 19ms @ http://localhost:3111/_next/static/chunks/node_modules_next_dist_1e8vcs8._.js:776
[  421860ms] [LOG] [Fast Refresh] done in 19ms @ http://localhost:3111/_next/static/chunks/node_modules_next_dist_1e8vcs8._.js:776
[  421909ms] [LOG] [Fast Refresh] done in 19ms @ http://localhost:3111/_next/static/chunks/node_modules_next_dist_1e8vcs8._.js:776
[  421960ms] [LOG] [Fast Refresh] done in 19ms @ http://localhost:3111/_next/static/chunks/node_modules_next_dist_1e8vcs8._.js:776
[  422023ms] [LOG] [Fast Refresh] done in 19ms @ http://localhost:3111/_next/static/chunks/node_modules_next_dist_1e8vcs8._.js:776
[  422062ms] [LOG] [Fast Refresh] done in 19ms @ http://localhost:3111/_next/static/chunks/node_modules_next_dist_1e8vcs8._.js:776
[  422110ms] [LOG] [Fast Refresh] done in 19ms @ http://localhost:3111/_next/static/chunks/node_modules_next_dist_1e8vcs8._.js:776
[  422160ms] [LOG] [Fast Refresh] done in 19ms @ http://localhost:3111/_next/static/chunks/node_modules_next_dist_1e8vcs8._.js:776
[  422209ms] [LOG] [Fast Refresh] done in 19ms @ http://localhost:3111/_next/static/chunks/node_modules_next_dist_1e8vcs8._.js:776
[  422260ms] [LOG] [Fast Refresh] done in 19ms @ http://localhost:3111/_next/static/chunks/node_modules_next_dist_1e8vcs8._.js:776
[  422310ms] [LOG] [Fast Refresh] done in 19ms @ http://localhost:3111/_next/static/chunks/node_modules_next_dist_1e8vcs8._.js:776
[  422359ms] [LOG] [Fast Refresh] done in 19ms @ http://localhost:3111/_next/static/chunks/node_modules_next_dist_1e8vcs8._.js:776
[  422408ms] [LOG] [Fast Refresh] done in 19ms @ http://localhost:3111/_next/static/chunks/node_modules_next_dist_1e8vcs8._.js:776
[  422462ms] [LOG] [Fast Refresh] done in 19ms @ http://localhost:3111/_next/static/chunks/node_modules_next_dist_1e8vcs8._.js:776
[  422512ms] [LOG] [Fast Refresh] done in 19ms @ http://localhost:3111/_next/static/chunks/node_modules_next_dist_1e8vcs8._.js:776
[  422560ms] [LOG] [Fast Refresh] done in 19ms @ http://localhost:3111/_next/static/chunks/node_modules_next_dist_1e8vcs8._.js:776
[  422611ms] [LOG] [Fast Refresh] done in 19ms @ http://localhost:3111/_next/static/chunks/node_modules_next_dist_1e8vcs8._.js:776
[  422660ms] [LOG] [Fast Refresh] done in 19ms @ http://localhost:3111/_next/static/chunks/node_modules_next_dist_1e8vcs8._.js:776
[  422708ms] [LOG] [Fast Refresh] done in 19ms @ http://localhost:3111/_next/static/chunks/node_modules_next_dist_1e8vcs8._.js:776
[  422760ms] [LOG] [Fast Refresh] done in 19ms @ http://localhost:3111/_next/static/chunks/node_modules_next_dist_1e8vcs8._.js:776
[  422808ms] [LOG] [Fast Refresh] done in 19ms @ http://localhost:3111/_next/static/chunks/node_modules_next_dist_1e8vcs8._.js:776
[  422859ms] [LOG] [Fast Refresh] done in 19ms @ http://localhost:3111/_next/static/chunks/node_modules_next_dist_1e8vcs8._.js:776
[  422910ms] [LOG] [Fast Refresh] done in 19ms @ http://localhost:3111/_next/static/chunks/node_modules_next_dist_1e8vcs8._.js:776
[  422963ms] [LOG] [Fast Refresh] done in 19ms @ http://localhost:3111/_next/static/chunks/node_modules_next_dist_1e8vcs8._.js:776
[  423023ms] [LOG] [Fast Refresh] done in 19ms @ http://localhost:3111/_next/static/chunks/node_modules_next_dist_1e8vcs8._.js:776
[  423060ms] [LOG] [Fast Refresh] done in 19ms @ http://localhost:3111/_next/static/chunks/node_modules_next_dist_1e8vcs8._.js:776
[  423109ms] [LOG] [Fast Refresh] done in 19ms @ http://localhost:3111/_next/static/chunks/node_modules_next_dist_1e8vcs8._.js:776
[  423159ms] [LOG] [Fast Refresh] done in 19ms @ http://localhost:3111/_next/static/chunks/node_modules_next_dist_1e8vcs8._.js:776
[  423210ms] [LOG] [Fast Refresh] done in 19ms @ http://localhost:3111/_next/static/chunks/node_modules_next_dist_1e8vcs8._.js:776
[  423259ms] [LOG] [Fast Refresh] done in 19ms @ http://localhost:3111/_next/static/chunks/node_modules_next_dist_1e8vcs8._.js:776
[  423310ms] [LOG] [Fast Refresh] done in 19ms @ http://localhost:3111/_next/static/chunks/node_modules_next_dist_1e8vcs8._.js:776
[  423360ms] [LOG] [Fast Refresh] done in 19ms @ http://localhost:3111/_next/static/chunks/node_modules_next_dist_1e8vcs8._.js:776
[  423409ms] [LOG] [Fast Refresh] done in 19ms @ http://localhost:3111/_next/static/chunks/node_modules_next_dist_1e8vcs8._.js:776
[  423459ms] [LOG] [Fast Refresh] done in 19ms @ http://localhost:3111/_next/static/chunks/node_modules_next_dist_1e8vcs8._.js:776
[  423508ms] [LOG] [Fast Refresh] done in 19ms @ http://localhost:3111/_next/static/chunks/node_modules_next_dist_1e8vcs8._.js:776
[  423563ms] [LOG] [Fast Refresh] done in 19ms @ http://localhost:3111/_next/static/chunks/node_modules_next_dist_1e8vcs8._.js:776
[  423612ms] [LOG] [Fast Refresh] done in 19ms @ http://localhost:3111/_next/static/chunks/node_modules_next_dist_1e8vcs8._.js:776
[  423660ms] [LOG] [Fast Refresh] done in 19ms @ http://localhost:3111/_next/static/chunks/node_modules_next_dist_1e8vcs8._.js:776
[  423710ms] [LOG] [Fast Refresh] done in 19ms @ http://localhost:3111/_next/static/chunks/node_modules_next_dist_1e8vcs8._.js:776
[  423760ms] [LOG] [Fast Refresh] done in 19ms @ http://localhost:3111/_next/static/chunks/node_modules_next_dist_1e8vcs8._.js:776
[  423809ms] [LOG] [Fast Refresh] done in 19ms @ http://localhost:3111/_next/static/chunks/node_modules_next_dist_1e8vcs8._.js:776
[  423862ms] [LOG] [Fast Refresh] done in 19ms @ http://localhost:3111/_next/static/chunks/node_modules_next_dist_1e8vcs8._.js:776
[  423910ms] [LOG] [Fast Refresh] done in 19ms @ http://localhost:3111/_next/static/chunks/node_modules_next_dist_1e8vcs8._.js:776
[  423958ms] [LOG] [Fast Refresh] done in 19ms @ http://localhost:3111/_next/static/chunks/node_modules_next_dist_1e8vcs8._.js:776
[  424024ms] [LOG] [Fast Refresh] done in 19ms @ http://localhost:3111/_next/static/chunks/node_modules_next_dist_1e8vcs8._.js:776
[  424062ms] [LOG] [Fast Refresh] done in 19ms @ http://localhost:3111/_next/static/chunks/node_modules_next_dist_1e8vcs8._.js:776
[  424109ms] [LOG] [Fast Refresh] done in 19ms @ http://localhost:3111/_next/static/chunks/node_modules_next_dist_1e8vcs8._.js:776
[  424160ms] [LOG] [Fast Refresh] done in 19ms @ http://localhost:3111/_next/static/chunks/node_modules_next_dist_1e8vcs8._.js:776
[  424210ms] [LOG] [Fast Refresh] done in 19ms @ http://localhost:3111/_next/static/chunks/node_modules_next_dist_1e8vcs8._.js:776
[  424258ms] [LOG] [Fast Refresh] done in 19ms @ http://localhost:3111/_next/static/chunks/node_modules_next_dist_1e8vcs8._.js:776
[  424310ms] [LOG] [Fast Refresh] done in 19ms @ http://localhost:3111/_next/static/chunks/node_modules_next_dist_1e8vcs8._.js:776
[  424358ms] [LOG] [Fast Refresh] done in 19ms @ http://localhost:3111/_next/static/chunks/node_modules_next_dist_1e8vcs8._.js:776
[  424409ms] [LOG] [Fast Refresh] done in 19ms @ http://localhost:3111/_next/static/chunks/node_modules_next_dist_1e8vcs8._.js:776
[  424459ms] [LOG] [Fast Refresh] done in 19ms @ http://localhost:3111/_next/static/chunks/node_modules_next_dist_1e8vcs8._.js:776
[  424511ms] [LOG] [Fast Refresh] done in 19ms @ http://localhost:3111/_next/static/chunks/node_modules_next_dist_1e8vcs8._.js:776
[  424560ms] [LOG] [Fast Refresh] done in 19ms @ http://localhost:3111/_next/static/chunks/node_modules_next_dist_1e8vcs8._.js:776
[  424609ms] [LOG] [Fast Refresh] done in 19ms @ http://localhost:3111/_next/static/chunks/node_modules_next_dist_1e8vcs8._.js:776
[  424660ms] [LOG] [Fast Refresh] done in 19ms @ http://localhost:3111/_next/static/chunks/node_modules_next_dist_1e8vcs8._.js:776
[  424709ms] [LOG] [Fast Refresh] done in 19ms @ http://localhost:3111/_next/static/chunks/node_modules_next_dist_1e8vcs8._.js:776
[  424759ms] [LOG] [Fast Refresh] done in 19ms @ http://localhost:3111/_next/static/chunks/node_modules_next_dist_1e8vcs8._.js:776
[  424809ms] [LOG] [Fast Refresh] done in 19ms @ http://localhost:3111/_next/static/chunks/node_modules_next_dist_1e8vcs8._.js:776
[  424859ms] [LOG] [Fast Refresh] done in 19ms @ http://localhost:3111/_next/static/chunks/node_modules_next_dist_1e8vcs8._.js:776
[  424908ms] [LOG] [Fast Refresh] done in 19ms @ http://localhost:3111/_next/static/chunks/node_modules_next_dist_1e8vcs8._.js:776
[  424960ms] [LOG] [Fast Refresh] done in 19ms @ http://localhost:3111/_next/static/chunks/node_modules_next_dist_1e8vcs8._.js:776
[  425011ms] [LOG] [Fast Refresh] done in 19ms @ http://localhost:3111/_next/static/chunks/node_modules_next_dist_1e8vcs8._.js:776
[  425059ms] [LOG] [Fast Refresh] done in 19ms @ http://localhost:3111/_next/static/chunks/node_modules_next_dist_1e8vcs8._.js:776
[  425109ms] [LOG] [Fast Refresh] done in 19ms @ http://localhost:3111/_next/static/chunks/node_modules_next_dist_1e8vcs8._.js:776
[  425158ms] [LOG] [Fast Refresh] done in 19ms @ http://localhost:3111/_next/static/chunks/node_modules_next_dist_1e8vcs8._.js:776
[  425211ms] [LOG] [Fast Refresh] done in 19ms @ http://localhost:3111/_next/static/chunks/node_modules_next_dist_1e8vcs8._.js:776
[  425260ms] [LOG] [Fast Refresh] done in 19ms @ http://localhost:3111/_next/static/chunks/node_modules_next_dist_1e8vcs8._.js:776
[  425308ms] [LOG] [Fast Refresh] done in 19ms @ http://localhost:3111/_next/static/chunks/node_modules_next_dist_1e8vcs8._.js:776
[  425359ms] [LOG] [Fast Refresh] done in 19ms @ http://localhost:3111/_next/static/chunks/node_modules_next_dist_1e8vcs8._.js:776
[  425409ms] [LOG] [Fast Refresh] done in 19ms @ http://localhost:3111/_next/static/chunks/node_modules_next_dist_1e8vcs8._.js:776
[  425460ms] [LOG] [Fast Refresh] done in 19ms @ http://localhost:3111/_next/static/chunks/node_modules_next_dist_1e8vcs8._.js:776
[  425511ms] [LOG] [Fast Refresh] done in 19ms @ http://localhost:3111/_next/static/chunks/node_modules_next_dist_1e8vcs8._.js:776
[  425560ms] [LOG] [Fast Refresh] done in 19ms @ http://localhost:3111/_next/static/chunks/node_modules_next_dist_1e8vcs8._.js:776
[  425609ms] [LOG] [Fast Refresh] done in 19ms @ http://localhost:3111/_next/static/chunks/node_modules_next_dist_1e8vcs8._.js:776
[  425660ms] [LOG] [Fast Refresh] done in 19ms @ http://localhost:3111/_next/static/chunks/node_modules_next_dist_1e8vcs8._.js:776
[  425711ms] [LOG] [Fast Refresh] done in 19ms @ http://localhost:3111/_next/static/chunks/node_modules_next_dist_1e8vcs8._.js:776
[  425759ms] [LOG] [Fast Refresh] done in 19ms @ http://localhost:3111/_next/static/chunks/node_modules_next_dist_1e8vcs8._.js:776
[  425810ms] [LOG] [Fast Refresh] done in 19ms @ http://localhost:3111/_next/static/chunks/node_modules_next_dist_1e8vcs8._.js:776
[  425859ms] [LOG] [Fast Refresh] done in 19ms @ http://localhost:3111/_next/static/chunks/node_modules_next_dist_1e8vcs8._.js:776
[  425909ms] [LOG] [Fast Refresh] done in 19ms @ http://localhost:3111/_next/static/chunks/node_modules_next_dist_1e8vcs8._.js:776
[  425960ms] [LOG] [Fast Refresh] done in 19ms @ http://localhost:3111/_next/static/chunks/node_modules_next_dist_1e8vcs8._.js:776
[  426011ms] [LOG] [Fast Refresh] done in 19ms @ http://localhost:3111/_next/static/chunks/node_modules_next_dist_1e8vcs8._.js:776
[  426058ms] [LOG] [Fast Refresh] done in 19ms @ http://localhost:3111/_next/static/chunks/node_modules_next_dist_1e8vcs8._.js:776
[  426109ms] [LOG] [Fast Refresh] done in 19ms @ http://localhost:3111/_next/static/chunks/node_modules_next_dist_1e8vcs8._.js:776
[  426160ms] [LOG] [Fast Refresh] done in 19ms @ http://localhost:3111/_next/static/chunks/node_modules_next_dist_1e8vcs8._.js:776
[  426208ms] [LOG] [Fast Refresh] done in 19ms @ http://localhost:3111/_next/static/chunks/node_modules_next_dist_1e8vcs8._.js:776
[  426258ms] [LOG] [Fast Refresh] done in 19ms @ http://localhost:3111/_next/static/chunks/node_modules_next_dist_1e8vcs8._.js:776
[  426309ms] [LOG] [Fast Refresh] done in 19ms @ http://localhost:3111/_next/static/chunks/node_modules_next_dist_1e8vcs8._.js:776
[  426361ms] [LOG] [Fast Refresh] done in 19ms @ http://localhost:3111/_next/static/chunks/node_modules_next_dist_1e8vcs8._.js:776
[  426409ms] [LOG] [Fast Refresh] done in 19ms @ http://localhost:3111/_next/static/chunks/node_modules_next_dist_1e8vcs8._.js:776
[  426459ms] [LOG] [Fast Refresh] done in 19ms @ http://localhost:3111/_next/static/chunks/node_modules_next_dist_1e8vcs8._.js:776
[  426522ms] [LOG] [Fast Refresh] done in 19ms @ http://localhost:3111/_next/static/chunks/node_modules_next_dist_1e8vcs8._.js:776
[  426574ms] [LOG] [Fast Refresh] done in 19ms @ http://localhost:3111/_next/static/chunks/node_modules_next_dist_1e8vcs8._.js:776
[  426626ms] [LOG] [Fast Refresh] done in 19ms @ http://localhost:3111/_next/static/chunks/node_modules_next_dist_1e8vcs8._.js:776
[  426676ms] [LOG] [Fast Refresh] done in 19ms @ http://localhost:3111/_next/static/chunks/node_modules_next_dist_1e8vcs8._.js:776
[  426728ms] [LOG] [Fast Refresh] done in 19ms @ http://localhost:3111/_next/static/chunks/node_modules_next_dist_1e8vcs8._.js:776
[  426777ms] [LOG] [Fast Refresh] done in 19ms @ http://localhost:3111/_next/static/chunks/node_modules_next_dist_1e8vcs8._.js:776
[  426825ms] [LOG] [Fast Refresh] done in 19ms @ http://localhost:3111/_next/static/chunks/node_modules_next_dist_1e8vcs8._.js:776
[  426876ms] [LOG] [Fast Refresh] done in 19ms @ http://localhost:3111/_next/static/chunks/node_modules_next_dist_1e8vcs8._.js:776
[  426928ms] [LOG] [Fast Refresh] done in 19ms @ http://localhost:3111/_next/static/chunks/node_modules_next_dist_1e8vcs8._.js:776
[  426976ms] [LOG] [Fast Refresh] done in 19ms @ http://localhost:3111/_next/static/chunks/node_modules_next_dist_1e8vcs8._.js:776
[  427025ms] [LOG] [Fast Refresh] done in 19ms @ http://localhost:3111/_next/static/chunks/node_modules_next_dist_1e8vcs8._.js:776
[  427078ms] [LOG] [Fast Refresh] done in 19ms @ http://localhost:3111/_next/static/chunks/node_modules_next_dist_1e8vcs8._.js:776
