[   54641ms] [LOG] [Fast Refresh] rebuilding @ http://localhost:3111/_next/static/chunks/node_modules_next_dist_1e8vcs8._.js:776
[   54738ms] [LOG] [Fast Refresh] done in 36ms @ http://localhost:3111/_next/static/chunks/node_modules_next_dist_1e8vcs8._.js:776
[  112774ms] [LOG] [Fast Refresh] rebuilding @ http://localhost:3111/_next/static/chunks/node_modules_next_dist_1e8vcs8._.js:776
[  113045ms] [LOG] [Fast Refresh] done in 371ms @ http://localhost:3111/_next/static/chunks/node_modules_next_dist_1e8vcs8._.js:776
[  266627ms] [LOG] [Fast Refresh] rebuilding @ http://localhost:3111/_next/static/chunks/node_modules_next_dist_1e8vcs8._.js:776
[  266675ms] [LOG] [Fast Refresh] done in 17ms @ http://localhost:3111/_next/static/chunks/node_modules_next_dist_1e8vcs8._.js:776
[  266728ms] [LOG] [Fast Refresh] done in 17ms @ http://localhost:3111/_next/static/chunks/node_modules_next_dist_1e8vcs8._.js:776
[  266790ms] [LOG] [Fast Refresh] done in 17ms @ http://localhost:3111/_next/static/chunks/node_modules_next_dist_1e8vcs8._.js:776
[  266852ms] [LOG] [Fast Refresh] done in 17ms @ http://localhost:3111/_next/static/chunks/node_modules_next_dist_1e8vcs8._.js:776
[  266894ms] [LOG] [Fast Refresh] done in 17ms @ http://localhost:3111/_next/static/chunks/node_modules_next_dist_1e8vcs8._.js:776
[  266936ms] [LOG] [Fast Refresh] done in 17ms @ http://localhost:3111/_next/static/chunks/node_modules_next_dist_1e8vcs8._.js:776
[  266977ms] [LOG] [Fast Refresh] done in 17ms @ http://localhost:3111/_next/static/chunks/node_modules_next_dist_1e8vcs8._.js:776
[  267021ms] [LOG] [Fast Refresh] done in 17ms @ http://localhost:3111/_next/static/chunks/node_modules_next_dist_1e8vcs8._.js:776
[  267060ms] [LOG] [Fast Refresh] done in 17ms @ http://localhost:3111/_next/static/chunks/node_modules_next_dist_1e8vcs8._.js:776
[  267110ms] [LOG] [Fast Refresh] done in 17ms @ http://localhost:3111/_next/static/chunks/node_modules_next_dist_1e8vcs8._.js:776
[  267149ms] [LOG] [Fast Refresh] done in 17ms @ http://localhost:3111/_next/static/chunks/node_modules_next_dist_1e8vcs8._.js:776
[  267192ms] [LOG] [Fast Refresh] done in 17ms @ http://localhost:3111/_next/static/chunks/node_modules_next_dist_1e8vcs8._.js:776
[  267235ms] [LOG] [Fast Refresh] done in 17ms @ http://localhost:3111/_next/static/chunks/node_modules_next_dist_1e8vcs8._.js:776
[  267277ms] [LOG] [Fast Refresh] done in 17ms @ http://localhost:3111/_next/static/chunks/node_modules_next_dist_1e8vcs8._.js:776
[  267329ms] [LOG] [Fast Refresh] done in 17ms @ http://localhost:3111/_next/static/chunks/node_modules_next_dist_1e8vcs8._.js:776
[  267392ms] [LOG] [Fast Refresh] done in 17ms @ http://localhost:3111/_next/static/chunks/node_modules_next_dist_1e8vcs8._.js:776
[  267454ms] [LOG] [Fast Refresh] done in 17ms @ http://localhost:3111/_next/static/chunks/node_modules_next_dist_1e8vcs8._.js:776
[  267517ms] [LOG] [Fast Refresh] done in 17ms @ http://localhost:3111/_next/static/chunks/node_modules_next_dist_1e8vcs8._.js:776
[  267580ms] [LOG] [Fast Refresh] done in 17ms @ http://localhost:3111/_next/static/chunks/node_modules_next_dist_1e8vcs8._.js:776
[  267630ms] [LOG] [Fast Refresh] done in 17ms @ http://localhost:3111/_next/static/chunks/node_modules_next_dist_1e8vcs8._.js:776
[  267677ms] [LOG] [Fast Refresh] done in 17ms @ http://localhost:3111/_next/static/chunks/node_modules_next_dist_1e8vcs8._.js:776
[  267721ms] [LOG] [Fast Refresh] done in 17ms @ http://localhost:3111/_next/static/chunks/node_modules_next_dist_1e8vcs8._.js:776
[  267760ms] [LOG] [Fast Refresh] done in 17ms @ http://localhost:3111/_next/static/chunks/node_modules_next_dist_1e8vcs8._.js:776
[  267809ms] [LOG] [Fast Refresh] done in 17ms @ http://localhost:3111/_next/static/chunks/node_modules_next_dist_1e8vcs8._.js:776
[  267857ms] [LOG] [Fast Refresh] done in 17ms @ http://localhost:3111/_next/static/chunks/node_modules_next_dist_1e8vcs8._.js:776
[  267910ms] [LOG] [Fast Refresh] done in 17ms @ http://localhost:3111/_next/static/chunks/node_modules_next_dist_1e8vcs8._.js:776
[  267960ms] [LOG] [Fast Refresh] done in 17ms @ http://localhost:3111/_next/static/chunks/node_modules_next_dist_1e8vcs8._.js:776
[  268003ms] [LOG] [Fast Refresh] done in 17ms @ http://localhost:3111/_next/static/chunks/node_modules_next_dist_1e8vcs8._.js:776
[  268044ms] [LOG] [Fast Refresh] done in 17ms @ http://localhost:3111/_next/static/chunks/node_modules_next_dist_1e8vcs8._.js:776
[  268094ms] [LOG] [Fast Refresh] done in 17ms @ http://localhost:3111/_next/static/chunks/node_modules_next_dist_1e8vcs8._.js:776
[  268142ms] [LOG] [Fast Refresh] done in 17ms @ http://localhost:3111/_next/static/chunks/node_modules_next_dist_1e8vcs8._.js:776
[  268194ms] [LOG] [Fast Refresh] done in 17ms @ http://localhost:3111/_next/static/chunks/node_modules_next_dist_1e8vcs8._.js:776
[  268242ms] [LOG] [Fast Refresh] done in 17ms @ http://localhost:3111/_next/static/chunks/node_modules_next_dist_1e8vcs8._.js:776
[  268292ms] [LOG] [Fast Refresh] done in 17ms @ http://localhost:3111/_next/static/chunks/node_modules_next_dist_1e8vcs8._.js:776
[  268342ms] [LOG] [Fast Refresh] done in 17ms @ http://localhost:3111/_next/static/chunks/node_modules_next_dist_1e8vcs8._.js:776
[  268394ms] [LOG] [Fast Refresh] done in 17ms @ http://localhost:3111/_next/static/chunks/node_modules_next_dist_1e8vcs8._.js:776
[  268444ms] [LOG] [Fast Refresh] done in 17ms @ http://localhost:3111/_next/static/chunks/node_modules_next_dist_1e8vcs8._.js:776
[  268492ms] [LOG] [Fast Refresh] done in 17ms @ http://localhost:3111/_next/static/chunks/node_modules_next_dist_1e8vcs8._.js:776
[  268555ms] [LOG] [Fast Refresh] done in 17ms @ http://localhost:3111/_next/static/chunks/node_modules_next_dist_1e8vcs8._.js:776
[  268602ms] [LOG] [Fast Refresh] done in 17ms @ http://localhost:3111/_next/static/chunks/node_modules_next_dist_1e8vcs8._.js:776
[  268665ms] [LOG] [Fast Refresh] done in 17ms @ http://localhost:3111/_next/static/chunks/node_modules_next_dist_1e8vcs8._.js:776
[  268729ms] [LOG] [Fast Refresh] done in 17ms @ http://localhost:3111/_next/static/chunks/node_modules_next_dist_1e8vcs8._.js:776
[  268794ms] [LOG] [Fast Refresh] done in 17ms @ http://localhost:3111/_next/static/chunks/node_modules_next_dist_1e8vcs8._.js:776
[  268844ms] [LOG] [Fast Refresh] done in 17ms @ http://localhost:3111/_next/static/chunks/node_modules_next_dist_1e8vcs8._.js:776
[  268894ms] [LOG] [Fast Refresh] done in 17ms @ http://localhost:3111/_next/static/chunks/node_modules_next_dist_1e8vcs8._.js:776
[  268955ms] [LOG] [Fast Refresh] done in 17ms @ http://localhost:3111/_next/static/chunks/node_modules_next_dist_1e8vcs8._.js:776
[  269008ms] [LOG] [Fast Refresh] done in 17ms @ http://localhost:3111/_next/static/chunks/node_modules_next_dist_1e8vcs8._.js:776
[  269056ms] [LOG] [Fast Refresh] done in 17ms @ http://localhost:3111/_next/static/chunks/node_modules_next_dist_1e8vcs8._.js:776
[  269119ms] [LOG] [Fast Refresh] done in 17ms @ http://localhost:3111/_next/static/chunks/node_modules_next_dist_1e8vcs8._.js:776
[  269182ms] [LOG] [Fast Refresh] done in 17ms @ http://localhost:3111/_next/static/chunks/node_modules_next_dist_1e8vcs8._.js:776
[  269243ms] [LOG] [Fast Refresh] done in 17ms @ http://localhost:3111/_next/static/chunks/node_modules_next_dist_1e8vcs8._.js:776
[  269294ms] [LOG] [Fast Refresh] done in 17ms @ http://localhost:3111/_next/static/chunks/node_modules_next_dist_1e8vcs8._.js:776
[  269342ms] [LOG] [Fast Refresh] done in 17ms @ http://localhost:3111/_next/static/chunks/node_modules_next_dist_1e8vcs8._.js:776
[  269394ms] [LOG] [Fast Refresh] done in 17ms @ http://localhost:3111/_next/static/chunks/node_modules_next_dist_1e8vcs8._.js:776
[  269444ms] [LOG] [Fast Refresh] done in 17ms @ http://localhost:3111/_next/static/chunks/node_modules_next_dist_1e8vcs8._.js:776
[  269508ms] [LOG] [Fast Refresh] done in 17ms @ http://localhost:3111/_next/static/chunks/node_modules_next_dist_1e8vcs8._.js:776
[  269573ms] [LOG] [Fast Refresh] done in 17ms @ http://localhost:3111/_next/static/chunks/node_modules_next_dist_1e8vcs8._.js:776
[  269625ms] [LOG] [Fast Refresh] done in 17ms @ http://localhost:3111/_next/static/chunks/node_modules_next_dist_1e8vcs8._.js:776
[  269673ms] [LOG] [Fast Refresh] done in 17ms @ http://localhost:3111/_next/static/chunks/node_modules_next_dist_1e8vcs8._.js:776
[  269732ms] [LOG] [Fast Refresh] done in 17ms @ http://localhost:3111/_next/static/chunks/node_modules_next_dist_1e8vcs8._.js:776
[  269778ms] [LOG] [Fast Refresh] done in 17ms @ http://localhost:3111/_next/static/chunks/node_modules_next_dist_1e8vcs8._.js:776
[  269841ms] [LOG] [Fast Refresh] done in 17ms @ http://localhost:3111/_next/static/chunks/node_modules_next_dist_1e8vcs8._.js:776
[  269894ms] [LOG] [Fast Refresh] done in 17ms @ http://localhost:3111/_next/static/chunks/node_modules_next_dist_1e8vcs8._.js:776
[  269944ms] [LOG] [Fast Refresh] done in 17ms @ http://localhost:3111/_next/static/chunks/node_modules_next_dist_1e8vcs8._.js:776
[  269991ms] [LOG] [Fast Refresh] done in 17ms @ http://localhost:3111/_next/static/chunks/node_modules_next_dist_1e8vcs8._.js:776
[  270054ms] [LOG] [Fast Refresh] done in 17ms @ http://localhost:3111/_next/static/chunks/node_modules_next_dist_1e8vcs8._.js:776
[  270101ms] [LOG] [Fast Refresh] done in 17ms @ http://localhost:3111/_next/static/chunks/node_modules_next_dist_1e8vcs8._.js:776
[  270150ms] [LOG] [Fast Refresh] done in 17ms @ http://localhost:3111/_next/static/chunks/node_modules_next_dist_1e8vcs8._.js:776
[  270200ms] [LOG] [Fast Refresh] done in 17ms @ http://localhost:3111/_next/static/chunks/node_modules_next_dist_1e8vcs8._.js:776
[  270244ms] [LOG] [Fast Refresh] done in 17ms @ http://localhost:3111/_next/static/chunks/node_modules_next_dist_1e8vcs8._.js:776
[  270292ms] [LOG] [Fast Refresh] done in 17ms @ http://localhost:3111/_next/static/chunks/node_modules_next_dist_1e8vcs8._.js:776
[  270343ms] [LOG] [Fast Refresh] done in 17ms @ http://localhost:3111/_next/static/chunks/node_modules_next_dist_1e8vcs8._.js:776
[  270391ms] [LOG] [Fast Refresh] done in 17ms @ http://localhost:3111/_next/static/chunks/node_modules_next_dist_1e8vcs8._.js:776
[  270443ms] [LOG] [Fast Refresh] done in 17ms @ http://localhost:3111/_next/static/chunks/node_modules_next_dist_1e8vcs8._.js:776
[  270492ms] [LOG] [Fast Refresh] done in 17ms @ http://localhost:3111/_next/static/chunks/node_modules_next_dist_1e8vcs8._.js:776
[  270531ms] [LOG] [Fast Refresh] done in 17ms @ http://localhost:3111/_next/static/chunks/node_modules_next_dist_1e8vcs8._.js:776
[  270577ms] [LOG] [Fast Refresh] done in 17ms @ http://localhost:3111/_next/static/chunks/node_modules_next_dist_1e8vcs8._.js:776
[  270624ms] [LOG] [Fast Refresh] done in 17ms @ http://localhost:3111/_next/static/chunks/node_modules_next_dist_1e8vcs8._.js:776
[  270677ms] [LOG] [Fast Refresh] done in 17ms @ http://localhost:3111/_next/static/chunks/node_modules_next_dist_1e8vcs8._.js:776
[  270725ms] [LOG] [Fast Refresh] done in 17ms @ http://localhost:3111/_next/static/chunks/node_modules_next_dist_1e8vcs8._.js:776
[  270777ms] [LOG] [Fast Refresh] done in 17ms @ http://localhost:3111/_next/static/chunks/node_modules_next_dist_1e8vcs8._.js:776
[  270827ms] [LOG] [Fast Refresh] done in 17ms @ http://localhost:3111/_next/static/chunks/node_modules_next_dist_1e8vcs8._.js:776
[  270877ms] [LOG] [Fast Refresh] done in 17ms @ http://localhost:3111/_next/static/chunks/node_modules_next_dist_1e8vcs8._.js:776
[  270927ms] [LOG] [Fast Refresh] done in 17ms @ http://localhost:3111/_next/static/chunks/node_modules_next_dist_1e8vcs8._.js:776
[  270974ms] [LOG] [Fast Refresh] done in 17ms @ http://localhost:3111/_next/static/chunks/node_modules_next_dist_1e8vcs8._.js:776
[  271026ms] [LOG] [Fast Refresh] done in 17ms @ http://localhost:3111/_next/static/chunks/node_modules_next_dist_1e8vcs8._.js:776
[  271077ms] [LOG] [Fast Refresh] done in 17ms @ http://localhost:3111/_next/static/chunks/node_modules_next_dist_1e8vcs8._.js:776
[  271127ms] [LOG] [Fast Refresh] done in 17ms @ http://localhost:3111/_next/static/chunks/node_modules_next_dist_1e8vcs8._.js:776
[  271177ms] [LOG] [Fast Refresh] done in 17ms @ http://localhost:3111/_next/static/chunks/node_modules_next_dist_1e8vcs8._.js:776
[  271224ms] [LOG] [Fast Refresh] done in 17ms @ http://localhost:3111/_next/static/chunks/node_modules_next_dist_1e8vcs8._.js:776
[  271275ms] [LOG] [Fast Refresh] done in 17ms @ http://localhost:3111/_next/static/chunks/node_modules_next_dist_1e8vcs8._.js:776
[  271327ms] [LOG] [Fast Refresh] done in 17ms @ http://localhost:3111/_next/static/chunks/node_modules_next_dist_1e8vcs8._.js:776
[  271374ms] [LOG] [Fast Refresh] done in 17ms @ http://localhost:3111/_next/static/chunks/node_modules_next_dist_1e8vcs8._.js:776
[  271424ms] [LOG] [Fast Refresh] done in 17ms @ http://localhost:3111/_next/static/chunks/node_modules_next_dist_1e8vcs8._.js:776
[  271488ms] [LOG] [Fast Refresh] done in 17ms @ http://localhost:3111/_next/static/chunks/node_modules_next_dist_1e8vcs8._.js:776
[  271536ms] [LOG] [Fast Refresh] done in 17ms @ http://localhost:3111/_next/static/chunks/node_modules_next_dist_1e8vcs8._.js:776
[  271587ms] [LOG] [Fast Refresh] done in 17ms @ http://localhost:3111/_next/static/chunks/node_modules_next_dist_1e8vcs8._.js:776
[  271626ms] [LOG] [Fast Refresh] done in 17ms @ http://localhost:3111/_next/static/chunks/node_modules_next_dist_1e8vcs8._.js:776
[  271675ms] [LOG] [Fast Refresh] done in 17ms @ http://localhost:3111/_next/static/chunks/node_modules_next_dist_1e8vcs8._.js:776
[  271739ms] [LOG] [Fast Refresh] done in 17ms @ http://localhost:3111/_next/static/chunks/node_modules_next_dist_1e8vcs8._.js:776
[  271792ms] [LOG] [Fast Refresh] done in 17ms @ http://localhost:3111/_next/static/chunks/node_modules_next_dist_1e8vcs8._.js:776
[  271858ms] [LOG] [Fast Refresh] done in 17ms @ http://localhost:3111/_next/static/chunks/node_modules_next_dist_1e8vcs8._.js:776
[  271905ms] [LOG] [Fast Refresh] done in 17ms @ http://localhost:3111/_next/static/chunks/node_modules_next_dist_1e8vcs8._.js:776
[  271960ms] [LOG] [Fast Refresh] done in 17ms @ http://localhost:3111/_next/static/chunks/node_modules_next_dist_1e8vcs8._.js:776
[  272008ms] [LOG] [Fast Refresh] done in 17ms @ http://localhost:3111/_next/static/chunks/node_modules_next_dist_1e8vcs8._.js:776
[  272073ms] [LOG] [Fast Refresh] done in 17ms @ http://localhost:3111/_next/static/chunks/node_modules_next_dist_1e8vcs8._.js:776
[  272127ms] [LOG] [Fast Refresh] done in 17ms @ http://localhost:3111/_next/static/chunks/node_modules_next_dist_1e8vcs8._.js:776
[  272174ms] [LOG] [Fast Refresh] done in 17ms @ http://localhost:3111/_next/static/chunks/node_modules_next_dist_1e8vcs8._.js:776
[  272229ms] [LOG] [Fast Refresh] done in 17ms @ http://localhost:3111/_next/static/chunks/node_modules_next_dist_1e8vcs8._.js:776
[  272277ms] [LOG] [Fast Refresh] done in 17ms @ http://localhost:3111/_next/static/chunks/node_modules_next_dist_1e8vcs8._.js:776
[  272340ms] [LOG] [Fast Refresh] done in 17ms @ http://localhost:3111/_next/static/chunks/node_modules_next_dist_1e8vcs8._.js:776
[  272375ms] [LOG] [Fast Refresh] done in 17ms @ http://localhost:3111/_next/static/chunks/node_modules_next_dist_1e8vcs8._.js:776
[  272429ms] [LOG] [Fast Refresh] done in 17ms @ http://localhost:3111/_next/static/chunks/node_modules_next_dist_1e8vcs8._.js:776
[  272479ms] [LOG] [Fast Refresh] done in 17ms @ http://localhost:3111/_next/static/chunks/node_modules_next_dist_1e8vcs8._.js:776
[  272526ms] [LOG] [Fast Refresh] done in 17ms @ http://localhost:3111/_next/static/chunks/node_modules_next_dist_1e8vcs8._.js:776
[  272575ms] [LOG] [Fast Refresh] done in 17ms @ http://localhost:3111/_next/static/chunks/node_modules_next_dist_1e8vcs8._.js:776
[  272639ms] [LOG] [Fast Refresh] done in 17ms @ http://localhost:3111/_next/static/chunks/node_modules_next_dist_1e8vcs8._.js:776
[  272703ms] [LOG] [Fast Refresh] done in 17ms @ http://localhost:3111/_next/static/chunks/node_modules_next_dist_1e8vcs8._.js:776
[  272760ms] [LOG] [Fast Refresh] done in 17ms @ http://localhost:3111/_next/static/chunks/node_modules_next_dist_1e8vcs8._.js:776
[  272809ms] [LOG] [Fast Refresh] done in 17ms @ http://localhost:3111/_next/static/chunks/node_modules_next_dist_1e8vcs8._.js:776
[  272858ms] [LOG] [Fast Refresh] done in 17ms @ http://localhost:3111/_next/static/chunks/node_modules_next_dist_1e8vcs8._.js:776
[  272910ms] [LOG] [Fast Refresh] done in 17ms @ http://localhost:3111/_next/static/chunks/node_modules_next_dist_1e8vcs8._.js:776
[  272961ms] [LOG] [Fast Refresh] done in 17ms @ http://localhost:3111/_next/static/chunks/node_modules_next_dist_1e8vcs8._.js:776
[  273008ms] [LOG] [Fast Refresh] done in 17ms @ http://localhost:3111/_next/static/chunks/node_modules_next_dist_1e8vcs8._.js:776
[  273059ms] [LOG] [Fast Refresh] done in 17ms @ http://localhost:3111/_next/static/chunks/node_modules_next_dist_1e8vcs8._.js:776
[  273110ms] [LOG] [Fast Refresh] done in 17ms @ http://localhost:3111/_next/static/chunks/node_modules_next_dist_1e8vcs8._.js:776
[  273177ms] [LOG] [Fast Refresh] done in 17ms @ http://localhost:3111/_next/static/chunks/node_modules_next_dist_1e8vcs8._.js:776
[  273227ms] [LOG] [Fast Refresh] done in 17ms @ http://localhost:3111/_next/static/chunks/node_modules_next_dist_1e8vcs8._.js:776
[  273293ms] [LOG] [Fast Refresh] done in 17ms @ http://localhost:3111/_next/static/chunks/node_modules_next_dist_1e8vcs8._.js:776
[  273343ms] [LOG] [Fast Refresh] done in 17ms @ http://localhost:3111/_next/static/chunks/node_modules_next_dist_1e8vcs8._.js:776
[  273405ms] [LOG] [Fast Refresh] done in 17ms @ http://localhost:3111/_next/static/chunks/node_modules_next_dist_1e8vcs8._.js:776
[  273466ms] [LOG] [Fast Refresh] done in 17ms @ http://localhost:3111/_next/static/chunks/node_modules_next_dist_1e8vcs8._.js:776
[  273524ms] [LOG] [Fast Refresh] done in 17ms @ http://localhost:3111/_next/static/chunks/node_modules_next_dist_1e8vcs8._.js:776
[  273577ms] [LOG] [Fast Refresh] done in 17ms @ http://localhost:3111/_next/static/chunks/node_modules_next_dist_1e8vcs8._.js:776
[  273624ms] [LOG] [Fast Refresh] done in 17ms @ http://localhost:3111/_next/static/chunks/node_modules_next_dist_1e8vcs8._.js:776
[  273688ms] [LOG] [Fast Refresh] done in 17ms @ http://localhost:3111/_next/static/chunks/node_modules_next_dist_1e8vcs8._.js:776
[  273744ms] [LOG] [Fast Refresh] done in 17ms @ http://localhost:3111/_next/static/chunks/node_modules_next_dist_1e8vcs8._.js:776
[  273798ms] [LOG] [Fast Refresh] done in 17ms @ http://localhost:3111/_next/static/chunks/node_modules_next_dist_1e8vcs8._.js:776
[  273860ms] [LOG] [Fast Refresh] done in 17ms @ http://localhost:3111/_next/static/chunks/node_modules_next_dist_1e8vcs8._.js:776
[  273923ms] [LOG] [Fast Refresh] done in 17ms @ http://localhost:3111/_next/static/chunks/node_modules_next_dist_1e8vcs8._.js:776
[  273985ms] [LOG] [Fast Refresh] done in 17ms @ http://localhost:3111/_next/static/chunks/node_modules_next_dist_1e8vcs8._.js:776
[  274047ms] [LOG] [Fast Refresh] done in 17ms @ http://localhost:3111/_next/static/chunks/node_modules_next_dist_1e8vcs8._.js:776
[  274110ms] [LOG] [Fast Refresh] done in 17ms @ http://localhost:3111/_next/static/chunks/node_modules_next_dist_1e8vcs8._.js:776
[  274160ms] [LOG] [Fast Refresh] done in 17ms @ http://localhost:3111/_next/static/chunks/node_modules_next_dist_1e8vcs8._.js:776
[  274210ms] [LOG] [Fast Refresh] done in 17ms @ http://localhost:3111/_next/static/chunks/node_modules_next_dist_1e8vcs8._.js:776
[  274258ms] [LOG] [Fast Refresh] done in 17ms @ http://localhost:3111/_next/static/chunks/node_modules_next_dist_1e8vcs8._.js:776
[  274321ms] [LOG] [Fast Refresh] done in 17ms @ http://localhost:3111/_next/static/chunks/node_modules_next_dist_1e8vcs8._.js:776
[  274376ms] [LOG] [Fast Refresh] done in 17ms @ http://localhost:3111/_next/static/chunks/node_modules_next_dist_1e8vcs8._.js:776
[  274439ms] [LOG] [Fast Refresh] done in 17ms @ http://localhost:3111/_next/static/chunks/node_modules_next_dist_1e8vcs8._.js:776
[  274488ms] [LOG] [Fast Refresh] done in 17ms @ http://localhost:3111/_next/static/chunks/node_modules_next_dist_1e8vcs8._.js:776
[  274551ms] [LOG] [Fast Refresh] done in 17ms @ http://localhost:3111/_next/static/chunks/node_modules_next_dist_1e8vcs8._.js:776
[  274600ms] [LOG] [Fast Refresh] done in 17ms @ http://localhost:3111/_next/static/chunks/node_modules_next_dist_1e8vcs8._.js:776
[  274641ms] [LOG] [Fast Refresh] done in 17ms @ http://localhost:3111/_next/static/chunks/node_modules_next_dist_1e8vcs8._.js:776
[  274691ms] [LOG] [Fast Refresh] done in 17ms @ http://localhost:3111/_next/static/chunks/node_modules_next_dist_1e8vcs8._.js:776
[  274740ms] [LOG] [Fast Refresh] done in 17ms @ http://localhost:3111/_next/static/chunks/node_modules_next_dist_1e8vcs8._.js:776
[  274793ms] [LOG] [Fast Refresh] done in 17ms @ http://localhost:3111/_next/static/chunks/node_modules_next_dist_1e8vcs8._.js:776
[  274843ms] [LOG] [Fast Refresh] done in 17ms @ http://localhost:3111/_next/static/chunks/node_modules_next_dist_1e8vcs8._.js:776
[  274892ms] [LOG] [Fast Refresh] done in 17ms @ http://localhost:3111/_next/static/chunks/node_modules_next_dist_1e8vcs8._.js:776
[  274955ms] [LOG] [Fast Refresh] done in 17ms @ http://localhost:3111/_next/static/chunks/node_modules_next_dist_1e8vcs8._.js:776
[  275004ms] [LOG] [Fast Refresh] done in 17ms @ http://localhost:3111/_next/static/chunks/node_modules_next_dist_1e8vcs8._.js:776
[  275067ms] [LOG] [Fast Refresh] done in 17ms @ http://localhost:3111/_next/static/chunks/node_modules_next_dist_1e8vcs8._.js:776
[  275130ms] [LOG] [Fast Refresh] done in 17ms @ http://localhost:3111/_next/static/chunks/node_modules_next_dist_1e8vcs8._.js:776
[  275193ms] [LOG] [Fast Refresh] done in 17ms @ http://localhost:3111/_next/static/chunks/node_modules_next_dist_1e8vcs8._.js:776
[  275243ms] [LOG] [Fast Refresh] done in 17ms @ http://localhost:3111/_next/static/chunks/node_modules_next_dist_1e8vcs8._.js:776
[  275293ms] [LOG] [Fast Refresh] done in 17ms @ http://localhost:3111/_next/static/chunks/node_modules_next_dist_1e8vcs8._.js:776
[  275360ms] [LOG] [Fast Refresh] done in 17ms @ http://localhost:3111/_next/static/chunks/node_modules_next_dist_1e8vcs8._.js:776
[  275411ms] [LOG] [Fast Refresh] done in 17ms @ http://localhost:3111/_next/static/chunks/node_modules_next_dist_1e8vcs8._.js:776
[  275460ms] [LOG] [Fast Refresh] done in 17ms @ http://localhost:3111/_next/static/chunks/node_modules_next_dist_1e8vcs8._.js:776
[  275523ms] [LOG] [Fast Refresh] done in 17ms @ http://localhost:3111/_next/static/chunks/node_modules_next_dist_1e8vcs8._.js:776
[  275577ms] [LOG] [Fast Refresh] done in 17ms @ http://localhost:3111/_next/static/chunks/node_modules_next_dist_1e8vcs8._.js:776
[  275627ms] [LOG] [Fast Refresh] done in 17ms @ http://localhost:3111/_next/static/chunks/node_modules_next_dist_1e8vcs8._.js:776
[  275676ms] [LOG] [Fast Refresh] done in 17ms @ http://localhost:3111/_next/static/chunks/node_modules_next_dist_1e8vcs8._.js:776
[  275726ms] [LOG] [Fast Refresh] done in 17ms @ http://localhost:3111/_next/static/chunks/node_modules_next_dist_1e8vcs8._.js:776
[  275779ms] [LOG] [Fast Refresh] done in 17ms @ http://localhost:3111/_next/static/chunks/node_modules_next_dist_1e8vcs8._.js:776
[  275826ms] [LOG] [Fast Refresh] done in 17ms @ http://localhost:3111/_next/static/chunks/node_modules_next_dist_1e8vcs8._.js:776
[  275883ms] [LOG] [Fast Refresh] done in 17ms @ http://localhost:3111/_next/static/chunks/node_modules_next_dist_1e8vcs8._.js:776
[  275940ms] [LOG] [Fast Refresh] done in 17ms @ http://localhost:3111/_next/static/chunks/node_modules_next_dist_1e8vcs8._.js:776
[  275993ms] [LOG] [Fast Refresh] done in 17ms @ http://localhost:3111/_next/static/chunks/node_modules_next_dist_1e8vcs8._.js:776
[  276043ms] [LOG] [Fast Refresh] done in 17ms @ http://localhost:3111/_next/static/chunks/node_modules_next_dist_1e8vcs8._.js:776
[  276093ms] [LOG] [Fast Refresh] done in 17ms @ http://localhost:3111/_next/static/chunks/node_modules_next_dist_1e8vcs8._.js:776
[  276143ms] [LOG] [Fast Refresh] done in 17ms @ http://localhost:3111/_next/static/chunks/node_modules_next_dist_1e8vcs8._.js:776
[  276190ms] [LOG] [Fast Refresh] done in 17ms @ http://localhost:3111/_next/static/chunks/node_modules_next_dist_1e8vcs8._.js:776
[  276239ms] [LOG] [Fast Refresh] done in 17ms @ http://localhost:3111/_next/static/chunks/node_modules_next_dist_1e8vcs8._.js:776
[  276285ms] [LOG] [Fast Refresh] done in 17ms @ http://localhost:3111/_next/static/chunks/node_modules_next_dist_1e8vcs8._.js:776
[  276348ms] [LOG] [Fast Refresh] done in 17ms @ http://localhost:3111/_next/static/chunks/node_modules_next_dist_1e8vcs8._.js:776
[  276410ms] [LOG] [Fast Refresh] done in 17ms @ http://localhost:3111/_next/static/chunks/node_modules_next_dist_1e8vcs8._.js:776
[  276460ms] [LOG] [Fast Refresh] done in 17ms @ http://localhost:3111/_next/static/chunks/node_modules_next_dist_1e8vcs8._.js:776
[  276507ms] [LOG] [Fast Refresh] done in 17ms @ http://localhost:3111/_next/static/chunks/node_modules_next_dist_1e8vcs8._.js:776
[  276571ms] [LOG] [Fast Refresh] done in 17ms @ http://localhost:3111/_next/static/chunks/node_modules_next_dist_1e8vcs8._.js:776
[  276626ms] [LOG] [Fast Refresh] done in 17ms @ http://localhost:3111/_next/static/chunks/node_modules_next_dist_1e8vcs8._.js:776
[  276674ms] [LOG] [Fast Refresh] done in 17ms @ http://localhost:3111/_next/static/chunks/node_modules_next_dist_1e8vcs8._.js:776
[  276726ms] [LOG] [Fast Refresh] done in 17ms @ http://localhost:3111/_next/static/chunks/node_modules_next_dist_1e8vcs8._.js:776
[  276776ms] [LOG] [Fast Refresh] done in 17ms @ http://localhost:3111/_next/static/chunks/node_modules_next_dist_1e8vcs8._.js:776
[  276824ms] [LOG] [Fast Refresh] done in 17ms @ http://localhost:3111/_next/static/chunks/node_modules_next_dist_1e8vcs8._.js:776
[  276874ms] [LOG] [Fast Refresh] done in 17ms @ http://localhost:3111/_next/static/chunks/node_modules_next_dist_1e8vcs8._.js:776
[  276924ms] [LOG] [Fast Refresh] done in 17ms @ http://localhost:3111/_next/static/chunks/node_modules_next_dist_1e8vcs8._.js:776
[  276986ms] [LOG] [Fast Refresh] done in 17ms @ http://localhost:3111/_next/static/chunks/node_modules_next_dist_1e8vcs8._.js:776
[  277039ms] [LOG] [Fast Refresh] done in 17ms @ http://localhost:3111/_next/static/chunks/node_modules_next_dist_1e8vcs8._.js:776
[  277095ms] [LOG] [Fast Refresh] done in 17ms @ http://localhost:3111/_next/static/chunks/node_modules_next_dist_1e8vcs8._.js:776
[  277141ms] [LOG] [Fast Refresh] done in 17ms @ http://localhost:3111/_next/static/chunks/node_modules_next_dist_1e8vcs8._.js:776
[  277180ms] [LOG] [Fast Refresh] done in 17ms @ http://localhost:3111/_next/static/chunks/node_modules_next_dist_1e8vcs8._.js:776
[  277226ms] [LOG] [Fast Refresh] done in 17ms @ http://localhost:3111/_next/static/chunks/node_modules_next_dist_1e8vcs8._.js:776
[  277265ms] [LOG] [Fast Refresh] done in 17ms @ http://localhost:3111/_next/static/chunks/node_modules_next_dist_1e8vcs8._.js:776
[  277307ms] [LOG] [Fast Refresh] done in 17ms @ http://localhost:3111/_next/static/chunks/node_modules_next_dist_1e8vcs8._.js:776
[  277358ms] [LOG] [Fast Refresh] done in 17ms @ http://localhost:3111/_next/static/chunks/node_modules_next_dist_1e8vcs8._.js:776
[  277408ms] [LOG] [Fast Refresh] done in 17ms @ http://localhost:3111/_next/static/chunks/node_modules_next_dist_1e8vcs8._.js:776
[  277459ms] [LOG] [Fast Refresh] done in 17ms @ http://localhost:3111/_next/static/chunks/node_modules_next_dist_1e8vcs8._.js:776
[  277509ms] [LOG] [Fast Refresh] done in 17ms @ http://localhost:3111/_next/static/chunks/node_modules_next_dist_1e8vcs8._.js:776
[  277547ms] [LOG] [Fast Refresh] done in 17ms @ http://localhost:3111/_next/static/chunks/node_modules_next_dist_1e8vcs8._.js:776
[  277589ms] [LOG] [Fast Refresh] done in 17ms @ http://localhost:3111/_next/static/chunks/node_modules_next_dist_1e8vcs8._.js:776
[  277624ms] [LOG] [Fast Refresh] done in 17ms @ http://localhost:3111/_next/static/chunks/node_modules_next_dist_1e8vcs8._.js:776
[  277668ms] [LOG] [Fast Refresh] done in 17ms @ http://localhost:3111/_next/static/chunks/node_modules_next_dist_1e8vcs8._.js:776
[  277709ms] [LOG] [Fast Refresh] done in 17ms @ http://localhost:3111/_next/static/chunks/node_modules_next_dist_1e8vcs8._.js:776
[  277758ms] [LOG] [Fast Refresh] done in 17ms @ http://localhost:3111/_next/static/chunks/node_modules_next_dist_1e8vcs8._.js:776
[  277809ms] [LOG] [Fast Refresh] done in 17ms @ http://localhost:3111/_next/static/chunks/node_modules_next_dist_1e8vcs8._.js:776
[  277859ms] [LOG] [Fast Refresh] done in 17ms @ http://localhost:3111/_next/static/chunks/node_modules_next_dist_1e8vcs8._.js:776
[  277909ms] [LOG] [Fast Refresh] done in 17ms @ http://localhost:3111/_next/static/chunks/node_modules_next_dist_1e8vcs8._.js:776
[  277949ms] [LOG] [Fast Refresh] done in 17ms @ http://localhost:3111/_next/static/chunks/node_modules_next_dist_1e8vcs8._.js:776
[  277993ms] [LOG] [Fast Refresh] done in 17ms @ http://localhost:3111/_next/static/chunks/node_modules_next_dist_1e8vcs8._.js:776
[  278040ms] [LOG] [Fast Refresh] done in 17ms @ http://localhost:3111/_next/static/chunks/node_modules_next_dist_1e8vcs8._.js:776
[  278091ms] [LOG] [Fast Refresh] done in 17ms @ http://localhost:3111/_next/static/chunks/node_modules_next_dist_1e8vcs8._.js:776
[  278142ms] [LOG] [Fast Refresh] done in 17ms @ http://localhost:3111/_next/static/chunks/node_modules_next_dist_1e8vcs8._.js:776
[  278206ms] [LOG] [Fast Refresh] done in 17ms @ http://localhost:3111/_next/static/chunks/node_modules_next_dist_1e8vcs8._.js:776
[  278270ms] [LOG] [Fast Refresh] done in 17ms @ http://localhost:3111/_next/static/chunks/node_modules_next_dist_1e8vcs8._.js:776
[  278326ms] [LOG] [Fast Refresh] done in 17ms @ http://localhost:3111/_next/static/chunks/node_modules_next_dist_1e8vcs8._.js:776
[  278376ms] [LOG] [Fast Refresh] done in 17ms @ http://localhost:3111/_next/static/chunks/node_modules_next_dist_1e8vcs8._.js:776
[  278422ms] [LOG] [Fast Refresh] done in 17ms @ http://localhost:3111/_next/static/chunks/node_modules_next_dist_1e8vcs8._.js:776
[  278473ms] [LOG] [Fast Refresh] done in 17ms @ http://localhost:3111/_next/static/chunks/node_modules_next_dist_1e8vcs8._.js:776
[  278520ms] [LOG] [Fast Refresh] done in 17ms @ http://localhost:3111/_next/static/chunks/node_modules_next_dist_1e8vcs8._.js:776
[  278559ms] [LOG] [Fast Refresh] done in 17ms @ http://localhost:3111/_next/static/chunks/node_modules_next_dist_1e8vcs8._.js:776
[  278609ms] [LOG] [Fast Refresh] done in 17ms @ http://localhost:3111/_next/static/chunks/node_modules_next_dist_1e8vcs8._.js:776
[  278650ms] [LOG] [Fast Refresh] done in 17ms @ http://localhost:3111/_next/static/chunks/node_modules_next_dist_1e8vcs8._.js:776
[  278692ms] [LOG] [Fast Refresh] done in 17ms @ http://localhost:3111/_next/static/chunks/node_modules_next_dist_1e8vcs8._.js:776
[  278734ms] [LOG] [Fast Refresh] done in 17ms @ http://localhost:3111/_next/static/chunks/node_modules_next_dist_1e8vcs8._.js:776
[  278776ms] [LOG] [Fast Refresh] done in 17ms @ http://localhost:3111/_next/static/chunks/node_modules_next_dist_1e8vcs8._.js:776
[  278819ms] [LOG] [Fast Refresh] done in 17ms @ http://localhost:3111/_next/static/chunks/node_modules_next_dist_1e8vcs8._.js:776
[  278869ms] [LOG] [Fast Refresh] done in 17ms @ http://localhost:3111/_next/static/chunks/node_modules_next_dist_1e8vcs8._.js:776
[  278923ms] [LOG] [Fast Refresh] done in 17ms @ http://localhost:3111/_next/static/chunks/node_modules_next_dist_1e8vcs8._.js:776
[  278973ms] [LOG] [Fast Refresh] done in 17ms @ http://localhost:3111/_next/static/chunks/node_modules_next_dist_1e8vcs8._.js:776
[  279037ms] [LOG] [Fast Refresh] done in 17ms @ http://localhost:3111/_next/static/chunks/node_modules_next_dist_1e8vcs8._.js:776
[  279092ms] [LOG] [Fast Refresh] done in 17ms @ http://localhost:3111/_next/static/chunks/node_modules_next_dist_1e8vcs8._.js:776
[  279143ms] [LOG] [Fast Refresh] done in 17ms @ http://localhost:3111/_next/static/chunks/node_modules_next_dist_1e8vcs8._.js:776
[  279199ms] [LOG] [Fast Refresh] done in 17ms @ http://localhost:3111/_next/static/chunks/node_modules_next_dist_1e8vcs8._.js:776
[  279243ms] [LOG] [Fast Refresh] done in 17ms @ http://localhost:3111/_next/static/chunks/node_modules_next_dist_1e8vcs8._.js:776
[  279293ms] [LOG] [Fast Refresh] done in 17ms @ http://localhost:3111/_next/static/chunks/node_modules_next_dist_1e8vcs8._.js:776
[  279340ms] [LOG] [Fast Refresh] done in 17ms @ http://localhost:3111/_next/static/chunks/node_modules_next_dist_1e8vcs8._.js:776
[  279400ms] [LOG] [Fast Refresh] done in 17ms @ http://localhost:3111/_next/static/chunks/node_modules_next_dist_1e8vcs8._.js:776
[  279440ms] [LOG] [Fast Refresh] done in 17ms @ http://localhost:3111/_next/static/chunks/node_modules_next_dist_1e8vcs8._.js:776
[  279492ms] [LOG] [Fast Refresh] done in 17ms @ http://localhost:3111/_next/static/chunks/node_modules_next_dist_1e8vcs8._.js:776
[  279542ms] [LOG] [Fast Refresh] done in 17ms @ http://localhost:3111/_next/static/chunks/node_modules_next_dist_1e8vcs8._.js:776
[  279582ms] [LOG] [Fast Refresh] done in 17ms @ http://localhost:3111/_next/static/chunks/node_modules_next_dist_1e8vcs8._.js:776
[  279624ms] [LOG] [Fast Refresh] done in 17ms @ http://localhost:3111/_next/static/chunks/node_modules_next_dist_1e8vcs8._.js:776
[  279674ms] [LOG] [Fast Refresh] done in 17ms @ http://localhost:3111/_next/static/chunks/node_modules_next_dist_1e8vcs8._.js:776
[  279725ms] [LOG] [Fast Refresh] done in 17ms @ http://localhost:3111/_next/static/chunks/node_modules_next_dist_1e8vcs8._.js:776
[  279766ms] [LOG] [Fast Refresh] done in 17ms @ http://localhost:3111/_next/static/chunks/node_modules_next_dist_1e8vcs8._.js:776
[  279808ms] [LOG] [Fast Refresh] done in 17ms @ http://localhost:3111/_next/static/chunks/node_modules_next_dist_1e8vcs8._.js:776
[  279859ms] [LOG] [Fast Refresh] done in 17ms @ http://localhost:3111/_next/static/chunks/node_modules_next_dist_1e8vcs8._.js:776
[  279908ms] [LOG] [Fast Refresh] done in 17ms @ http://localhost:3111/_next/static/chunks/node_modules_next_dist_1e8vcs8._.js:776
[  279972ms] [LOG] [Fast Refresh] done in 17ms @ http://localhost:3111/_next/static/chunks/node_modules_next_dist_1e8vcs8._.js:776
[  280035ms] [LOG] [Fast Refresh] done in 17ms @ http://localhost:3111/_next/static/chunks/node_modules_next_dist_1e8vcs8._.js:776
[  280086ms] [LOG] [Fast Refresh] done in 17ms @ http://localhost:3111/_next/static/chunks/node_modules_next_dist_1e8vcs8._.js:776
[  280126ms] [LOG] [Fast Refresh] done in 17ms @ http://localhost:3111/_next/static/chunks/node_modules_next_dist_1e8vcs8._.js:776
[  280175ms] [LOG] [Fast Refresh] done in 17ms @ http://localhost:3111/_next/static/chunks/node_modules_next_dist_1e8vcs8._.js:776
[  280226ms] [LOG] [Fast Refresh] done in 17ms @ http://localhost:3111/_next/static/chunks/node_modules_next_dist_1e8vcs8._.js:776
[  280276ms] [LOG] [Fast Refresh] done in 17ms @ http://localhost:3111/_next/static/chunks/node_modules_next_dist_1e8vcs8._.js:776
[  280324ms] [LOG] [Fast Refresh] done in 17ms @ http://localhost:3111/_next/static/chunks/node_modules_next_dist_1e8vcs8._.js:776
[  280374ms] [LOG] [Fast Refresh] done in 17ms @ http://localhost:3111/_next/static/chunks/node_modules_next_dist_1e8vcs8._.js:776
[  280425ms] [LOG] [Fast Refresh] done in 17ms @ http://localhost:3111/_next/static/chunks/node_modules_next_dist_1e8vcs8._.js:776
[  280475ms] [LOG] [Fast Refresh] done in 17ms @ http://localhost:3111/_next/static/chunks/node_modules_next_dist_1e8vcs8._.js:776
[  280524ms] [LOG] [Fast Refresh] done in 17ms @ http://localhost:3111/_next/static/chunks/node_modules_next_dist_1e8vcs8._.js:776
[  280572ms] [LOG] [Fast Refresh] done in 17ms @ http://localhost:3111/_next/static/chunks/node_modules_next_dist_1e8vcs8._.js:776
[  280608ms] [LOG] [Fast Refresh] done in 17ms @ http://localhost:3111/_next/static/chunks/node_modules_next_dist_1e8vcs8._.js:776
[  280651ms] [LOG] [Fast Refresh] done in 17ms @ http://localhost:3111/_next/static/chunks/node_modules_next_dist_1e8vcs8._.js:776
[  280690ms] [LOG] [Fast Refresh] done in 17ms @ http://localhost:3111/_next/static/chunks/node_modules_next_dist_1e8vcs8._.js:776
[  280742ms] [LOG] [Fast Refresh] done in 17ms @ http://localhost:3111/_next/static/chunks/node_modules_next_dist_1e8vcs8._.js:776
[  280790ms] [LOG] [Fast Refresh] done in 17ms @ http://localhost:3111/_next/static/chunks/node_modules_next_dist_1e8vcs8._.js:776
[  280842ms] [LOG] [Fast Refresh] done in 17ms @ http://localhost:3111/_next/static/chunks/node_modules_next_dist_1e8vcs8._.js:776
[  280889ms] [LOG] [Fast Refresh] done in 17ms @ http://localhost:3111/_next/static/chunks/node_modules_next_dist_1e8vcs8._.js:776
[  280939ms] [LOG] [Fast Refresh] done in 17ms @ http://localhost:3111/_next/static/chunks/node_modules_next_dist_1e8vcs8._.js:776
[  280989ms] [LOG] [Fast Refresh] done in 17ms @ http://localhost:3111/_next/static/chunks/node_modules_next_dist_1e8vcs8._.js:776
[  281042ms] [LOG] [Fast Refresh] done in 17ms @ http://localhost:3111/_next/static/chunks/node_modules_next_dist_1e8vcs8._.js:776
[  281080ms] [LOG] [Fast Refresh] done in 17ms @ http://localhost:3111/_next/static/chunks/node_modules_next_dist_1e8vcs8._.js:776
[  281126ms] [LOG] [Fast Refresh] done in 17ms @ http://localhost:3111/_next/static/chunks/node_modules_next_dist_1e8vcs8._.js:776
[  281165ms] [LOG] [Fast Refresh] done in 17ms @ http://localhost:3111/_next/static/chunks/node_modules_next_dist_1e8vcs8._.js:776
[  281209ms] [LOG] [Fast Refresh] done in 17ms @ http://localhost:3111/_next/static/chunks/node_modules_next_dist_1e8vcs8._.js:776
[  281257ms] [LOG] [Fast Refresh] done in 17ms @ http://localhost:3111/_next/static/chunks/node_modules_next_dist_1e8vcs8._.js:776
[  281315ms] [LOG] [Fast Refresh] done in 17ms @ http://localhost:3111/_next/static/chunks/node_modules_next_dist_1e8vcs8._.js:776
[  281374ms] [LOG] [Fast Refresh] done in 17ms @ http://localhost:3111/_next/static/chunks/node_modules_next_dist_1e8vcs8._.js:776
[  281418ms] [LOG] [Fast Refresh] done in 17ms @ http://localhost:3111/_next/static/chunks/node_modules_next_dist_1e8vcs8._.js:776
[  281459ms] [LOG] [Fast Refresh] done in 17ms @ http://localhost:3111/_next/static/chunks/node_modules_next_dist_1e8vcs8._.js:776
[  281509ms] [LOG] [Fast Refresh] done in 17ms @ http://localhost:3111/_next/static/chunks/node_modules_next_dist_1e8vcs8._.js:776
[  281559ms] [LOG] [Fast Refresh] done in 17ms @ http://localhost:3111/_next/static/chunks/node_modules_next_dist_1e8vcs8._.js:776
[  281605ms] [LOG] [Fast Refresh] done in 17ms @ http://localhost:3111/_next/static/chunks/node_modules_next_dist_1e8vcs8._.js:776
[  281656ms] [LOG] [Fast Refresh] done in 17ms @ http://localhost:3111/_next/static/chunks/node_modules_next_dist_1e8vcs8._.js:776
[  281720ms] [LOG] [Fast Refresh] done in 17ms @ http://localhost:3111/_next/static/chunks/node_modules_next_dist_1e8vcs8._.js:776
[  281776ms] [LOG] [Fast Refresh] done in 17ms @ http://localhost:3111/_next/static/chunks/node_modules_next_dist_1e8vcs8._.js:776
[  281826ms] [LOG] [Fast Refresh] done in 17ms @ http://localhost:3111/_next/static/chunks/node_modules_next_dist_1e8vcs8._.js:776
[  281873ms] [LOG] [Fast Refresh] done in 17ms @ http://localhost:3111/_next/static/chunks/node_modules_next_dist_1e8vcs8._.js:776
[  281926ms] [LOG] [Fast Refresh] done in 17ms @ http://localhost:3111/_next/static/chunks/node_modules_next_dist_1e8vcs8._.js:776
[  281976ms] [LOG] [Fast Refresh] done in 17ms @ http://localhost:3111/_next/static/chunks/node_modules_next_dist_1e8vcs8._.js:776
[  282026ms] [LOG] [Fast Refresh] done in 17ms @ http://localhost:3111/_next/static/chunks/node_modules_next_dist_1e8vcs8._.js:776
[  282075ms] [LOG] [Fast Refresh] done in 17ms @ http://localhost:3111/_next/static/chunks/node_modules_next_dist_1e8vcs8._.js:776
[  282126ms] [LOG] [Fast Refresh] done in 17ms @ http://localhost:3111/_next/static/chunks/node_modules_next_dist_1e8vcs8._.js:776
[  282184ms] [LOG] [Fast Refresh] done in 17ms @ http://localhost:3111/_next/static/chunks/node_modules_next_dist_1e8vcs8._.js:776
[  282237ms] [LOG] [Fast Refresh] done in 17ms @ http://localhost:3111/_next/static/chunks/node_modules_next_dist_1e8vcs8._.js:776
[  282281ms] [LOG] [Fast Refresh] done in 17ms @ http://localhost:3111/_next/static/chunks/node_modules_next_dist_1e8vcs8._.js:776
[  282334ms] [LOG] [Fast Refresh] done in 17ms @ http://localhost:3111/_next/static/chunks/node_modules_next_dist_1e8vcs8._.js:776
[  282376ms] [LOG] [Fast Refresh] done in 17ms @ http://localhost:3111/_next/static/chunks/node_modules_next_dist_1e8vcs8._.js:776
[  282424ms] [LOG] [Fast Refresh] done in 17ms @ http://localhost:3111/_next/static/chunks/node_modules_next_dist_1e8vcs8._.js:776
[  282472ms] [LOG] [Fast Refresh] done in 17ms @ http://localhost:3111/_next/static/chunks/node_modules_next_dist_1e8vcs8._.js:776
[  282509ms] [LOG] [Fast Refresh] done in 17ms @ http://localhost:3111/_next/static/chunks/node_modules_next_dist_1e8vcs8._.js:776
[  282561ms] [LOG] [Fast Refresh] done in 17ms @ http://localhost:3111/_next/static/chunks/node_modules_next_dist_1e8vcs8._.js:776
[  282610ms] [LOG] [Fast Refresh] done in 17ms @ http://localhost:3111/_next/static/chunks/node_modules_next_dist_1e8vcs8._.js:776
[  282659ms] [LOG] [Fast Refresh] done in 17ms @ http://localhost:3111/_next/static/chunks/node_modules_next_dist_1e8vcs8._.js:776
[  282704ms] [LOG] [Fast Refresh] done in 17ms @ http://localhost:3111/_next/static/chunks/node_modules_next_dist_1e8vcs8._.js:776
[  282743ms] [LOG] [Fast Refresh] done in 17ms @ http://localhost:3111/_next/static/chunks/node_modules_next_dist_1e8vcs8._.js:776
[  282792ms] [LOG] [Fast Refresh] done in 17ms @ http://localhost:3111/_next/static/chunks/node_modules_next_dist_1e8vcs8._.js:776
[  282842ms] [LOG] [Fast Refresh] done in 17ms @ http://localhost:3111/_next/static/chunks/node_modules_next_dist_1e8vcs8._.js:776
[  282891ms] [LOG] [Fast Refresh] done in 17ms @ http://localhost:3111/_next/static/chunks/node_modules_next_dist_1e8vcs8._.js:776
[  282930ms] [LOG] [Fast Refresh] done in 17ms @ http://localhost:3111/_next/static/chunks/node_modules_next_dist_1e8vcs8._.js:776
[  282975ms] [LOG] [Fast Refresh] done in 17ms @ http://localhost:3111/_next/static/chunks/node_modules_next_dist_1e8vcs8._.js:776
[  283026ms] [LOG] [Fast Refresh] done in 17ms @ http://localhost:3111/_next/static/chunks/node_modules_next_dist_1e8vcs8._.js:776
[  283075ms] [LOG] [Fast Refresh] done in 17ms @ http://localhost:3111/_next/static/chunks/node_modules_next_dist_1e8vcs8._.js:776
[  283113ms] [LOG] [Fast Refresh] done in 17ms @ http://localhost:3111/_next/static/chunks/node_modules_next_dist_1e8vcs8._.js:776
[  283157ms] [LOG] [Fast Refresh] done in 17ms @ http://localhost:3111/_next/static/chunks/node_modules_next_dist_1e8vcs8._.js:776
[  283206ms] [LOG] [Fast Refresh] done in 17ms @ http://localhost:3111/_next/static/chunks/node_modules_next_dist_1e8vcs8._.js:776
[  283272ms] [LOG] [Fast Refresh] done in 17ms @ http://localhost:3111/_next/static/chunks/node_modules_next_dist_1e8vcs8._.js:776
[  283324ms] [LOG] [Fast Refresh] done in 17ms @ http://localhost:3111/_next/static/chunks/node_modules_next_dist_1e8vcs8._.js:776
[  283374ms] [LOG] [Fast Refresh] done in 17ms @ http://localhost:3111/_next/static/chunks/node_modules_next_dist_1e8vcs8._.js:776
[  283437ms] [LOG] [Fast Refresh] done in 17ms @ http://localhost:3111/_next/static/chunks/node_modules_next_dist_1e8vcs8._.js:776
[  283484ms] [LOG] [Fast Refresh] done in 17ms @ http://localhost:3111/_next/static/chunks/node_modules_next_dist_1e8vcs8._.js:776
[  283532ms] [LOG] [Fast Refresh] done in 17ms @ http://localhost:3111/_next/static/chunks/node_modules_next_dist_1e8vcs8._.js:776
[  283589ms] [LOG] [Fast Refresh] done in 17ms @ http://localhost:3111/_next/static/chunks/node_modules_next_dist_1e8vcs8._.js:776
[  283638ms] [LOG] [Fast Refresh] done in 17ms @ http://localhost:3111/_next/static/chunks/node_modules_next_dist_1e8vcs8._.js:776
[  283686ms] [LOG] [Fast Refresh] done in 17ms @ http://localhost:3111/_next/static/chunks/node_modules_next_dist_1e8vcs8._.js:776
[  283748ms] [LOG] [Fast Refresh] done in 17ms @ http://localhost:3111/_next/static/chunks/node_modules_next_dist_1e8vcs8._.js:776
[  283792ms] [LOG] [Fast Refresh] done in 17ms @ http://localhost:3111/_next/static/chunks/node_modules_next_dist_1e8vcs8._.js:776
[  283855ms] [LOG] [Fast Refresh] done in 17ms @ http://localhost:3111/_next/static/chunks/node_modules_next_dist_1e8vcs8._.js:776
[  283906ms] [LOG] [Fast Refresh] done in 17ms @ http://localhost:3111/_next/static/chunks/node_modules_next_dist_1e8vcs8._.js:776
[  283956ms] [LOG] [Fast Refresh] done in 17ms @ http://localhost:3111/_next/static/chunks/node_modules_next_dist_1e8vcs8._.js:776
[  284009ms] [LOG] [Fast Refresh] done in 17ms @ http://localhost:3111/_next/static/chunks/node_modules_next_dist_1e8vcs8._.js:776
[  284071ms] [LOG] [Fast Refresh] done in 17ms @ http://localhost:3111/_next/static/chunks/node_modules_next_dist_1e8vcs8._.js:776
[  284134ms] [LOG] [Fast Refresh] done in 17ms @ http://localhost:3111/_next/static/chunks/node_modules_next_dist_1e8vcs8._.js:776
[  284191ms] [LOG] [Fast Refresh] done in 17ms @ http://localhost:3111/_next/static/chunks/node_modules_next_dist_1e8vcs8._.js:776
[  284243ms] [LOG] [Fast Refresh] done in 17ms @ http://localhost:3111/_next/static/chunks/node_modules_next_dist_1e8vcs8._.js:776
[  284290ms] [LOG] [Fast Refresh] done in 17ms @ http://localhost:3111/_next/static/chunks/node_modules_next_dist_1e8vcs8._.js:776
[  284340ms] [LOG] [Fast Refresh] done in 17ms @ http://localhost:3111/_next/static/chunks/node_modules_next_dist_1e8vcs8._.js:776
[  284390ms] [LOG] [Fast Refresh] done in 17ms @ http://localhost:3111/_next/static/chunks/node_modules_next_dist_1e8vcs8._.js:776
[  284438ms] [LOG] [Fast Refresh] done in 17ms @ http://localhost:3111/_next/static/chunks/node_modules_next_dist_1e8vcs8._.js:776
[  284502ms] [LOG] [Fast Refresh] done in 17ms @ http://localhost:3111/_next/static/chunks/node_modules_next_dist_1e8vcs8._.js:776
[  284559ms] [LOG] [Fast Refresh] done in 17ms @ http://localhost:3111/_next/static/chunks/node_modules_next_dist_1e8vcs8._.js:776
[  284609ms] [LOG] [Fast Refresh] done in 17ms @ http://localhost:3111/_next/static/chunks/node_modules_next_dist_1e8vcs8._.js:776
[  284658ms] [LOG] [Fast Refresh] done in 17ms @ http://localhost:3111/_next/static/chunks/node_modules_next_dist_1e8vcs8._.js:776
[  284709ms] [LOG] [Fast Refresh] done in 17ms @ http://localhost:3111/_next/static/chunks/node_modules_next_dist_1e8vcs8._.js:776
[  284757ms] [LOG] [Fast Refresh] done in 17ms @ http://localhost:3111/_next/static/chunks/node_modules_next_dist_1e8vcs8._.js:776
[  284816ms] [LOG] [Fast Refresh] done in 17ms @ http://localhost:3111/_next/static/chunks/node_modules_next_dist_1e8vcs8._.js:776
[  284859ms] [LOG] [Fast Refresh] done in 17ms @ http://localhost:3111/_next/static/chunks/node_modules_next_dist_1e8vcs8._.js:776
[  284906ms] [LOG] [Fast Refresh] done in 17ms @ http://localhost:3111/_next/static/chunks/node_modules_next_dist_1e8vcs8._.js:776
[  284959ms] [LOG] [Fast Refresh] done in 17ms @ http://localhost:3111/_next/static/chunks/node_modules_next_dist_1e8vcs8._.js:776
[  285007ms] [LOG] [Fast Refresh] done in 17ms @ http://localhost:3111/_next/static/chunks/node_modules_next_dist_1e8vcs8._.js:776
[  285056ms] [LOG] [Fast Refresh] done in 17ms @ http://localhost:3111/_next/static/chunks/node_modules_next_dist_1e8vcs8._.js:776
[  285108ms] [LOG] [Fast Refresh] done in 17ms @ http://localhost:3111/_next/static/chunks/node_modules_next_dist_1e8vcs8._.js:776
[  285156ms] [LOG] [Fast Refresh] done in 17ms @ http://localhost:3111/_next/static/chunks/node_modules_next_dist_1e8vcs8._.js:776
[  285347ms] [LOG] [Fast Refresh] rebuilding @ http://localhost:3111/_next/static/chunks/node_modules_next_dist_1e8vcs8._.js:776
[  285420ms] [LOG] [Fast Refresh] done in 76ms @ http://localhost:3111/_next/static/chunks/node_modules_next_dist_1e8vcs8._.js:776
[  285491ms] [LOG] [Fast Refresh] done in 76ms @ http://localhost:3111/_next/static/chunks/node_modules_next_dist_1e8vcs8._.js:776
[  285543ms] [LOG] [Fast Refresh] done in 76ms @ http://localhost:3111/_next/static/chunks/node_modules_next_dist_1e8vcs8._.js:776
[  285594ms] [LOG] [Fast Refresh] done in 76ms @ http://localhost:3111/_next/static/chunks/node_modules_next_dist_1e8vcs8._.js:776
[  285669ms] [LOG] [Fast Refresh] done in 76ms @ http://localhost:3111/_next/static/chunks/node_modules_next_dist_1e8vcs8._.js:776
[  285714ms] [LOG] [Fast Refresh] done in 76ms @ http://localhost:3111/_next/static/chunks/node_modules_next_dist_1e8vcs8._.js:776
[  285774ms] [LOG] [Fast Refresh] done in 76ms @ http://localhost:3111/_next/static/chunks/node_modules_next_dist_1e8vcs8._.js:776
[  285826ms] [LOG] [Fast Refresh] done in 76ms @ http://localhost:3111/_next/static/chunks/node_modules_next_dist_1e8vcs8._.js:776
[  285885ms] [LOG] [Fast Refresh] done in 76ms @ http://localhost:3111/_next/static/chunks/node_modules_next_dist_1e8vcs8._.js:776
[  285942ms] [LOG] [Fast Refresh] done in 76ms @ http://localhost:3111/_next/static/chunks/node_modules_next_dist_1e8vcs8._.js:776
[  285992ms] [LOG] [Fast Refresh] done in 76ms @ http://localhost:3111/_next/static/chunks/node_modules_next_dist_1e8vcs8._.js:776
[  286044ms] [LOG] [Fast Refresh] done in 76ms @ http://localhost:3111/_next/static/chunks/node_modules_next_dist_1e8vcs8._.js:776
[  286092ms] [LOG] [Fast Refresh] done in 76ms @ http://localhost:3111/_next/static/chunks/node_modules_next_dist_1e8vcs8._.js:776
[  286155ms] [LOG] [Fast Refresh] done in 76ms @ http://localhost:3111/_next/static/chunks/node_modules_next_dist_1e8vcs8._.js:776
[  286192ms] [LOG] [Fast Refresh] done in 76ms @ http://localhost:3111/_next/static/chunks/node_modules_next_dist_1e8vcs8._.js:776
[  286242ms] [LOG] [Fast Refresh] done in 76ms @ http://localhost:3111/_next/static/chunks/node_modules_next_dist_1e8vcs8._.js:776
[  286292ms] [LOG] [Fast Refresh] done in 76ms @ http://localhost:3111/_next/static/chunks/node_modules_next_dist_1e8vcs8._.js:776
[  286334ms] [LOG] [Fast Refresh] done in 76ms @ http://localhost:3111/_next/static/chunks/node_modules_next_dist_1e8vcs8._.js:776
[  286377ms] [LOG] [Fast Refresh] done in 76ms @ http://localhost:3111/_next/static/chunks/node_modules_next_dist_1e8vcs8._.js:776
[  286429ms] [LOG] [Fast Refresh] done in 76ms @ http://localhost:3111/_next/static/chunks/node_modules_next_dist_1e8vcs8._.js:776
[  286475ms] [LOG] [Fast Refresh] done in 76ms @ http://localhost:3111/_next/static/chunks/node_modules_next_dist_1e8vcs8._.js:776
[  286517ms] [LOG] [Fast Refresh] done in 76ms @ http://localhost:3111/_next/static/chunks/node_modules_next_dist_1e8vcs8._.js:776
[  286575ms] [LOG] [Fast Refresh] done in 76ms @ http://localhost:3111/_next/static/chunks/node_modules_next_dist_1e8vcs8._.js:776
[  286631ms] [LOG] [Fast Refresh] done in 76ms @ http://localhost:3111/_next/static/chunks/node_modules_next_dist_1e8vcs8._.js:776
[  286692ms] [LOG] [Fast Refresh] done in 76ms @ http://localhost:3111/_next/static/chunks/node_modules_next_dist_1e8vcs8._.js:776
[  286742ms] [LOG] [Fast Refresh] done in 76ms @ http://localhost:3111/_next/static/chunks/node_modules_next_dist_1e8vcs8._.js:776
[  286792ms] [LOG] [Fast Refresh] done in 76ms @ http://localhost:3111/_next/static/chunks/node_modules_next_dist_1e8vcs8._.js:776
[  286925ms] [LOG] [Fast Refresh] done in 76ms @ http://localhost:3111/_next/static/chunks/node_modules_next_dist_1e8vcs8._.js:776
[  286959ms] [LOG] [Fast Refresh] done in 76ms @ http://localhost:3111/_next/static/chunks/node_modules_next_dist_1e8vcs8._.js:776
[  287009ms] [LOG] [Fast Refresh] done in 76ms @ http://localhost:3111/_next/static/chunks/node_modules_next_dist_1e8vcs8._.js:776
[  287057ms] [LOG] [Fast Refresh] done in 76ms @ http://localhost:3111/_next/static/chunks/node_modules_next_dist_1e8vcs8._.js:776
[  287107ms] [LOG] [Fast Refresh] done in 76ms @ http://localhost:3111/_next/static/chunks/node_modules_next_dist_1e8vcs8._.js:776
[  287147ms] [LOG] [Fast Refresh] done in 76ms @ http://localhost:3111/_next/static/chunks/node_modules_next_dist_1e8vcs8._.js:776
[  287195ms] [LOG] [Fast Refresh] done in 76ms @ http://localhost:3111/_next/static/chunks/node_modules_next_dist_1e8vcs8._.js:776
[  287262ms] [LOG] [Fast Refresh] done in 76ms @ http://localhost:3111/_next/static/chunks/node_modules_next_dist_1e8vcs8._.js:776
[  287321ms] [LOG] [Fast Refresh] done in 76ms @ http://localhost:3111/_next/static/chunks/node_modules_next_dist_1e8vcs8._.js:776
[  287388ms] [LOG] [Fast Refresh] done in 76ms @ http://localhost:3111/_next/static/chunks/node_modules_next_dist_1e8vcs8._.js:776
[  287470ms] [LOG] [Fast Refresh] done in 76ms @ http://localhost:3111/_next/static/chunks/node_modules_next_dist_1e8vcs8._.js:776
[  287493ms] [LOG] [Fast Refresh] done in 76ms @ http://localhost:3111/_next/static/chunks/node_modules_next_dist_1e8vcs8._.js:776
[  287544ms] [LOG] [Fast Refresh] done in 76ms @ http://localhost:3111/_next/static/chunks/node_modules_next_dist_1e8vcs8._.js:776
[  287594ms] [LOG] [Fast Refresh] done in 76ms @ http://localhost:3111/_next/static/chunks/node_modules_next_dist_1e8vcs8._.js:776
[  287629ms] [LOG] [Fast Refresh] done in 76ms @ http://localhost:3111/_next/static/chunks/node_modules_next_dist_1e8vcs8._.js:776
[  287678ms] [LOG] [Fast Refresh] done in 76ms @ http://localhost:3111/_next/static/chunks/node_modules_next_dist_1e8vcs8._.js:776
[  287727ms] [LOG] [Fast Refresh] done in 76ms @ http://localhost:3111/_next/static/chunks/node_modules_next_dist_1e8vcs8._.js:776
[  287779ms] [LOG] [Fast Refresh] done in 76ms @ http://localhost:3111/_next/static/chunks/node_modules_next_dist_1e8vcs8._.js:776
[  287842ms] [LOG] [Fast Refresh] done in 76ms @ http://localhost:3111/_next/static/chunks/node_modules_next_dist_1e8vcs8._.js:776
[  287890ms] [LOG] [Fast Refresh] done in 76ms @ http://localhost:3111/_next/static/chunks/node_modules_next_dist_1e8vcs8._.js:776
[  287938ms] [LOG] [Fast Refresh] done in 76ms @ http://localhost:3111/_next/static/chunks/node_modules_next_dist_1e8vcs8._.js:776
[  288001ms] [LOG] [Fast Refresh] done in 76ms @ http://localhost:3111/_next/static/chunks/node_modules_next_dist_1e8vcs8._.js:776
[  288050ms] [LOG] [Fast Refresh] done in 76ms @ http://localhost:3111/_next/static/chunks/node_modules_next_dist_1e8vcs8._.js:776
[  288220ms] [LOG] [Fast Refresh] done in 76ms @ http://localhost:3111/_next/static/chunks/node_modules_next_dist_1e8vcs8._.js:776
[  288538ms] [LOG] [Fast Refresh] done in 76ms @ http://localhost:3111/_next/static/chunks/node_modules_next_dist_1e8vcs8._.js:776
[  288600ms] [LOG] [Fast Refresh] done in 76ms @ http://localhost:3111/_next/static/chunks/node_modules_next_dist_1e8vcs8._.js:776
[  288640ms] [LOG] [Fast Refresh] done in 76ms @ http://localhost:3111/_next/static/chunks/node_modules_next_dist_1e8vcs8._.js:776
[  288690ms] [LOG] [Fast Refresh] done in 76ms @ http://localhost:3111/_next/static/chunks/node_modules_next_dist_1e8vcs8._.js:776
[  288741ms] [LOG] [Fast Refresh] done in 76ms @ http://localhost:3111/_next/static/chunks/node_modules_next_dist_1e8vcs8._.js:776
[  288792ms] [LOG] [Fast Refresh] done in 76ms @ http://localhost:3111/_next/static/chunks/node_modules_next_dist_1e8vcs8._.js:776
[  288853ms] [LOG] [Fast Refresh] done in 76ms @ http://localhost:3111/_next/static/chunks/node_modules_next_dist_1e8vcs8._.js:776
[  288891ms] [LOG] [Fast Refresh] done in 76ms @ http://localhost:3111/_next/static/chunks/node_modules_next_dist_1e8vcs8._.js:776
[  288942ms] [LOG] [Fast Refresh] done in 76ms @ http://localhost:3111/_next/static/chunks/node_modules_next_dist_1e8vcs8._.js:776
[  288992ms] [LOG] [Fast Refresh] done in 76ms @ http://localhost:3111/_next/static/chunks/node_modules_next_dist_1e8vcs8._.js:776
[  289042ms] [LOG] [Fast Refresh] done in 76ms @ http://localhost:3111/_next/static/chunks/node_modules_next_dist_1e8vcs8._.js:776
[  289092ms] [LOG] [Fast Refresh] done in 76ms @ http://localhost:3111/_next/static/chunks/node_modules_next_dist_1e8vcs8._.js:776
[  289143ms] [LOG] [Fast Refresh] done in 76ms @ http://localhost:3111/_next/static/chunks/node_modules_next_dist_1e8vcs8._.js:776
[  289192ms] [LOG] [Fast Refresh] done in 76ms @ http://localhost:3111/_next/static/chunks/node_modules_next_dist_1e8vcs8._.js:776
[  289239ms] [LOG] [Fast Refresh] done in 76ms @ http://localhost:3111/_next/static/chunks/node_modules_next_dist_1e8vcs8._.js:776
[  289291ms] [LOG] [Fast Refresh] done in 76ms @ http://localhost:3111/_next/static/chunks/node_modules_next_dist_1e8vcs8._.js:776
[  289341ms] [LOG] [Fast Refresh] done in 76ms @ http://localhost:3111/_next/static/chunks/node_modules_next_dist_1e8vcs8._.js:776
[  289391ms] [LOG] [Fast Refresh] done in 76ms @ http://localhost:3111/_next/static/chunks/node_modules_next_dist_1e8vcs8._.js:776
[  289439ms] [LOG] [Fast Refresh] done in 76ms @ http://localhost:3111/_next/static/chunks/node_modules_next_dist_1e8vcs8._.js:776
[  289492ms] [LOG] [Fast Refresh] done in 76ms @ http://localhost:3111/_next/static/chunks/node_modules_next_dist_1e8vcs8._.js:776
[  289542ms] [LOG] [Fast Refresh] done in 76ms @ http://localhost:3111/_next/static/chunks/node_modules_next_dist_1e8vcs8._.js:776
[  289592ms] [LOG] [Fast Refresh] done in 76ms @ http://localhost:3111/_next/static/chunks/node_modules_next_dist_1e8vcs8._.js:776
[  289640ms] [LOG] [Fast Refresh] done in 76ms @ http://localhost:3111/_next/static/chunks/node_modules_next_dist_1e8vcs8._.js:776
[  289689ms] [LOG] [Fast Refresh] done in 76ms @ http://localhost:3111/_next/static/chunks/node_modules_next_dist_1e8vcs8._.js:776
[  289737ms] [LOG] [Fast Refresh] done in 76ms @ http://localhost:3111/_next/static/chunks/node_modules_next_dist_1e8vcs8._.js:776
[  289785ms] [LOG] [Fast Refresh] done in 76ms @ http://localhost:3111/_next/static/chunks/node_modules_next_dist_1e8vcs8._.js:776
[  289837ms] [LOG] [Fast Refresh] done in 76ms @ http://localhost:3111/_next/static/chunks/node_modules_next_dist_1e8vcs8._.js:776
[  289890ms] [LOG] [Fast Refresh] done in 76ms @ http://localhost:3111/_next/static/chunks/node_modules_next_dist_1e8vcs8._.js:776
[  289938ms] [LOG] [Fast Refresh] done in 76ms @ http://localhost:3111/_next/static/chunks/node_modules_next_dist_1e8vcs8._.js:776
[  289989ms] [LOG] [Fast Refresh] done in 76ms @ http://localhost:3111/_next/static/chunks/node_modules_next_dist_1e8vcs8._.js:776
[  290042ms] [LOG] [Fast Refresh] done in 76ms @ http://localhost:3111/_next/static/chunks/node_modules_next_dist_1e8vcs8._.js:776
[  290092ms] [LOG] [Fast Refresh] done in 76ms @ http://localhost:3111/_next/static/chunks/node_modules_next_dist_1e8vcs8._.js:776
[  290140ms] [LOG] [Fast Refresh] done in 76ms @ http://localhost:3111/_next/static/chunks/node_modules_next_dist_1e8vcs8._.js:776
[  290190ms] [LOG] [Fast Refresh] done in 76ms @ http://localhost:3111/_next/static/chunks/node_modules_next_dist_1e8vcs8._.js:776
[  290233ms] [LOG] [Fast Refresh] done in 76ms @ http://localhost:3111/_next/static/chunks/node_modules_next_dist_1e8vcs8._.js:776
[  290288ms] [LOG] [Fast Refresh] done in 76ms @ http://localhost:3111/_next/static/chunks/node_modules_next_dist_1e8vcs8._.js:776
[  290342ms] [LOG] [Fast Refresh] done in 76ms @ http://localhost:3111/_next/static/chunks/node_modules_next_dist_1e8vcs8._.js:776
[  290389ms] [LOG] [Fast Refresh] done in 76ms @ http://localhost:3111/_next/static/chunks/node_modules_next_dist_1e8vcs8._.js:776
[  290439ms] [LOG] [Fast Refresh] done in 76ms @ http://localhost:3111/_next/static/chunks/node_modules_next_dist_1e8vcs8._.js:776
[  290489ms] [LOG] [Fast Refresh] done in 76ms @ http://localhost:3111/_next/static/chunks/node_modules_next_dist_1e8vcs8._.js:776
[  290542ms] [LOG] [Fast Refresh] done in 76ms @ http://localhost:3111/_next/static/chunks/node_modules_next_dist_1e8vcs8._.js:776
[  290587ms] [LOG] [Fast Refresh] done in 76ms @ http://localhost:3111/_next/static/chunks/node_modules_next_dist_1e8vcs8._.js:776
[  290625ms] [LOG] [Fast Refresh] done in 76ms @ http://localhost:3111/_next/static/chunks/node_modules_next_dist_1e8vcs8._.js:776
[  290674ms] [LOG] [Fast Refresh] done in 76ms @ http://localhost:3111/_next/static/chunks/node_modules_next_dist_1e8vcs8._.js:776
[  290714ms] [LOG] [Fast Refresh] done in 76ms @ http://localhost:3111/_next/static/chunks/node_modules_next_dist_1e8vcs8._.js:776
[  290758ms] [LOG] [Fast Refresh] done in 76ms @ http://localhost:3111/_next/static/chunks/node_modules_next_dist_1e8vcs8._.js:776
[  290808ms] [LOG] [Fast Refresh] done in 76ms @ http://localhost:3111/_next/static/chunks/node_modules_next_dist_1e8vcs8._.js:776
[  290856ms] [LOG] [Fast Refresh] done in 76ms @ http://localhost:3111/_next/static/chunks/node_modules_next_dist_1e8vcs8._.js:776
[  290909ms] [LOG] [Fast Refresh] done in 76ms @ http://localhost:3111/_next/static/chunks/node_modules_next_dist_1e8vcs8._.js:776
[  290958ms] [LOG] [Fast Refresh] done in 76ms @ http://localhost:3111/_next/static/chunks/node_modules_next_dist_1e8vcs8._.js:776
[  291007ms] [LOG] [Fast Refresh] done in 76ms @ http://localhost:3111/_next/static/chunks/node_modules_next_dist_1e8vcs8._.js:776
[  291062ms] [LOG] [Fast Refresh] done in 76ms @ http://localhost:3111/_next/static/chunks/node_modules_next_dist_1e8vcs8._.js:776
[  291122ms] [LOG] [Fast Refresh] done in 76ms @ http://localhost:3111/_next/static/chunks/node_modules_next_dist_1e8vcs8._.js:776
[  291176ms] [LOG] [Fast Refresh] done in 76ms @ http://localhost:3111/_next/static/chunks/node_modules_next_dist_1e8vcs8._.js:776
[  291240ms] [LOG] [Fast Refresh] done in 76ms @ http://localhost:3111/_next/static/chunks/node_modules_next_dist_1e8vcs8._.js:776
[  291297ms] [LOG] [Fast Refresh] done in 76ms @ http://localhost:3111/_next/static/chunks/node_modules_next_dist_1e8vcs8._.js:776
[  291342ms] [LOG] [Fast Refresh] done in 76ms @ http://localhost:3111/_next/static/chunks/node_modules_next_dist_1e8vcs8._.js:776
[  291392ms] [LOG] [Fast Refresh] done in 76ms @ http://localhost:3111/_next/static/chunks/node_modules_next_dist_1e8vcs8._.js:776
[  291442ms] [LOG] [Fast Refresh] done in 76ms @ http://localhost:3111/_next/static/chunks/node_modules_next_dist_1e8vcs8._.js:776
[  291531ms] [LOG] [Fast Refresh] done in 76ms @ http://localhost:3111/_next/static/chunks/node_modules_next_dist_1e8vcs8._.js:776
[  291588ms] [LOG] [Fast Refresh] done in 76ms @ http://localhost:3111/_next/static/chunks/node_modules_next_dist_1e8vcs8._.js:776
[  291644ms] [LOG] [Fast Refresh] done in 76ms @ http://localhost:3111/_next/static/chunks/node_modules_next_dist_1e8vcs8._.js:776
[  291695ms] [LOG] [Fast Refresh] done in 76ms @ http://localhost:3111/_next/static/chunks/node_modules_next_dist_1e8vcs8._.js:776
[  291747ms] [LOG] [Fast Refresh] done in 76ms @ http://localhost:3111/_next/static/chunks/node_modules_next_dist_1e8vcs8._.js:776
[  291810ms] [LOG] [Fast Refresh] done in 76ms @ http://localhost:3111/_next/static/chunks/node_modules_next_dist_1e8vcs8._.js:776
[  291870ms] [LOG] [Fast Refresh] done in 76ms @ http://localhost:3111/_next/static/chunks/node_modules_next_dist_1e8vcs8._.js:776
[  291930ms] [LOG] [Fast Refresh] done in 76ms @ http://localhost:3111/_next/static/chunks/node_modules_next_dist_1e8vcs8._.js:776
[  291983ms] [LOG] [Fast Refresh] done in 76ms @ http://localhost:3111/_next/static/chunks/node_modules_next_dist_1e8vcs8._.js:776
[  292080ms] [LOG] [Fast Refresh] done in 76ms @ http://localhost:3111/_next/static/chunks/node_modules_next_dist_1e8vcs8._.js:776
[  292160ms] [LOG] [Fast Refresh] done in 76ms @ http://localhost:3111/_next/static/chunks/node_modules_next_dist_1e8vcs8._.js:776
[  292218ms] [LOG] [Fast Refresh] done in 76ms @ http://localhost:3111/_next/static/chunks/node_modules_next_dist_1e8vcs8._.js:776
[  292262ms] [LOG] [Fast Refresh] done in 76ms @ http://localhost:3111/_next/static/chunks/node_modules_next_dist_1e8vcs8._.js:776
[  292309ms] [LOG] [Fast Refresh] done in 76ms @ http://localhost:3111/_next/static/chunks/node_modules_next_dist_1e8vcs8._.js:776
[  292358ms] [LOG] [Fast Refresh] done in 76ms @ http://localhost:3111/_next/static/chunks/node_modules_next_dist_1e8vcs8._.js:776
[  292407ms] [LOG] [Fast Refresh] done in 76ms @ http://localhost:3111/_next/static/chunks/node_modules_next_dist_1e8vcs8._.js:776
[  292458ms] [LOG] [Fast Refresh] done in 76ms @ http://localhost:3111/_next/static/chunks/node_modules_next_dist_1e8vcs8._.js:776
[  292523ms] [LOG] [Fast Refresh] done in 76ms @ http://localhost:3111/_next/static/chunks/node_modules_next_dist_1e8vcs8._.js:776
[  292573ms] [LOG] [Fast Refresh] done in 76ms @ http://localhost:3111/_next/static/chunks/node_modules_next_dist_1e8vcs8._.js:776
[  292623ms] [LOG] [Fast Refresh] done in 76ms @ http://localhost:3111/_next/static/chunks/node_modules_next_dist_1e8vcs8._.js:776
[  292673ms] [LOG] [Fast Refresh] done in 76ms @ http://localhost:3111/_next/static/chunks/node_modules_next_dist_1e8vcs8._.js:776
[  292723ms] [LOG] [Fast Refresh] done in 76ms @ http://localhost:3111/_next/static/chunks/node_modules_next_dist_1e8vcs8._.js:776
[  292775ms] [LOG] [Fast Refresh] done in 76ms @ http://localhost:3111/_next/static/chunks/node_modules_next_dist_1e8vcs8._.js:776
[  292822ms] [LOG] [Fast Refresh] done in 76ms @ http://localhost:3111/_next/static/chunks/node_modules_next_dist_1e8vcs8._.js:776
[  292875ms] [LOG] [Fast Refresh] done in 76ms @ http://localhost:3111/_next/static/chunks/node_modules_next_dist_1e8vcs8._.js:776
[  292923ms] [LOG] [Fast Refresh] done in 76ms @ http://localhost:3111/_next/static/chunks/node_modules_next_dist_1e8vcs8._.js:776
[  292974ms] [LOG] [Fast Refresh] done in 76ms @ http://localhost:3111/_next/static/chunks/node_modules_next_dist_1e8vcs8._.js:776
[  293025ms] [LOG] [Fast Refresh] done in 76ms @ http://localhost:3111/_next/static/chunks/node_modules_next_dist_1e8vcs8._.js:776
[  293075ms] [LOG] [Fast Refresh] done in 76ms @ http://localhost:3111/_next/static/chunks/node_modules_next_dist_1e8vcs8._.js:776
[  293140ms] [LOG] [Fast Refresh] done in 76ms @ http://localhost:3111/_next/static/chunks/node_modules_next_dist_1e8vcs8._.js:776
[  293190ms] [LOG] [Fast Refresh] done in 76ms @ http://localhost:3111/_next/static/chunks/node_modules_next_dist_1e8vcs8._.js:776
[  293240ms] [LOG] [Fast Refresh] done in 76ms @ http://localhost:3111/_next/static/chunks/node_modules_next_dist_1e8vcs8._.js:776
[  293289ms] [LOG] [Fast Refresh] done in 76ms @ http://localhost:3111/_next/static/chunks/node_modules_next_dist_1e8vcs8._.js:776
[  293338ms] [LOG] [Fast Refresh] done in 76ms @ http://localhost:3111/_next/static/chunks/node_modules_next_dist_1e8vcs8._.js:776
[  293391ms] [LOG] [Fast Refresh] done in 76ms @ http://localhost:3111/_next/static/chunks/node_modules_next_dist_1e8vcs8._.js:776
[  293441ms] [LOG] [Fast Refresh] done in 76ms @ http://localhost:3111/_next/static/chunks/node_modules_next_dist_1e8vcs8._.js:776
[  293485ms] [LOG] [Fast Refresh] done in 76ms @ http://localhost:3111/_next/static/chunks/node_modules_next_dist_1e8vcs8._.js:776
[  293540ms] [LOG] [Fast Refresh] done in 76ms @ http://localhost:3111/_next/static/chunks/node_modules_next_dist_1e8vcs8._.js:776
[  293601ms] [LOG] [Fast Refresh] done in 76ms @ http://localhost:3111/_next/static/chunks/node_modules_next_dist_1e8vcs8._.js:776
[  293639ms] [LOG] [Fast Refresh] done in 76ms @ http://localhost:3111/_next/static/chunks/node_modules_next_dist_1e8vcs8._.js:776
[  293688ms] [LOG] [Fast Refresh] done in 76ms @ http://localhost:3111/_next/static/chunks/node_modules_next_dist_1e8vcs8._.js:776
[  293736ms] [LOG] [Fast Refresh] done in 76ms @ http://localhost:3111/_next/static/chunks/node_modules_next_dist_1e8vcs8._.js:776
[  293798ms] [LOG] [Fast Refresh] done in 76ms @ http://localhost:3111/_next/static/chunks/node_modules_next_dist_1e8vcs8._.js:776
[  293840ms] [LOG] [Fast Refresh] done in 76ms @ http://localhost:3111/_next/static/chunks/node_modules_next_dist_1e8vcs8._.js:776
[  293887ms] [LOG] [Fast Refresh] done in 76ms @ http://localhost:3111/_next/static/chunks/node_modules_next_dist_1e8vcs8._.js:776
[  293925ms] [LOG] [Fast Refresh] done in 76ms @ http://localhost:3111/_next/static/chunks/node_modules_next_dist_1e8vcs8._.js:776
[  293969ms] [LOG] [Fast Refresh] done in 76ms @ http://localhost:3111/_next/static/chunks/node_modules_next_dist_1e8vcs8._.js:776
[  294007ms] [LOG] [Fast Refresh] done in 76ms @ http://localhost:3111/_next/static/chunks/node_modules_next_dist_1e8vcs8._.js:776
[  294058ms] [LOG] [Fast Refresh] done in 76ms @ http://localhost:3111/_next/static/chunks/node_modules_next_dist_1e8vcs8._.js:776
[  294108ms] [LOG] [Fast Refresh] done in 76ms @ http://localhost:3111/_next/static/chunks/node_modules_next_dist_1e8vcs8._.js:776
[  294146ms] [LOG] [Fast Refresh] done in 76ms @ http://localhost:3111/_next/static/chunks/node_modules_next_dist_1e8vcs8._.js:776
[  294189ms] [LOG] [Fast Refresh] done in 76ms @ http://localhost:3111/_next/static/chunks/node_modules_next_dist_1e8vcs8._.js:776
[  294238ms] [LOG] [Fast Refresh] done in 76ms @ http://localhost:3111/_next/static/chunks/node_modules_next_dist_1e8vcs8._.js:776
[  294288ms] [LOG] [Fast Refresh] done in 76ms @ http://localhost:3111/_next/static/chunks/node_modules_next_dist_1e8vcs8._.js:776
[  294340ms] [LOG] [Fast Refresh] done in 76ms @ http://localhost:3111/_next/static/chunks/node_modules_next_dist_1e8vcs8._.js:776
[  294390ms] [LOG] [Fast Refresh] done in 76ms @ http://localhost:3111/_next/static/chunks/node_modules_next_dist_1e8vcs8._.js:776
[  294441ms] [LOG] [Fast Refresh] done in 76ms @ http://localhost:3111/_next/static/chunks/node_modules_next_dist_1e8vcs8._.js:776
[  294491ms] [LOG] [Fast Refresh] done in 76ms @ http://localhost:3111/_next/static/chunks/node_modules_next_dist_1e8vcs8._.js:776
[  294541ms] [LOG] [Fast Refresh] done in 76ms @ http://localhost:3111/_next/static/chunks/node_modules_next_dist_1e8vcs8._.js:776
[  294590ms] [LOG] [Fast Refresh] done in 76ms @ http://localhost:3111/_next/static/chunks/node_modules_next_dist_1e8vcs8._.js:776
[  294641ms] [LOG] [Fast Refresh] done in 76ms @ http://localhost:3111/_next/static/chunks/node_modules_next_dist_1e8vcs8._.js:776
[  294689ms] [LOG] [Fast Refresh] done in 76ms @ http://localhost:3111/_next/static/chunks/node_modules_next_dist_1e8vcs8._.js:776
[  294732ms] [LOG] [Fast Refresh] done in 76ms @ http://localhost:3111/_next/static/chunks/node_modules_next_dist_1e8vcs8._.js:776
[  294775ms] [LOG] [Fast Refresh] done in 76ms @ http://localhost:3111/_next/static/chunks/node_modules_next_dist_1e8vcs8._.js:776
[  294824ms] [LOG] [Fast Refresh] done in 76ms @ http://localhost:3111/_next/static/chunks/node_modules_next_dist_1e8vcs8._.js:776
[  294871ms] [LOG] [Fast Refresh] done in 76ms @ http://localhost:3111/_next/static/chunks/node_modules_next_dist_1e8vcs8._.js:776
[  294916ms] [LOG] [Fast Refresh] done in 76ms @ http://localhost:3111/_next/static/chunks/node_modules_next_dist_1e8vcs8._.js:776
[  294957ms] [LOG] [Fast Refresh] done in 76ms @ http://localhost:3111/_next/static/chunks/node_modules_next_dist_1e8vcs8._.js:776
[  295000ms] [LOG] [Fast Refresh] done in 76ms @ http://localhost:3111/_next/static/chunks/node_modules_next_dist_1e8vcs8._.js:776
[  295041ms] [LOG] [Fast Refresh] done in 76ms @ http://localhost:3111/_next/static/chunks/node_modules_next_dist_1e8vcs8._.js:776
[  295085ms] [LOG] [Fast Refresh] done in 76ms @ http://localhost:3111/_next/static/chunks/node_modules_next_dist_1e8vcs8._.js:776
[  295123ms] [LOG] [Fast Refresh] done in 76ms @ http://localhost:3111/_next/static/chunks/node_modules_next_dist_1e8vcs8._.js:776
[  295175ms] [LOG] [Fast Refresh] done in 76ms @ http://localhost:3111/_next/static/chunks/node_modules_next_dist_1e8vcs8._.js:776
[  295224ms] [LOG] [Fast Refresh] done in 76ms @ http://localhost:3111/_next/static/chunks/node_modules_next_dist_1e8vcs8._.js:776
[  295268ms] [LOG] [Fast Refresh] done in 76ms @ http://localhost:3111/_next/static/chunks/node_modules_next_dist_1e8vcs8._.js:776
[  295312ms] [LOG] [Fast Refresh] done in 76ms @ http://localhost:3111/_next/static/chunks/node_modules_next_dist_1e8vcs8._.js:776
[  295358ms] [LOG] [Fast Refresh] done in 76ms @ http://localhost:3111/_next/static/chunks/node_modules_next_dist_1e8vcs8._.js:776
[  295395ms] [LOG] [Fast Refresh] done in 76ms @ http://localhost:3111/_next/static/chunks/node_modules_next_dist_1e8vcs8._.js:776
[  295441ms] [LOG] [Fast Refresh] done in 76ms @ http://localhost:3111/_next/static/chunks/node_modules_next_dist_1e8vcs8._.js:776
[  295491ms] [LOG] [Fast Refresh] done in 76ms @ http://localhost:3111/_next/static/chunks/node_modules_next_dist_1e8vcs8._.js:776
[  295538ms] [LOG] [Fast Refresh] done in 76ms @ http://localhost:3111/_next/static/chunks/node_modules_next_dist_1e8vcs8._.js:776
[  295586ms] [LOG] [Fast Refresh] done in 76ms @ http://localhost:3111/_next/static/chunks/node_modules_next_dist_1e8vcs8._.js:776
[  295634ms] [LOG] [Fast Refresh] done in 76ms @ http://localhost:3111/_next/static/chunks/node_modules_next_dist_1e8vcs8._.js:776
[  295674ms] [LOG] [Fast Refresh] done in 76ms @ http://localhost:3111/_next/static/chunks/node_modules_next_dist_1e8vcs8._.js:776
[  295724ms] [LOG] [Fast Refresh] done in 76ms @ http://localhost:3111/_next/static/chunks/node_modules_next_dist_1e8vcs8._.js:776
[  295774ms] [LOG] [Fast Refresh] done in 76ms @ http://localhost:3111/_next/static/chunks/node_modules_next_dist_1e8vcs8._.js:776
[  295824ms] [LOG] [Fast Refresh] done in 76ms @ http://localhost:3111/_next/static/chunks/node_modules_next_dist_1e8vcs8._.js:776
[  295875ms] [LOG] [Fast Refresh] done in 76ms @ http://localhost:3111/_next/static/chunks/node_modules_next_dist_1e8vcs8._.js:776
[  295925ms] [LOG] [Fast Refresh] done in 76ms @ http://localhost:3111/_next/static/chunks/node_modules_next_dist_1e8vcs8._.js:776
[  295975ms] [LOG] [Fast Refresh] done in 76ms @ http://localhost:3111/_next/static/chunks/node_modules_next_dist_1e8vcs8._.js:776
[  296024ms] [LOG] [Fast Refresh] done in 76ms @ http://localhost:3111/_next/static/chunks/node_modules_next_dist_1e8vcs8._.js:776
[  296074ms] [LOG] [Fast Refresh] done in 76ms @ http://localhost:3111/_next/static/chunks/node_modules_next_dist_1e8vcs8._.js:776
[  296122ms] [LOG] [Fast Refresh] done in 76ms @ http://localhost:3111/_next/static/chunks/node_modules_next_dist_1e8vcs8._.js:776
[  296175ms] [LOG] [Fast Refresh] done in 76ms @ http://localhost:3111/_next/static/chunks/node_modules_next_dist_1e8vcs8._.js:776
[  296238ms] [LOG] [Fast Refresh] done in 76ms @ http://localhost:3111/_next/static/chunks/node_modules_next_dist_1e8vcs8._.js:776
[  296274ms] [LOG] [Fast Refresh] done in 76ms @ http://localhost:3111/_next/static/chunks/node_modules_next_dist_1e8vcs8._.js:776
[  296322ms] [LOG] [Fast Refresh] done in 76ms @ http://localhost:3111/_next/static/chunks/node_modules_next_dist_1e8vcs8._.js:776
[  296373ms] [LOG] [Fast Refresh] done in 76ms @ http://localhost:3111/_next/static/chunks/node_modules_next_dist_1e8vcs8._.js:776
[  296424ms] [LOG] [Fast Refresh] done in 76ms @ http://localhost:3111/_next/static/chunks/node_modules_next_dist_1e8vcs8._.js:776
[  296474ms] [LOG] [Fast Refresh] done in 76ms @ http://localhost:3111/_next/static/chunks/node_modules_next_dist_1e8vcs8._.js:776
[  296524ms] [LOG] [Fast Refresh] done in 76ms @ http://localhost:3111/_next/static/chunks/node_modules_next_dist_1e8vcs8._.js:776
[  296573ms] [LOG] [Fast Refresh] done in 76ms @ http://localhost:3111/_next/static/chunks/node_modules_next_dist_1e8vcs8._.js:776
[  296622ms] [LOG] [Fast Refresh] done in 76ms @ http://localhost:3111/_next/static/chunks/node_modules_next_dist_1e8vcs8._.js:776
[  296671ms] [LOG] [Fast Refresh] done in 76ms @ http://localhost:3111/_next/static/chunks/node_modules_next_dist_1e8vcs8._.js:776
[  296718ms] [LOG] [Fast Refresh] done in 76ms @ http://localhost:3111/_next/static/chunks/node_modules_next_dist_1e8vcs8._.js:776
[  296766ms] [LOG] [Fast Refresh] done in 76ms @ http://localhost:3111/_next/static/chunks/node_modules_next_dist_1e8vcs8._.js:776
[  296823ms] [LOG] [Fast Refresh] done in 76ms @ http://localhost:3111/_next/static/chunks/node_modules_next_dist_1e8vcs8._.js:776
[  296871ms] [LOG] [Fast Refresh] done in 76ms @ http://localhost:3111/_next/static/chunks/node_modules_next_dist_1e8vcs8._.js:776
[  296906ms] [LOG] [Fast Refresh] done in 76ms @ http://localhost:3111/_next/static/chunks/node_modules_next_dist_1e8vcs8._.js:776
[  296957ms] [LOG] [Fast Refresh] done in 76ms @ http://localhost:3111/_next/static/chunks/node_modules_next_dist_1e8vcs8._.js:776
[  297007ms] [LOG] [Fast Refresh] done in 76ms @ http://localhost:3111/_next/static/chunks/node_modules_next_dist_1e8vcs8._.js:776
[  297058ms] [LOG] [Fast Refresh] done in 76ms @ http://localhost:3111/_next/static/chunks/node_modules_next_dist_1e8vcs8._.js:776
[  297106ms] [LOG] [Fast Refresh] done in 76ms @ http://localhost:3111/_next/static/chunks/node_modules_next_dist_1e8vcs8._.js:776
[  297147ms] [LOG] [Fast Refresh] done in 76ms @ http://localhost:3111/_next/static/chunks/node_modules_next_dist_1e8vcs8._.js:776
[  297190ms] [LOG] [Fast Refresh] done in 76ms @ http://localhost:3111/_next/static/chunks/node_modules_next_dist_1e8vcs8._.js:776
[  297255ms] [LOG] [Fast Refresh] done in 76ms @ http://localhost:3111/_next/static/chunks/node_modules_next_dist_1e8vcs8._.js:776
[  297319ms] [LOG] [Fast Refresh] done in 76ms @ http://localhost:3111/_next/static/chunks/node_modules_next_dist_1e8vcs8._.js:776
[  297371ms] [LOG] [Fast Refresh] done in 76ms @ http://localhost:3111/_next/static/chunks/node_modules_next_dist_1e8vcs8._.js:776
[  297424ms] [LOG] [Fast Refresh] done in 76ms @ http://localhost:3111/_next/static/chunks/node_modules_next_dist_1e8vcs8._.js:776
[  297474ms] [LOG] [Fast Refresh] done in 76ms @ http://localhost:3111/_next/static/chunks/node_modules_next_dist_1e8vcs8._.js:776
[  297538ms] [LOG] [Fast Refresh] done in 76ms @ http://localhost:3111/_next/static/chunks/node_modules_next_dist_1e8vcs8._.js:776
[  297601ms] [LOG] [Fast Refresh] done in 76ms @ http://localhost:3111/_next/static/chunks/node_modules_next_dist_1e8vcs8._.js:776
[  297657ms] [LOG] [Fast Refresh] done in 76ms @ http://localhost:3111/_next/static/chunks/node_modules_next_dist_1e8vcs8._.js:776
[  297709ms] [LOG] [Fast Refresh] done in 76ms @ http://localhost:3111/_next/static/chunks/node_modules_next_dist_1e8vcs8._.js:776
[  297770ms] [LOG] [Fast Refresh] done in 76ms @ http://localhost:3111/_next/static/chunks/node_modules_next_dist_1e8vcs8._.js:776
[  297822ms] [LOG] [Fast Refresh] done in 76ms @ http://localhost:3111/_next/static/chunks/node_modules_next_dist_1e8vcs8._.js:776
[  297871ms] [LOG] [Fast Refresh] done in 76ms @ http://localhost:3111/_next/static/chunks/node_modules_next_dist_1e8vcs8._.js:776
[  297924ms] [LOG] [Fast Refresh] done in 76ms @ http://localhost:3111/_next/static/chunks/node_modules_next_dist_1e8vcs8._.js:776
[  297972ms] [LOG] [Fast Refresh] done in 76ms @ http://localhost:3111/_next/static/chunks/node_modules_next_dist_1e8vcs8._.js:776
[  298025ms] [LOG] [Fast Refresh] done in 76ms @ http://localhost:3111/_next/static/chunks/node_modules_next_dist_1e8vcs8._.js:776
[  298074ms] [LOG] [Fast Refresh] done in 76ms @ http://localhost:3111/_next/static/chunks/node_modules_next_dist_1e8vcs8._.js:776
[  298124ms] [LOG] [Fast Refresh] done in 76ms @ http://localhost:3111/_next/static/chunks/node_modules_next_dist_1e8vcs8._.js:776
[  298172ms] [LOG] [Fast Refresh] done in 76ms @ http://localhost:3111/_next/static/chunks/node_modules_next_dist_1e8vcs8._.js:776
[  298224ms] [LOG] [Fast Refresh] done in 76ms @ http://localhost:3111/_next/static/chunks/node_modules_next_dist_1e8vcs8._.js:776
[  298274ms] [LOG] [Fast Refresh] done in 76ms @ http://localhost:3111/_next/static/chunks/node_modules_next_dist_1e8vcs8._.js:776
[  298324ms] [LOG] [Fast Refresh] done in 76ms @ http://localhost:3111/_next/static/chunks/node_modules_next_dist_1e8vcs8._.js:776
[  298373ms] [LOG] [Fast Refresh] done in 76ms @ http://localhost:3111/_next/static/chunks/node_modules_next_dist_1e8vcs8._.js:776
[  298424ms] [LOG] [Fast Refresh] done in 76ms @ http://localhost:3111/_next/static/chunks/node_modules_next_dist_1e8vcs8._.js:776
[  298474ms] [LOG] [Fast Refresh] done in 76ms @ http://localhost:3111/_next/static/chunks/node_modules_next_dist_1e8vcs8._.js:776
[  298535ms] [LOG] [Fast Refresh] done in 76ms @ http://localhost:3111/_next/static/chunks/node_modules_next_dist_1e8vcs8._.js:776
[  298598ms] [LOG] [Fast Refresh] done in 76ms @ http://localhost:3111/_next/static/chunks/node_modules_next_dist_1e8vcs8._.js:776
[  298653ms] [LOG] [Fast Refresh] done in 76ms @ http://localhost:3111/_next/static/chunks/node_modules_next_dist_1e8vcs8._.js:776
[  298691ms] [LOG] [Fast Refresh] done in 76ms @ http://localhost:3111/_next/static/chunks/node_modules_next_dist_1e8vcs8._.js:776
[  298739ms] [LOG] [Fast Refresh] done in 76ms @ http://localhost:3111/_next/static/chunks/node_modules_next_dist_1e8vcs8._.js:776
[  298788ms] [LOG] [Fast Refresh] done in 76ms @ http://localhost:3111/_next/static/chunks/node_modules_next_dist_1e8vcs8._.js:776
[  298839ms] [LOG] [Fast Refresh] done in 76ms @ http://localhost:3111/_next/static/chunks/node_modules_next_dist_1e8vcs8._.js:776
[  298893ms] [LOG] [Fast Refresh] done in 76ms @ http://localhost:3111/_next/static/chunks/node_modules_next_dist_1e8vcs8._.js:776
[  298946ms] [LOG] [Fast Refresh] done in 76ms @ http://localhost:3111/_next/static/chunks/node_modules_next_dist_1e8vcs8._.js:776
[  298991ms] [LOG] [Fast Refresh] done in 76ms @ http://localhost:3111/_next/static/chunks/node_modules_next_dist_1e8vcs8._.js:776
[  299039ms] [LOG] [Fast Refresh] done in 76ms @ http://localhost:3111/_next/static/chunks/node_modules_next_dist_1e8vcs8._.js:776
[  299089ms] [LOG] [Fast Refresh] done in 76ms @ http://localhost:3111/_next/static/chunks/node_modules_next_dist_1e8vcs8._.js:776
[  299139ms] [LOG] [Fast Refresh] done in 76ms @ http://localhost:3111/_next/static/chunks/node_modules_next_dist_1e8vcs8._.js:776
[  299188ms] [LOG] [Fast Refresh] done in 76ms @ http://localhost:3111/_next/static/chunks/node_modules_next_dist_1e8vcs8._.js:776
[  299241ms] [LOG] [Fast Refresh] done in 76ms @ http://localhost:3111/_next/static/chunks/node_modules_next_dist_1e8vcs8._.js:776
[  299289ms] [LOG] [Fast Refresh] done in 76ms @ http://localhost:3111/_next/static/chunks/node_modules_next_dist_1e8vcs8._.js:776
[  299339ms] [LOG] [Fast Refresh] done in 76ms @ http://localhost:3111/_next/static/chunks/node_modules_next_dist_1e8vcs8._.js:776
[  299389ms] [LOG] [Fast Refresh] done in 76ms @ http://localhost:3111/_next/static/chunks/node_modules_next_dist_1e8vcs8._.js:776
[  299441ms] [LOG] [Fast Refresh] done in 76ms @ http://localhost:3111/_next/static/chunks/node_modules_next_dist_1e8vcs8._.js:776
[  299490ms] [LOG] [Fast Refresh] done in 76ms @ http://localhost:3111/_next/static/chunks/node_modules_next_dist_1e8vcs8._.js:776
[  299540ms] [LOG] [Fast Refresh] done in 76ms @ http://localhost:3111/_next/static/chunks/node_modules_next_dist_1e8vcs8._.js:776
[  299591ms] [LOG] [Fast Refresh] done in 76ms @ http://localhost:3111/_next/static/chunks/node_modules_next_dist_1e8vcs8._.js:776
[  299642ms] [LOG] [Fast Refresh] done in 76ms @ http://localhost:3111/_next/static/chunks/node_modules_next_dist_1e8vcs8._.js:776
[  299691ms] [LOG] [Fast Refresh] done in 76ms @ http://localhost:3111/_next/static/chunks/node_modules_next_dist_1e8vcs8._.js:776
[  299740ms] [LOG] [Fast Refresh] done in 76ms @ http://localhost:3111/_next/static/chunks/node_modules_next_dist_1e8vcs8._.js:776
[  299790ms] [LOG] [Fast Refresh] done in 76ms @ http://localhost:3111/_next/static/chunks/node_modules_next_dist_1e8vcs8._.js:776
[  299851ms] [LOG] [Fast Refresh] done in 76ms @ http://localhost:3111/_next/static/chunks/node_modules_next_dist_1e8vcs8._.js:776
[  299906ms] [LOG] [Fast Refresh] done in 76ms @ http://localhost:3111/_next/static/chunks/node_modules_next_dist_1e8vcs8._.js:776
[  299957ms] [LOG] [Fast Refresh] done in 76ms @ http://localhost:3111/_next/static/chunks/node_modules_next_dist_1e8vcs8._.js:776
[  300005ms] [LOG] [Fast Refresh] done in 76ms @ http://localhost:3111/_next/static/chunks/node_modules_next_dist_1e8vcs8._.js:776
[  300055ms] [LOG] [Fast Refresh] done in 76ms @ http://localhost:3111/_next/static/chunks/node_modules_next_dist_1e8vcs8._.js:776
[  300105ms] [LOG] [Fast Refresh] done in 76ms @ http://localhost:3111/_next/static/chunks/node_modules_next_dist_1e8vcs8._.js:776
[  300147ms] [LOG] [Fast Refresh] done in 76ms @ http://localhost:3111/_next/static/chunks/node_modules_next_dist_1e8vcs8._.js:776
[  300191ms] [LOG] [Fast Refresh] done in 76ms @ http://localhost:3111/_next/static/chunks/node_modules_next_dist_1e8vcs8._.js:776
[  300241ms] [LOG] [Fast Refresh] done in 76ms @ http://localhost:3111/_next/static/chunks/node_modules_next_dist_1e8vcs8._.js:776
[  300294ms] [LOG] [Fast Refresh] done in 76ms @ http://localhost:3111/_next/static/chunks/node_modules_next_dist_1e8vcs8._.js:776
[  300354ms] [LOG] [Fast Refresh] done in 76ms @ http://localhost:3111/_next/static/chunks/node_modules_next_dist_1e8vcs8._.js:776
[  300407ms] [LOG] [Fast Refresh] done in 76ms @ http://localhost:3111/_next/static/chunks/node_modules_next_dist_1e8vcs8._.js:776
[  300457ms] [LOG] [Fast Refresh] done in 76ms @ http://localhost:3111/_next/static/chunks/node_modules_next_dist_1e8vcs8._.js:776
[  300507ms] [LOG] [Fast Refresh] done in 76ms @ http://localhost:3111/_next/static/chunks/node_modules_next_dist_1e8vcs8._.js:776
[  300556ms] [LOG] [Fast Refresh] done in 76ms @ http://localhost:3111/_next/static/chunks/node_modules_next_dist_1e8vcs8._.js:776
[  300608ms] [LOG] [Fast Refresh] done in 76ms @ http://localhost:3111/_next/static/chunks/node_modules_next_dist_1e8vcs8._.js:776
[  300688ms] [LOG] [Fast Refresh] done in 76ms @ http://localhost:3111/_next/static/chunks/node_modules_next_dist_1e8vcs8._.js:776
[  300740ms] [LOG] [Fast Refresh] done in 76ms @ http://localhost:3111/_next/static/chunks/node_modules_next_dist_1e8vcs8._.js:776
[  300782ms] [LOG] [Fast Refresh] done in 76ms @ http://localhost:3111/_next/static/chunks/node_modules_next_dist_1e8vcs8._.js:776
[  300836ms] [LOG] [Fast Refresh] done in 76ms @ http://localhost:3111/_next/static/chunks/node_modules_next_dist_1e8vcs8._.js:776
[  300888ms] [LOG] [Fast Refresh] done in 76ms @ http://localhost:3111/_next/static/chunks/node_modules_next_dist_1e8vcs8._.js:776
[  300938ms] [LOG] [Fast Refresh] done in 76ms @ http://localhost:3111/_next/static/chunks/node_modules_next_dist_1e8vcs8._.js:776
[  301001ms] [LOG] [Fast Refresh] done in 76ms @ http://localhost:3111/_next/static/chunks/node_modules_next_dist_1e8vcs8._.js:776
[  301063ms] [LOG] [Fast Refresh] done in 76ms @ http://localhost:3111/_next/static/chunks/node_modules_next_dist_1e8vcs8._.js:776
[  301111ms] [LOG] [Fast Refresh] done in 76ms @ http://localhost:3111/_next/static/chunks/node_modules_next_dist_1e8vcs8._.js:776
[  301159ms] [LOG] [Fast Refresh] done in 76ms @ http://localhost:3111/_next/static/chunks/node_modules_next_dist_1e8vcs8._.js:776
[  301201ms] [LOG] [Fast Refresh] done in 76ms @ http://localhost:3111/_next/static/chunks/node_modules_next_dist_1e8vcs8._.js:776
[  301240ms] [LOG] [Fast Refresh] done in 76ms @ http://localhost:3111/_next/static/chunks/node_modules_next_dist_1e8vcs8._.js:776
[  301288ms] [LOG] [Fast Refresh] done in 76ms @ http://localhost:3111/_next/static/chunks/node_modules_next_dist_1e8vcs8._.js:776
[  301338ms] [LOG] [Fast Refresh] done in 76ms @ http://localhost:3111/_next/static/chunks/node_modules_next_dist_1e8vcs8._.js:776
[  301388ms] [LOG] [Fast Refresh] done in 76ms @ http://localhost:3111/_next/static/chunks/node_modules_next_dist_1e8vcs8._.js:776
[  301453ms] [LOG] [Fast Refresh] done in 76ms @ http://localhost:3111/_next/static/chunks/node_modules_next_dist_1e8vcs8._.js:776
[  301500ms] [LOG] [Fast Refresh] done in 76ms @ http://localhost:3111/_next/static/chunks/node_modules_next_dist_1e8vcs8._.js:776
[  301563ms] [LOG] [Fast Refresh] done in 76ms @ http://localhost:3111/_next/static/chunks/node_modules_next_dist_1e8vcs8._.js:776
[  301611ms] [LOG] [Fast Refresh] done in 76ms @ http://localhost:3111/_next/static/chunks/node_modules_next_dist_1e8vcs8._.js:776
[  301653ms] [LOG] [Fast Refresh] done in 76ms @ http://localhost:3111/_next/static/chunks/node_modules_next_dist_1e8vcs8._.js:776
[  301698ms] [LOG] [Fast Refresh] done in 76ms @ http://localhost:3111/_next/static/chunks/node_modules_next_dist_1e8vcs8._.js:776
[  301739ms] [LOG] [Fast Refresh] done in 76ms @ http://localhost:3111/_next/static/chunks/node_modules_next_dist_1e8vcs8._.js:776
[  301786ms] [LOG] [Fast Refresh] done in 76ms @ http://localhost:3111/_next/static/chunks/node_modules_next_dist_1e8vcs8._.js:776
[  301838ms] [LOG] [Fast Refresh] done in 76ms @ http://localhost:3111/_next/static/chunks/node_modules_next_dist_1e8vcs8._.js:776
[  301901ms] [LOG] [Fast Refresh] done in 76ms @ http://localhost:3111/_next/static/chunks/node_modules_next_dist_1e8vcs8._.js:776
[  301955ms] [LOG] [Fast Refresh] done in 76ms @ http://localhost:3111/_next/static/chunks/node_modules_next_dist_1e8vcs8._.js:776
[  302019ms] [LOG] [Fast Refresh] done in 76ms @ http://localhost:3111/_next/static/chunks/node_modules_next_dist_1e8vcs8._.js:776
[  302082ms] [LOG] [Fast Refresh] done in 76ms @ http://localhost:3111/_next/static/chunks/node_modules_next_dist_1e8vcs8._.js:776
[  302130ms] [LOG] [Fast Refresh] done in 76ms @ http://localhost:3111/_next/static/chunks/node_modules_next_dist_1e8vcs8._.js:776
[  302178ms] [LOG] [Fast Refresh] done in 76ms @ http://localhost:3111/_next/static/chunks/node_modules_next_dist_1e8vcs8._.js:776
[  302229ms] [LOG] [Fast Refresh] done in 76ms @ http://localhost:3111/_next/static/chunks/node_modules_next_dist_1e8vcs8._.js:776
[  302273ms] [LOG] [Fast Refresh] done in 76ms @ http://localhost:3111/_next/static/chunks/node_modules_next_dist_1e8vcs8._.js:776
[  302338ms] [LOG] [Fast Refresh] done in 76ms @ http://localhost:3111/_next/static/chunks/node_modules_next_dist_1e8vcs8._.js:776
[  302388ms] [LOG] [Fast Refresh] done in 76ms @ http://localhost:3111/_next/static/chunks/node_modules_next_dist_1e8vcs8._.js:776
[  302441ms] [LOG] [Fast Refresh] done in 76ms @ http://localhost:3111/_next/static/chunks/node_modules_next_dist_1e8vcs8._.js:776
[  302490ms] [LOG] [Fast Refresh] done in 76ms @ http://localhost:3111/_next/static/chunks/node_modules_next_dist_1e8vcs8._.js:776
[  302541ms] [LOG] [Fast Refresh] done in 76ms @ http://localhost:3111/_next/static/chunks/node_modules_next_dist_1e8vcs8._.js:776
[  302602ms] [LOG] [Fast Refresh] done in 76ms @ http://localhost:3111/_next/static/chunks/node_modules_next_dist_1e8vcs8._.js:776
[  302640ms] [LOG] [Fast Refresh] done in 76ms @ http://localhost:3111/_next/static/chunks/node_modules_next_dist_1e8vcs8._.js:776
[  302689ms] [LOG] [Fast Refresh] done in 76ms @ http://localhost:3111/_next/static/chunks/node_modules_next_dist_1e8vcs8._.js:776
[  302739ms] [LOG] [Fast Refresh] done in 76ms @ http://localhost:3111/_next/static/chunks/node_modules_next_dist_1e8vcs8._.js:776
[  302789ms] [LOG] [Fast Refresh] done in 76ms @ http://localhost:3111/_next/static/chunks/node_modules_next_dist_1e8vcs8._.js:776
[  302852ms] [LOG] [Fast Refresh] done in 76ms @ http://localhost:3111/_next/static/chunks/node_modules_next_dist_1e8vcs8._.js:776
[  302890ms] [LOG] [Fast Refresh] done in 76ms @ http://localhost:3111/_next/static/chunks/node_modules_next_dist_1e8vcs8._.js:776
[  302939ms] [LOG] [Fast Refresh] done in 76ms @ http://localhost:3111/_next/static/chunks/node_modules_next_dist_1e8vcs8._.js:776
[  302988ms] [LOG] [Fast Refresh] done in 76ms @ http://localhost:3111/_next/static/chunks/node_modules_next_dist_1e8vcs8._.js:776
[  303038ms] [LOG] [Fast Refresh] done in 76ms @ http://localhost:3111/_next/static/chunks/node_modules_next_dist_1e8vcs8._.js:776
[  303090ms] [LOG] [Fast Refresh] done in 76ms @ http://localhost:3111/_next/static/chunks/node_modules_next_dist_1e8vcs8._.js:776
[  303140ms] [LOG] [Fast Refresh] done in 76ms @ http://localhost:3111/_next/static/chunks/node_modules_next_dist_1e8vcs8._.js:776
[  303190ms] [LOG] [Fast Refresh] done in 76ms @ http://localhost:3111/_next/static/chunks/node_modules_next_dist_1e8vcs8._.js:776
[  303238ms] [LOG] [Fast Refresh] done in 76ms @ http://localhost:3111/_next/static/chunks/node_modules_next_dist_1e8vcs8._.js:776
[  303289ms] [LOG] [Fast Refresh] done in 76ms @ http://localhost:3111/_next/static/chunks/node_modules_next_dist_1e8vcs8._.js:776
[  303337ms] [LOG] [Fast Refresh] done in 76ms @ http://localhost:3111/_next/static/chunks/node_modules_next_dist_1e8vcs8._.js:776
[  303388ms] [LOG] [Fast Refresh] done in 76ms @ http://localhost:3111/_next/static/chunks/node_modules_next_dist_1e8vcs8._.js:776
[  303440ms] [LOG] [Fast Refresh] done in 76ms @ http://localhost:3111/_next/static/chunks/node_modules_next_dist_1e8vcs8._.js:776
[  303489ms] [LOG] [Fast Refresh] done in 76ms @ http://localhost:3111/_next/static/chunks/node_modules_next_dist_1e8vcs8._.js:776
[  303540ms] [LOG] [Fast Refresh] done in 76ms @ http://localhost:3111/_next/static/chunks/node_modules_next_dist_1e8vcs8._.js:776
[  303589ms] [LOG] [Fast Refresh] done in 76ms @ http://localhost:3111/_next/static/chunks/node_modules_next_dist_1e8vcs8._.js:776
[  303640ms] [LOG] [Fast Refresh] done in 76ms @ http://localhost:3111/_next/static/chunks/node_modules_next_dist_1e8vcs8._.js:776
[  303691ms] [LOG] [Fast Refresh] done in 76ms @ http://localhost:3111/_next/static/chunks/node_modules_next_dist_1e8vcs8._.js:776
[  303741ms] [LOG] [Fast Refresh] done in 76ms @ http://localhost:3111/_next/static/chunks/node_modules_next_dist_1e8vcs8._.js:776
[  303790ms] [LOG] [Fast Refresh] done in 76ms @ http://localhost:3111/_next/static/chunks/node_modules_next_dist_1e8vcs8._.js:776
[  303838ms] [LOG] [Fast Refresh] done in 76ms @ http://localhost:3111/_next/static/chunks/node_modules_next_dist_1e8vcs8._.js:776
[  303888ms] [LOG] [Fast Refresh] done in 76ms @ http://localhost:3111/_next/static/chunks/node_modules_next_dist_1e8vcs8._.js:776
[  303939ms] [LOG] [Fast Refresh] done in 76ms @ http://localhost:3111/_next/static/chunks/node_modules_next_dist_1e8vcs8._.js:776
[  303989ms] [LOG] [Fast Refresh] done in 76ms @ http://localhost:3111/_next/static/chunks/node_modules_next_dist_1e8vcs8._.js:776
[  304041ms] [LOG] [Fast Refresh] done in 76ms @ http://localhost:3111/_next/static/chunks/node_modules_next_dist_1e8vcs8._.js:776
[  304089ms] [LOG] [Fast Refresh] done in 76ms @ http://localhost:3111/_next/static/chunks/node_modules_next_dist_1e8vcs8._.js:776
[  304140ms] [LOG] [Fast Refresh] done in 76ms @ http://localhost:3111/_next/static/chunks/node_modules_next_dist_1e8vcs8._.js:776
[  304190ms] [LOG] [Fast Refresh] done in 76ms @ http://localhost:3111/_next/static/chunks/node_modules_next_dist_1e8vcs8._.js:776
[  304240ms] [LOG] [Fast Refresh] done in 76ms @ http://localhost:3111/_next/static/chunks/node_modules_next_dist_1e8vcs8._.js:776
[  304288ms] [LOG] [Fast Refresh] done in 76ms @ http://localhost:3111/_next/static/chunks/node_modules_next_dist_1e8vcs8._.js:776
[  304338ms] [LOG] [Fast Refresh] done in 76ms @ http://localhost:3111/_next/static/chunks/node_modules_next_dist_1e8vcs8._.js:776
[  304388ms] [LOG] [Fast Refresh] done in 76ms @ http://localhost:3111/_next/static/chunks/node_modules_next_dist_1e8vcs8._.js:776
[  304438ms] [LOG] [Fast Refresh] done in 76ms @ http://localhost:3111/_next/static/chunks/node_modules_next_dist_1e8vcs8._.js:776
[  304489ms] [LOG] [Fast Refresh] done in 76ms @ http://localhost:3111/_next/static/chunks/node_modules_next_dist_1e8vcs8._.js:776
[  304540ms] [LOG] [Fast Refresh] done in 76ms @ http://localhost:3111/_next/static/chunks/node_modules_next_dist_1e8vcs8._.js:776
[  304588ms] [LOG] [Fast Refresh] done in 76ms @ http://localhost:3111/_next/static/chunks/node_modules_next_dist_1e8vcs8._.js:776
[  304639ms] [LOG] [Fast Refresh] done in 76ms @ http://localhost:3111/_next/static/chunks/node_modules_next_dist_1e8vcs8._.js:776
[  304690ms] [LOG] [Fast Refresh] done in 76ms @ http://localhost:3111/_next/static/chunks/node_modules_next_dist_1e8vcs8._.js:776
[  304741ms] [LOG] [Fast Refresh] done in 76ms @ http://localhost:3111/_next/static/chunks/node_modules_next_dist_1e8vcs8._.js:776
[  304790ms] [LOG] [Fast Refresh] done in 76ms @ http://localhost:3111/_next/static/chunks/node_modules_next_dist_1e8vcs8._.js:776
[  304853ms] [LOG] [Fast Refresh] done in 76ms @ http://localhost:3111/_next/static/chunks/node_modules_next_dist_1e8vcs8._.js:776
[  304891ms] [LOG] [Fast Refresh] done in 76ms @ http://localhost:3111/_next/static/chunks/node_modules_next_dist_1e8vcs8._.js:776
[  304940ms] [LOG] [Fast Refresh] done in 76ms @ http://localhost:3111/_next/static/chunks/node_modules_next_dist_1e8vcs8._.js:776
[  304989ms] [LOG] [Fast Refresh] done in 76ms @ http://localhost:3111/_next/static/chunks/node_modules_next_dist_1e8vcs8._.js:776
[  305041ms] [LOG] [Fast Refresh] done in 76ms @ http://localhost:3111/_next/static/chunks/node_modules_next_dist_1e8vcs8._.js:776
[  305089ms] [LOG] [Fast Refresh] done in 76ms @ http://localhost:3111/_next/static/chunks/node_modules_next_dist_1e8vcs8._.js:776
[  305139ms] [LOG] [Fast Refresh] done in 76ms @ http://localhost:3111/_next/static/chunks/node_modules_next_dist_1e8vcs8._.js:776
[  305190ms] [LOG] [Fast Refresh] done in 76ms @ http://localhost:3111/_next/static/chunks/node_modules_next_dist_1e8vcs8._.js:776
[  305239ms] [LOG] [Fast Refresh] done in 76ms @ http://localhost:3111/_next/static/chunks/node_modules_next_dist_1e8vcs8._.js:776
[  305290ms] [LOG] [Fast Refresh] done in 76ms @ http://localhost:3111/_next/static/chunks/node_modules_next_dist_1e8vcs8._.js:776
[  305337ms] [LOG] [Fast Refresh] done in 76ms @ http://localhost:3111/_next/static/chunks/node_modules_next_dist_1e8vcs8._.js:776
[  305388ms] [LOG] [Fast Refresh] done in 76ms @ http://localhost:3111/_next/static/chunks/node_modules_next_dist_1e8vcs8._.js:776
[  305439ms] [LOG] [Fast Refresh] done in 76ms @ http://localhost:3111/_next/static/chunks/node_modules_next_dist_1e8vcs8._.js:776
[  305489ms] [LOG] [Fast Refresh] done in 76ms @ http://localhost:3111/_next/static/chunks/node_modules_next_dist_1e8vcs8._.js:776
[  305539ms] [LOG] [Fast Refresh] done in 76ms @ http://localhost:3111/_next/static/chunks/node_modules_next_dist_1e8vcs8._.js:776
[  305588ms] [LOG] [Fast Refresh] done in 76ms @ http://localhost:3111/_next/static/chunks/node_modules_next_dist_1e8vcs8._.js:776
[  305640ms] [LOG] [Fast Refresh] done in 76ms @ http://localhost:3111/_next/static/chunks/node_modules_next_dist_1e8vcs8._.js:776
[  305688ms] [LOG] [Fast Refresh] done in 76ms @ http://localhost:3111/_next/static/chunks/node_modules_next_dist_1e8vcs8._.js:776
[  305739ms] [LOG] [Fast Refresh] done in 76ms @ http://localhost:3111/_next/static/chunks/node_modules_next_dist_1e8vcs8._.js:776
[  305790ms] [LOG] [Fast Refresh] done in 76ms @ http://localhost:3111/_next/static/chunks/node_modules_next_dist_1e8vcs8._.js:776
[  305851ms] [LOG] [Fast Refresh] done in 76ms @ http://localhost:3111/_next/static/chunks/node_modules_next_dist_1e8vcs8._.js:776
[  305890ms] [LOG] [Fast Refresh] done in 76ms @ http://localhost:3111/_next/static/chunks/node_modules_next_dist_1e8vcs8._.js:776
[  305938ms] [LOG] [Fast Refresh] done in 76ms @ http://localhost:3111/_next/static/chunks/node_modules_next_dist_1e8vcs8._.js:776
[  305988ms] [LOG] [Fast Refresh] done in 76ms @ http://localhost:3111/_next/static/chunks/node_modules_next_dist_1e8vcs8._.js:776
[  306038ms] [LOG] [Fast Refresh] done in 76ms @ http://localhost:3111/_next/static/chunks/node_modules_next_dist_1e8vcs8._.js:776
[  306090ms] [LOG] [Fast Refresh] done in 76ms @ http://localhost:3111/_next/static/chunks/node_modules_next_dist_1e8vcs8._.js:776
[  306140ms] [LOG] [Fast Refresh] done in 76ms @ http://localhost:3111/_next/static/chunks/node_modules_next_dist_1e8vcs8._.js:776
[  306191ms] [LOG] [Fast Refresh] done in 76ms @ http://localhost:3111/_next/static/chunks/node_modules_next_dist_1e8vcs8._.js:776
[  306240ms] [LOG] [Fast Refresh] done in 76ms @ http://localhost:3111/_next/static/chunks/node_modules_next_dist_1e8vcs8._.js:776
[  306290ms] [LOG] [Fast Refresh] done in 76ms @ http://localhost:3111/_next/static/chunks/node_modules_next_dist_1e8vcs8._.js:776
[  306338ms] [LOG] [Fast Refresh] done in 76ms @ http://localhost:3111/_next/static/chunks/node_modules_next_dist_1e8vcs8._.js:776
[  306388ms] [LOG] [Fast Refresh] done in 76ms @ http://localhost:3111/_next/static/chunks/node_modules_next_dist_1e8vcs8._.js:776
[  306438ms] [LOG] [Fast Refresh] done in 76ms @ http://localhost:3111/_next/static/chunks/node_modules_next_dist_1e8vcs8._.js:776
[  306488ms] [LOG] [Fast Refresh] done in 76ms @ http://localhost:3111/_next/static/chunks/node_modules_next_dist_1e8vcs8._.js:776
[  306539ms] [LOG] [Fast Refresh] done in 76ms @ http://localhost:3111/_next/static/chunks/node_modules_next_dist_1e8vcs8._.js:776
[  306589ms] [LOG] [Fast Refresh] done in 76ms @ http://localhost:3111/_next/static/chunks/node_modules_next_dist_1e8vcs8._.js:776
[  306638ms] [LOG] [Fast Refresh] done in 76ms @ http://localhost:3111/_next/static/chunks/node_modules_next_dist_1e8vcs8._.js:776
[  306691ms] [LOG] [Fast Refresh] done in 76ms @ http://localhost:3111/_next/static/chunks/node_modules_next_dist_1e8vcs8._.js:776
[  306740ms] [LOG] [Fast Refresh] done in 76ms @ http://localhost:3111/_next/static/chunks/node_modules_next_dist_1e8vcs8._.js:776
[  306790ms] [LOG] [Fast Refresh] done in 76ms @ http://localhost:3111/_next/static/chunks/node_modules_next_dist_1e8vcs8._.js:776
[  306855ms] [LOG] [Fast Refresh] done in 76ms @ http://localhost:3111/_next/static/chunks/node_modules_next_dist_1e8vcs8._.js:776
[  306907ms] [LOG] [Fast Refresh] done in 76ms @ http://localhost:3111/_next/static/chunks/node_modules_next_dist_1e8vcs8._.js:776
[  306957ms] [LOG] [Fast Refresh] done in 76ms @ http://localhost:3111/_next/static/chunks/node_modules_next_dist_1e8vcs8._.js:776
[  307005ms] [LOG] [Fast Refresh] done in 76ms @ http://localhost:3111/_next/static/chunks/node_modules_next_dist_1e8vcs8._.js:776
[  307055ms] [LOG] [Fast Refresh] done in 76ms @ http://localhost:3111/_next/static/chunks/node_modules_next_dist_1e8vcs8._.js:776
[  307105ms] [LOG] [Fast Refresh] done in 76ms @ http://localhost:3111/_next/static/chunks/node_modules_next_dist_1e8vcs8._.js:776
[  307156ms] [LOG] [Fast Refresh] done in 76ms @ http://localhost:3111/_next/static/chunks/node_modules_next_dist_1e8vcs8._.js:776
[  307205ms] [LOG] [Fast Refresh] done in 76ms @ http://localhost:3111/_next/static/chunks/node_modules_next_dist_1e8vcs8._.js:776
[  307256ms] [LOG] [Fast Refresh] done in 76ms @ http://localhost:3111/_next/static/chunks/node_modules_next_dist_1e8vcs8._.js:776
[  307306ms] [LOG] [Fast Refresh] done in 76ms @ http://localhost:3111/_next/static/chunks/node_modules_next_dist_1e8vcs8._.js:776
[  307368ms] [LOG] [Fast Refresh] done in 76ms @ http://localhost:3111/_next/static/chunks/node_modules_next_dist_1e8vcs8._.js:776
[  307422ms] [LOG] [Fast Refresh] done in 76ms @ http://localhost:3111/_next/static/chunks/node_modules_next_dist_1e8vcs8._.js:776
[  307472ms] [LOG] [Fast Refresh] done in 76ms @ http://localhost:3111/_next/static/chunks/node_modules_next_dist_1e8vcs8._.js:776
[  307522ms] [LOG] [Fast Refresh] done in 76ms @ http://localhost:3111/_next/static/chunks/node_modules_next_dist_1e8vcs8._.js:776
[  307573ms] [LOG] [Fast Refresh] done in 76ms @ http://localhost:3111/_next/static/chunks/node_modules_next_dist_1e8vcs8._.js:776
[  307623ms] [LOG] [Fast Refresh] done in 76ms @ http://localhost:3111/_next/static/chunks/node_modules_next_dist_1e8vcs8._.js:776
[  307672ms] [LOG] [Fast Refresh] done in 76ms @ http://localhost:3111/_next/static/chunks/node_modules_next_dist_1e8vcs8._.js:776
[  307723ms] [LOG] [Fast Refresh] done in 76ms @ http://localhost:3111/_next/static/chunks/node_modules_next_dist_1e8vcs8._.js:776
[  307773ms] [LOG] [Fast Refresh] done in 76ms @ http://localhost:3111/_next/static/chunks/node_modules_next_dist_1e8vcs8._.js:776
[  307822ms] [LOG] [Fast Refresh] done in 76ms @ http://localhost:3111/_next/static/chunks/node_modules_next_dist_1e8vcs8._.js:776
[  307888ms] [LOG] [Fast Refresh] done in 76ms @ http://localhost:3111/_next/static/chunks/node_modules_next_dist_1e8vcs8._.js:776
[  307940ms] [LOG] [Fast Refresh] done in 76ms @ http://localhost:3111/_next/static/chunks/node_modules_next_dist_1e8vcs8._.js:776
[  307991ms] [LOG] [Fast Refresh] done in 76ms @ http://localhost:3111/_next/static/chunks/node_modules_next_dist_1e8vcs8._.js:776
[  308040ms] [LOG] [Fast Refresh] done in 76ms @ http://localhost:3111/_next/static/chunks/node_modules_next_dist_1e8vcs8._.js:776
[  308088ms] [LOG] [Fast Refresh] done in 76ms @ http://localhost:3111/_next/static/chunks/node_modules_next_dist_1e8vcs8._.js:776
[  308140ms] [LOG] [Fast Refresh] done in 76ms @ http://localhost:3111/_next/static/chunks/node_modules_next_dist_1e8vcs8._.js:776
[  308190ms] [LOG] [Fast Refresh] done in 76ms @ http://localhost:3111/_next/static/chunks/node_modules_next_dist_1e8vcs8._.js:776
[  308240ms] [LOG] [Fast Refresh] done in 76ms @ http://localhost:3111/_next/static/chunks/node_modules_next_dist_1e8vcs8._.js:776
[  308290ms] [LOG] [Fast Refresh] done in 76ms @ http://localhost:3111/_next/static/chunks/node_modules_next_dist_1e8vcs8._.js:776
[  308339ms] [LOG] [Fast Refresh] done in 76ms @ http://localhost:3111/_next/static/chunks/node_modules_next_dist_1e8vcs8._.js:776
[  308389ms] [LOG] [Fast Refresh] done in 76ms @ http://localhost:3111/_next/static/chunks/node_modules_next_dist_1e8vcs8._.js:776
[  308438ms] [LOG] [Fast Refresh] done in 76ms @ http://localhost:3111/_next/static/chunks/node_modules_next_dist_1e8vcs8._.js:776
[  308488ms] [LOG] [Fast Refresh] done in 76ms @ http://localhost:3111/_next/static/chunks/node_modules_next_dist_1e8vcs8._.js:776
[  308540ms] [LOG] [Fast Refresh] done in 76ms @ http://localhost:3111/_next/static/chunks/node_modules_next_dist_1e8vcs8._.js:776
[  308588ms] [LOG] [Fast Refresh] done in 76ms @ http://localhost:3111/_next/static/chunks/node_modules_next_dist_1e8vcs8._.js:776
[  308639ms] [LOG] [Fast Refresh] done in 76ms @ http://localhost:3111/_next/static/chunks/node_modules_next_dist_1e8vcs8._.js:776
[  308689ms] [LOG] [Fast Refresh] done in 76ms @ http://localhost:3111/_next/static/chunks/node_modules_next_dist_1e8vcs8._.js:776
[  308739ms] [LOG] [Fast Refresh] done in 76ms @ http://localhost:3111/_next/static/chunks/node_modules_next_dist_1e8vcs8._.js:776
[  308790ms] [LOG] [Fast Refresh] done in 76ms @ http://localhost:3111/_next/static/chunks/node_modules_next_dist_1e8vcs8._.js:776
[  308838ms] [LOG] [Fast Refresh] done in 76ms @ http://localhost:3111/_next/static/chunks/node_modules_next_dist_1e8vcs8._.js:776
[  308890ms] [LOG] [Fast Refresh] done in 76ms @ http://localhost:3111/_next/static/chunks/node_modules_next_dist_1e8vcs8._.js:776
[  308938ms] [LOG] [Fast Refresh] done in 76ms @ http://localhost:3111/_next/static/chunks/node_modules_next_dist_1e8vcs8._.js:776
[  308989ms] [LOG] [Fast Refresh] done in 76ms @ http://localhost:3111/_next/static/chunks/node_modules_next_dist_1e8vcs8._.js:776
[  309038ms] [LOG] [Fast Refresh] done in 76ms @ http://localhost:3111/_next/static/chunks/node_modules_next_dist_1e8vcs8._.js:776
[  309088ms] [LOG] [Fast Refresh] done in 76ms @ http://localhost:3111/_next/static/chunks/node_modules_next_dist_1e8vcs8._.js:776
[  309138ms] [LOG] [Fast Refresh] done in 76ms @ http://localhost:3111/_next/static/chunks/node_modules_next_dist_1e8vcs8._.js:776
[  309188ms] [LOG] [Fast Refresh] done in 76ms @ http://localhost:3111/_next/static/chunks/node_modules_next_dist_1e8vcs8._.js:776
[  309241ms] [LOG] [Fast Refresh] done in 76ms @ http://localhost:3111/_next/static/chunks/node_modules_next_dist_1e8vcs8._.js:776
[  309290ms] [LOG] [Fast Refresh] done in 76ms @ http://localhost:3111/_next/static/chunks/node_modules_next_dist_1e8vcs8._.js:776
[  309341ms] [LOG] [Fast Refresh] done in 76ms @ http://localhost:3111/_next/static/chunks/node_modules_next_dist_1e8vcs8._.js:776
[  309390ms] [LOG] [Fast Refresh] done in 76ms @ http://localhost:3111/_next/static/chunks/node_modules_next_dist_1e8vcs8._.js:776
[  309441ms] [LOG] [Fast Refresh] done in 76ms @ http://localhost:3111/_next/static/chunks/node_modules_next_dist_1e8vcs8._.js:776
[  309491ms] [LOG] [Fast Refresh] done in 76ms @ http://localhost:3111/_next/static/chunks/node_modules_next_dist_1e8vcs8._.js:776
[  309542ms] [LOG] [Fast Refresh] done in 76ms @ http://localhost:3111/_next/static/chunks/node_modules_next_dist_1e8vcs8._.js:776
[  309591ms] [LOG] [Fast Refresh] done in 76ms @ http://localhost:3111/_next/static/chunks/node_modules_next_dist_1e8vcs8._.js:776
[  309641ms] [LOG] [Fast Refresh] done in 76ms @ http://localhost:3111/_next/static/chunks/node_modules_next_dist_1e8vcs8._.js:776
[  309691ms] [LOG] [Fast Refresh] done in 76ms @ http://localhost:3111/_next/static/chunks/node_modules_next_dist_1e8vcs8._.js:776
[  309741ms] [LOG] [Fast Refresh] done in 76ms @ http://localhost:3111/_next/static/chunks/node_modules_next_dist_1e8vcs8._.js:776
[  309792ms] [LOG] [Fast Refresh] done in 76ms @ http://localhost:3111/_next/static/chunks/node_modules_next_dist_1e8vcs8._.js:776
[  309841ms] [LOG] [Fast Refresh] done in 76ms @ http://localhost:3111/_next/static/chunks/node_modules_next_dist_1e8vcs8._.js:776
[  309892ms] [LOG] [Fast Refresh] done in 76ms @ http://localhost:3111/_next/static/chunks/node_modules_next_dist_1e8vcs8._.js:776
[  309941ms] [LOG] [Fast Refresh] done in 76ms @ http://localhost:3111/_next/static/chunks/node_modules_next_dist_1e8vcs8._.js:776
[  309991ms] [LOG] [Fast Refresh] done in 76ms @ http://localhost:3111/_next/static/chunks/node_modules_next_dist_1e8vcs8._.js:776
[  310042ms] [LOG] [Fast Refresh] done in 76ms @ http://localhost:3111/_next/static/chunks/node_modules_next_dist_1e8vcs8._.js:776
[  310092ms] [LOG] [Fast Refresh] done in 76ms @ http://localhost:3111/_next/static/chunks/node_modules_next_dist_1e8vcs8._.js:776
[  310142ms] [LOG] [Fast Refresh] done in 76ms @ http://localhost:3111/_next/static/chunks/node_modules_next_dist_1e8vcs8._.js:776
[  310191ms] [LOG] [Fast Refresh] done in 76ms @ http://localhost:3111/_next/static/chunks/node_modules_next_dist_1e8vcs8._.js:776
[  310242ms] [LOG] [Fast Refresh] done in 76ms @ http://localhost:3111/_next/static/chunks/node_modules_next_dist_1e8vcs8._.js:776
[  310292ms] [LOG] [Fast Refresh] done in 76ms @ http://localhost:3111/_next/static/chunks/node_modules_next_dist_1e8vcs8._.js:776
[  310341ms] [LOG] [Fast Refresh] done in 76ms @ http://localhost:3111/_next/static/chunks/node_modules_next_dist_1e8vcs8._.js:776
[  310388ms] [LOG] [Fast Refresh] done in 76ms @ http://localhost:3111/_next/static/chunks/node_modules_next_dist_1e8vcs8._.js:776
[  310440ms] [LOG] [Fast Refresh] done in 76ms @ http://localhost:3111/_next/static/chunks/node_modules_next_dist_1e8vcs8._.js:776
[  310492ms] [LOG] [Fast Refresh] done in 76ms @ http://localhost:3111/_next/static/chunks/node_modules_next_dist_1e8vcs8._.js:776
[  310543ms] [LOG] [Fast Refresh] done in 76ms @ http://localhost:3111/_next/static/chunks/node_modules_next_dist_1e8vcs8._.js:776
[  310591ms] [LOG] [Fast Refresh] done in 76ms @ http://localhost:3111/_next/static/chunks/node_modules_next_dist_1e8vcs8._.js:776
[  310640ms] [LOG] [Fast Refresh] done in 76ms @ http://localhost:3111/_next/static/chunks/node_modules_next_dist_1e8vcs8._.js:776
[  310691ms] [LOG] [Fast Refresh] done in 76ms @ http://localhost:3111/_next/static/chunks/node_modules_next_dist_1e8vcs8._.js:776
[  310740ms] [LOG] [Fast Refresh] done in 76ms @ http://localhost:3111/_next/static/chunks/node_modules_next_dist_1e8vcs8._.js:776
[  310792ms] [LOG] [Fast Refresh] done in 76ms @ http://localhost:3111/_next/static/chunks/node_modules_next_dist_1e8vcs8._.js:776
[  310854ms] [LOG] [Fast Refresh] done in 76ms @ http://localhost:3111/_next/static/chunks/node_modules_next_dist_1e8vcs8._.js:776
[  310891ms] [LOG] [Fast Refresh] done in 76ms @ http://localhost:3111/_next/static/chunks/node_modules_next_dist_1e8vcs8._.js:776
[  310942ms] [LOG] [Fast Refresh] done in 76ms @ http://localhost:3111/_next/static/chunks/node_modules_next_dist_1e8vcs8._.js:776
[  310991ms] [LOG] [Fast Refresh] done in 76ms @ http://localhost:3111/_next/static/chunks/node_modules_next_dist_1e8vcs8._.js:776
[  311041ms] [LOG] [Fast Refresh] done in 76ms @ http://localhost:3111/_next/static/chunks/node_modules_next_dist_1e8vcs8._.js:776
[  311091ms] [LOG] [Fast Refresh] done in 76ms @ http://localhost:3111/_next/static/chunks/node_modules_next_dist_1e8vcs8._.js:776
[  311142ms] [LOG] [Fast Refresh] done in 76ms @ http://localhost:3111/_next/static/chunks/node_modules_next_dist_1e8vcs8._.js:776
[  311191ms] [LOG] [Fast Refresh] done in 76ms @ http://localhost:3111/_next/static/chunks/node_modules_next_dist_1e8vcs8._.js:776
[  311241ms] [LOG] [Fast Refresh] done in 76ms @ http://localhost:3111/_next/static/chunks/node_modules_next_dist_1e8vcs8._.js:776
[  311290ms] [LOG] [Fast Refresh] done in 76ms @ http://localhost:3111/_next/static/chunks/node_modules_next_dist_1e8vcs8._.js:776
[  311338ms] [LOG] [Fast Refresh] done in 76ms @ http://localhost:3111/_next/static/chunks/node_modules_next_dist_1e8vcs8._.js:776
[  311390ms] [LOG] [Fast Refresh] done in 76ms @ http://localhost:3111/_next/static/chunks/node_modules_next_dist_1e8vcs8._.js:776
[  311441ms] [LOG] [Fast Refresh] done in 76ms @ http://localhost:3111/_next/static/chunks/node_modules_next_dist_1e8vcs8._.js:776
[  311490ms] [LOG] [Fast Refresh] done in 76ms @ http://localhost:3111/_next/static/chunks/node_modules_next_dist_1e8vcs8._.js:776
[  311540ms] [LOG] [Fast Refresh] done in 76ms @ http://localhost:3111/_next/static/chunks/node_modules_next_dist_1e8vcs8._.js:776
[  311590ms] [LOG] [Fast Refresh] done in 76ms @ http://localhost:3111/_next/static/chunks/node_modules_next_dist_1e8vcs8._.js:776
[  311640ms] [LOG] [Fast Refresh] done in 76ms @ http://localhost:3111/_next/static/chunks/node_modules_next_dist_1e8vcs8._.js:776
[  311688ms] [LOG] [Fast Refresh] done in 76ms @ http://localhost:3111/_next/static/chunks/node_modules_next_dist_1e8vcs8._.js:776
[  311740ms] [LOG] [Fast Refresh] done in 76ms @ http://localhost:3111/_next/static/chunks/node_modules_next_dist_1e8vcs8._.js:776
[  311790ms] [LOG] [Fast Refresh] done in 76ms @ http://localhost:3111/_next/static/chunks/node_modules_next_dist_1e8vcs8._.js:776
[  311838ms] [LOG] [Fast Refresh] done in 76ms @ http://localhost:3111/_next/static/chunks/node_modules_next_dist_1e8vcs8._.js:776
[  311890ms] [LOG] [Fast Refresh] done in 76ms @ http://localhost:3111/_next/static/chunks/node_modules_next_dist_1e8vcs8._.js:776
[  311941ms] [LOG] [Fast Refresh] done in 76ms @ http://localhost:3111/_next/static/chunks/node_modules_next_dist_1e8vcs8._.js:776
[  311990ms] [LOG] [Fast Refresh] done in 76ms @ http://localhost:3111/_next/static/chunks/node_modules_next_dist_1e8vcs8._.js:776
[  312057ms] [LOG] [Fast Refresh] done in 76ms @ http://localhost:3111/_next/static/chunks/node_modules_next_dist_1e8vcs8._.js:776
[  312107ms] [LOG] [Fast Refresh] done in 76ms @ http://localhost:3111/_next/static/chunks/node_modules_next_dist_1e8vcs8._.js:776
[  312157ms] [LOG] [Fast Refresh] done in 76ms @ http://localhost:3111/_next/static/chunks/node_modules_next_dist_1e8vcs8._.js:776
[  312206ms] [LOG] [Fast Refresh] done in 76ms @ http://localhost:3111/_next/static/chunks/node_modules_next_dist_1e8vcs8._.js:776
[  312257ms] [LOG] [Fast Refresh] done in 76ms @ http://localhost:3111/_next/static/chunks/node_modules_next_dist_1e8vcs8._.js:776
[  312320ms] [LOG] [Fast Refresh] done in 76ms @ http://localhost:3111/_next/static/chunks/node_modules_next_dist_1e8vcs8._.js:776
[  312374ms] [LOG] [Fast Refresh] done in 76ms @ http://localhost:3111/_next/static/chunks/node_modules_next_dist_1e8vcs8._.js:776
[  312422ms] [LOG] [Fast Refresh] done in 76ms @ http://localhost:3111/_next/static/chunks/node_modules_next_dist_1e8vcs8._.js:776
[  312470ms] [LOG] [Fast Refresh] done in 76ms @ http://localhost:3111/_next/static/chunks/node_modules_next_dist_1e8vcs8._.js:776
[  312523ms] [LOG] [Fast Refresh] done in 76ms @ http://localhost:3111/_next/static/chunks/node_modules_next_dist_1e8vcs8._.js:776
[  312571ms] [LOG] [Fast Refresh] done in 76ms @ http://localhost:3111/_next/static/chunks/node_modules_next_dist_1e8vcs8._.js:776
[  312623ms] [LOG] [Fast Refresh] done in 76ms @ http://localhost:3111/_next/static/chunks/node_modules_next_dist_1e8vcs8._.js:776
[  312673ms] [LOG] [Fast Refresh] done in 76ms @ http://localhost:3111/_next/static/chunks/node_modules_next_dist_1e8vcs8._.js:776
[  312720ms] [LOG] [Fast Refresh] done in 76ms @ http://localhost:3111/_next/static/chunks/node_modules_next_dist_1e8vcs8._.js:776
[  312773ms] [LOG] [Fast Refresh] done in 76ms @ http://localhost:3111/_next/static/chunks/node_modules_next_dist_1e8vcs8._.js:776
[  312821ms] [LOG] [Fast Refresh] done in 76ms @ http://localhost:3111/_next/static/chunks/node_modules_next_dist_1e8vcs8._.js:776
[  312872ms] [LOG] [Fast Refresh] done in 76ms @ http://localhost:3111/_next/static/chunks/node_modules_next_dist_1e8vcs8._.js:776
[  312923ms] [LOG] [Fast Refresh] done in 76ms @ http://localhost:3111/_next/static/chunks/node_modules_next_dist_1e8vcs8._.js:776
[  312972ms] [LOG] [Fast Refresh] done in 76ms @ http://localhost:3111/_next/static/chunks/node_modules_next_dist_1e8vcs8._.js:776
[  313023ms] [LOG] [Fast Refresh] done in 76ms @ http://localhost:3111/_next/static/chunks/node_modules_next_dist_1e8vcs8._.js:776
[  313072ms] [LOG] [Fast Refresh] done in 76ms @ http://localhost:3111/_next/static/chunks/node_modules_next_dist_1e8vcs8._.js:776
[  313123ms] [LOG] [Fast Refresh] done in 76ms @ http://localhost:3111/_next/static/chunks/node_modules_next_dist_1e8vcs8._.js:776
[  313173ms] [LOG] [Fast Refresh] done in 76ms @ http://localhost:3111/_next/static/chunks/node_modules_next_dist_1e8vcs8._.js:776
[  313222ms] [LOG] [Fast Refresh] done in 76ms @ http://localhost:3111/_next/static/chunks/node_modules_next_dist_1e8vcs8._.js:776
[  313272ms] [LOG] [Fast Refresh] done in 76ms @ http://localhost:3111/_next/static/chunks/node_modules_next_dist_1e8vcs8._.js:776
[  313323ms] [LOG] [Fast Refresh] done in 76ms @ http://localhost:3111/_next/static/chunks/node_modules_next_dist_1e8vcs8._.js:776
[  313372ms] [LOG] [Fast Refresh] done in 76ms @ http://localhost:3111/_next/static/chunks/node_modules_next_dist_1e8vcs8._.js:776
[  313421ms] [LOG] [Fast Refresh] done in 76ms @ http://localhost:3111/_next/static/chunks/node_modules_next_dist_1e8vcs8._.js:776
[  313470ms] [LOG] [Fast Refresh] done in 76ms @ http://localhost:3111/_next/static/chunks/node_modules_next_dist_1e8vcs8._.js:776
[  313534ms] [LOG] [Fast Refresh] done in 76ms @ http://localhost:3111/_next/static/chunks/node_modules_next_dist_1e8vcs8._.js:776
[  313582ms] [LOG] [Fast Refresh] done in 76ms @ http://localhost:3111/_next/static/chunks/node_modules_next_dist_1e8vcs8._.js:776
[  313647ms] [LOG] [Fast Refresh] done in 76ms @ http://localhost:3111/_next/static/chunks/node_modules_next_dist_1e8vcs8._.js:776
[  313693ms] [LOG] [Fast Refresh] done in 76ms @ http://localhost:3111/_next/static/chunks/node_modules_next_dist_1e8vcs8._.js:776
[  313741ms] [LOG] [Fast Refresh] done in 76ms @ http://localhost:3111/_next/static/chunks/node_modules_next_dist_1e8vcs8._.js:776
[  313789ms] [LOG] [Fast Refresh] done in 76ms @ http://localhost:3111/_next/static/chunks/node_modules_next_dist_1e8vcs8._.js:776
[  313837ms] [LOG] [Fast Refresh] done in 76ms @ http://localhost:3111/_next/static/chunks/node_modules_next_dist_1e8vcs8._.js:776
[  313888ms] [LOG] [Fast Refresh] done in 76ms @ http://localhost:3111/_next/static/chunks/node_modules_next_dist_1e8vcs8._.js:776
[  313952ms] [LOG] [Fast Refresh] done in 76ms @ http://localhost:3111/_next/static/chunks/node_modules_next_dist_1e8vcs8._.js:776
[  314015ms] [LOG] [Fast Refresh] done in 76ms @ http://localhost:3111/_next/static/chunks/node_modules_next_dist_1e8vcs8._.js:776
[  314078ms] [LOG] [Fast Refresh] done in 76ms @ http://localhost:3111/_next/static/chunks/node_modules_next_dist_1e8vcs8._.js:776
[  314126ms] [LOG] [Fast Refresh] done in 76ms @ http://localhost:3111/_next/static/chunks/node_modules_next_dist_1e8vcs8._.js:776
[  314189ms] [LOG] [Fast Refresh] done in 76ms @ http://localhost:3111/_next/static/chunks/node_modules_next_dist_1e8vcs8._.js:776
[  314252ms] [LOG] [Fast Refresh] done in 76ms @ http://localhost:3111/_next/static/chunks/node_modules_next_dist_1e8vcs8._.js:776
[  314315ms] [LOG] [Fast Refresh] done in 76ms @ http://localhost:3111/_next/static/chunks/node_modules_next_dist_1e8vcs8._.js:776
[  314371ms] [LOG] [Fast Refresh] done in 76ms @ http://localhost:3111/_next/static/chunks/node_modules_next_dist_1e8vcs8._.js:776
[  314420ms] [LOG] [Fast Refresh] done in 76ms @ http://localhost:3111/_next/static/chunks/node_modules_next_dist_1e8vcs8._.js:776
[  314467ms] [LOG] [Fast Refresh] done in 76ms @ http://localhost:3111/_next/static/chunks/node_modules_next_dist_1e8vcs8._.js:776
[  314530ms] [LOG] [Fast Refresh] done in 76ms @ http://localhost:3111/_next/static/chunks/node_modules_next_dist_1e8vcs8._.js:776
[  314578ms] [LOG] [Fast Refresh] done in 76ms @ http://localhost:3111/_next/static/chunks/node_modules_next_dist_1e8vcs8._.js:776
[  314641ms] [LOG] [Fast Refresh] done in 76ms @ http://localhost:3111/_next/static/chunks/node_modules_next_dist_1e8vcs8._.js:776
[  314703ms] [LOG] [Fast Refresh] done in 76ms @ http://localhost:3111/_next/static/chunks/node_modules_next_dist_1e8vcs8._.js:776
[  314750ms] [LOG] [Fast Refresh] done in 76ms @ http://localhost:3111/_next/static/chunks/node_modules_next_dist_1e8vcs8._.js:776
[  314805ms] [LOG] [Fast Refresh] done in 76ms @ http://localhost:3111/_next/static/chunks/node_modules_next_dist_1e8vcs8._.js:776
[  314855ms] [LOG] [Fast Refresh] done in 76ms @ http://localhost:3111/_next/static/chunks/node_modules_next_dist_1e8vcs8._.js:776
[  314903ms] [LOG] [Fast Refresh] done in 76ms @ http://localhost:3111/_next/static/chunks/node_modules_next_dist_1e8vcs8._.js:776
[  314966ms] [LOG] [Fast Refresh] done in 76ms @ http://localhost:3111/_next/static/chunks/node_modules_next_dist_1e8vcs8._.js:776
[  315027ms] [LOG] [Fast Refresh] done in 76ms @ http://localhost:3111/_next/static/chunks/node_modules_next_dist_1e8vcs8._.js:776
[  315091ms] [LOG] [Fast Refresh] done in 76ms @ http://localhost:3111/_next/static/chunks/node_modules_next_dist_1e8vcs8._.js:776
[  315139ms] [LOG] [Fast Refresh] done in 76ms @ http://localhost:3111/_next/static/chunks/node_modules_next_dist_1e8vcs8._.js:776
[  315201ms] [LOG] [Fast Refresh] done in 76ms @ http://localhost:3111/_next/static/chunks/node_modules_next_dist_1e8vcs8._.js:776
[  315249ms] [LOG] [Fast Refresh] done in 76ms @ http://localhost:3111/_next/static/chunks/node_modules_next_dist_1e8vcs8._.js:776
[  315313ms] [LOG] [Fast Refresh] done in 76ms @ http://localhost:3111/_next/static/chunks/node_modules_next_dist_1e8vcs8._.js:776
[  315355ms] [LOG] [Fast Refresh] done in 76ms @ http://localhost:3111/_next/static/chunks/node_modules_next_dist_1e8vcs8._.js:776
[  315418ms] [LOG] [Fast Refresh] done in 76ms @ http://localhost:3111/_next/static/chunks/node_modules_next_dist_1e8vcs8._.js:776
[  315466ms] [LOG] [Fast Refresh] done in 76ms @ http://localhost:3111/_next/static/chunks/node_modules_next_dist_1e8vcs8._.js:776
[  315513ms] [LOG] [Fast Refresh] done in 76ms @ http://localhost:3111/_next/static/chunks/node_modules_next_dist_1e8vcs8._.js:776
[  315576ms] [LOG] [Fast Refresh] done in 76ms @ http://localhost:3111/_next/static/chunks/node_modules_next_dist_1e8vcs8._.js:776
[  315639ms] [LOG] [Fast Refresh] done in 76ms @ http://localhost:3111/_next/static/chunks/node_modules_next_dist_1e8vcs8._.js:776
[  315688ms] [LOG] [Fast Refresh] done in 76ms @ http://localhost:3111/_next/static/chunks/node_modules_next_dist_1e8vcs8._.js:776
[  315736ms] [LOG] [Fast Refresh] done in 76ms @ http://localhost:3111/_next/static/chunks/node_modules_next_dist_1e8vcs8._.js:776
[  315783ms] [LOG] [Fast Refresh] done in 76ms @ http://localhost:3111/_next/static/chunks/node_modules_next_dist_1e8vcs8._.js:776
[  315837ms] [LOG] [Fast Refresh] done in 76ms @ http://localhost:3111/_next/static/chunks/node_modules_next_dist_1e8vcs8._.js:776
[  315887ms] [LOG] [Fast Refresh] done in 76ms @ http://localhost:3111/_next/static/chunks/node_modules_next_dist_1e8vcs8._.js:776
[  315935ms] [LOG] [Fast Refresh] done in 76ms @ http://localhost:3111/_next/static/chunks/node_modules_next_dist_1e8vcs8._.js:776
[  315982ms] [LOG] [Fast Refresh] done in 76ms @ http://localhost:3111/_next/static/chunks/node_modules_next_dist_1e8vcs8._.js:776
[  316030ms] [LOG] [Fast Refresh] done in 76ms @ http://localhost:3111/_next/static/chunks/node_modules_next_dist_1e8vcs8._.js:776
[  316093ms] [LOG] [Fast Refresh] done in 76ms @ http://localhost:3111/_next/static/chunks/node_modules_next_dist_1e8vcs8._.js:776
[  316156ms] [LOG] [Fast Refresh] done in 76ms @ http://localhost:3111/_next/static/chunks/node_modules_next_dist_1e8vcs8._.js:776
[  316204ms] [LOG] [Fast Refresh] done in 76ms @ http://localhost:3111/_next/static/chunks/node_modules_next_dist_1e8vcs8._.js:776
[  316252ms] [LOG] [Fast Refresh] done in 76ms @ http://localhost:3111/_next/static/chunks/node_modules_next_dist_1e8vcs8._.js:776
[  316300ms] [LOG] [Fast Refresh] done in 76ms @ http://localhost:3111/_next/static/chunks/node_modules_next_dist_1e8vcs8._.js:776
[  316352ms] [LOG] [Fast Refresh] done in 76ms @ http://localhost:3111/_next/static/chunks/node_modules_next_dist_1e8vcs8._.js:776
[  316404ms] [LOG] [Fast Refresh] done in 76ms @ http://localhost:3111/_next/static/chunks/node_modules_next_dist_1e8vcs8._.js:776
[  316452ms] [LOG] [Fast Refresh] done in 76ms @ http://localhost:3111/_next/static/chunks/node_modules_next_dist_1e8vcs8._.js:776
[  316499ms] [LOG] [Fast Refresh] done in 76ms @ http://localhost:3111/_next/static/chunks/node_modules_next_dist_1e8vcs8._.js:776
[  316562ms] [LOG] [Fast Refresh] done in 76ms @ http://localhost:3111/_next/static/chunks/node_modules_next_dist_1e8vcs8._.js:776
[  316610ms] [LOG] [Fast Refresh] done in 76ms @ http://localhost:3111/_next/static/chunks/node_modules_next_dist_1e8vcs8._.js:776
[  316674ms] [LOG] [Fast Refresh] done in 76ms @ http://localhost:3111/_next/static/chunks/node_modules_next_dist_1e8vcs8._.js:776
[  316737ms] [LOG] [Fast Refresh] done in 76ms @ http://localhost:3111/_next/static/chunks/node_modules_next_dist_1e8vcs8._.js:776
[  316785ms] [LOG] [Fast Refresh] done in 76ms @ http://localhost:3111/_next/static/chunks/node_modules_next_dist_1e8vcs8._.js:776
[  316837ms] [LOG] [Fast Refresh] done in 76ms @ http://localhost:3111/_next/static/chunks/node_modules_next_dist_1e8vcs8._.js:776
[  316888ms] [LOG] [Fast Refresh] done in 76ms @ http://localhost:3111/_next/static/chunks/node_modules_next_dist_1e8vcs8._.js:776
[  316937ms] [LOG] [Fast Refresh] done in 76ms @ http://localhost:3111/_next/static/chunks/node_modules_next_dist_1e8vcs8._.js:776
[  316985ms] [LOG] [Fast Refresh] done in 76ms @ http://localhost:3111/_next/static/chunks/node_modules_next_dist_1e8vcs8._.js:776
[  317047ms] [LOG] [Fast Refresh] done in 76ms @ http://localhost:3111/_next/static/chunks/node_modules_next_dist_1e8vcs8._.js:776
[  317096ms] [LOG] [Fast Refresh] done in 76ms @ http://localhost:3111/_next/static/chunks/node_modules_next_dist_1e8vcs8._.js:776
[  317143ms] [LOG] [Fast Refresh] done in 76ms @ http://localhost:3111/_next/static/chunks/node_modules_next_dist_1e8vcs8._.js:776
[  317191ms] [LOG] [Fast Refresh] done in 76ms @ http://localhost:3111/_next/static/chunks/node_modules_next_dist_1e8vcs8._.js:776
[  317254ms] [LOG] [Fast Refresh] done in 76ms @ http://localhost:3111/_next/static/chunks/node_modules_next_dist_1e8vcs8._.js:776
[  317302ms] [LOG] [Fast Refresh] done in 76ms @ http://localhost:3111/_next/static/chunks/node_modules_next_dist_1e8vcs8._.js:776
[  317352ms] [LOG] [Fast Refresh] done in 76ms @ http://localhost:3111/_next/static/chunks/node_modules_next_dist_1e8vcs8._.js:776
[  317404ms] [LOG] [Fast Refresh] done in 76ms @ http://localhost:3111/_next/static/chunks/node_modules_next_dist_1e8vcs8._.js:776
[  317453ms] [LOG] [Fast Refresh] done in 76ms @ http://localhost:3111/_next/static/chunks/node_modules_next_dist_1e8vcs8._.js:776
[  317501ms] [LOG] [Fast Refresh] done in 76ms @ http://localhost:3111/_next/static/chunks/node_modules_next_dist_1e8vcs8._.js:776
[  317548ms] [LOG] [Fast Refresh] done in 76ms @ http://localhost:3111/_next/static/chunks/node_modules_next_dist_1e8vcs8._.js:776
[  317596ms] [LOG] [Fast Refresh] done in 76ms @ http://localhost:3111/_next/static/chunks/node_modules_next_dist_1e8vcs8._.js:776
[  317644ms] [LOG] [Fast Refresh] done in 76ms @ http://localhost:3111/_next/static/chunks/node_modules_next_dist_1e8vcs8._.js:776
[  317707ms] [LOG] [Fast Refresh] done in 76ms @ http://localhost:3111/_next/static/chunks/node_modules_next_dist_1e8vcs8._.js:776
[  317755ms] [LOG] [Fast Refresh] done in 76ms @ http://localhost:3111/_next/static/chunks/node_modules_next_dist_1e8vcs8._.js:776
[  317802ms] [LOG] [Fast Refresh] done in 76ms @ http://localhost:3111/_next/static/chunks/node_modules_next_dist_1e8vcs8._.js:776
[  317853ms] [LOG] [Fast Refresh] done in 76ms @ http://localhost:3111/_next/static/chunks/node_modules_next_dist_1e8vcs8._.js:776
[  317903ms] [LOG] [Fast Refresh] done in 76ms @ http://localhost:3111/_next/static/chunks/node_modules_next_dist_1e8vcs8._.js:776
[  317951ms] [LOG] [Fast Refresh] done in 76ms @ http://localhost:3111/_next/static/chunks/node_modules_next_dist_1e8vcs8._.js:776
[  318014ms] [LOG] [Fast Refresh] done in 76ms @ http://localhost:3111/_next/static/chunks/node_modules_next_dist_1e8vcs8._.js:776
[  318061ms] [LOG] [Fast Refresh] done in 76ms @ http://localhost:3111/_next/static/chunks/node_modules_next_dist_1e8vcs8._.js:776
[  318109ms] [LOG] [Fast Refresh] done in 76ms @ http://localhost:3111/_next/static/chunks/node_modules_next_dist_1e8vcs8._.js:776
[  318173ms] [LOG] [Fast Refresh] done in 76ms @ http://localhost:3111/_next/static/chunks/node_modules_next_dist_1e8vcs8._.js:776
[  318236ms] [LOG] [Fast Refresh] done in 76ms @ http://localhost:3111/_next/static/chunks/node_modules_next_dist_1e8vcs8._.js:776
[  318300ms] [LOG] [Fast Refresh] done in 76ms @ http://localhost:3111/_next/static/chunks/node_modules_next_dist_1e8vcs8._.js:776
[  318353ms] [LOG] [Fast Refresh] done in 76ms @ http://localhost:3111/_next/static/chunks/node_modules_next_dist_1e8vcs8._.js:776
[  318401ms] [LOG] [Fast Refresh] done in 76ms @ http://localhost:3111/_next/static/chunks/node_modules_next_dist_1e8vcs8._.js:776
[  318463ms] [LOG] [Fast Refresh] done in 76ms @ http://localhost:3111/_next/static/chunks/node_modules_next_dist_1e8vcs8._.js:776
[  318527ms] [LOG] [Fast Refresh] done in 76ms @ http://localhost:3111/_next/static/chunks/node_modules_next_dist_1e8vcs8._.js:776
[  318576ms] [LOG] [Fast Refresh] done in 76ms @ http://localhost:3111/_next/static/chunks/node_modules_next_dist_1e8vcs8._.js:776
[  318638ms] [LOG] [Fast Refresh] done in 76ms @ http://localhost:3111/_next/static/chunks/node_modules_next_dist_1e8vcs8._.js:776
[  318701ms] [LOG] [Fast Refresh] done in 76ms @ http://localhost:3111/_next/static/chunks/node_modules_next_dist_1e8vcs8._.js:776
[  318749ms] [LOG] [Fast Refresh] done in 76ms @ http://localhost:3111/_next/static/chunks/node_modules_next_dist_1e8vcs8._.js:776
[  318812ms] [LOG] [Fast Refresh] done in 76ms @ http://localhost:3111/_next/static/chunks/node_modules_next_dist_1e8vcs8._.js:776
[  318870ms] [LOG] [Fast Refresh] done in 76ms @ http://localhost:3111/_next/static/chunks/node_modules_next_dist_1e8vcs8._.js:776
[  318920ms] [LOG] [Fast Refresh] done in 76ms @ http://localhost:3111/_next/static/chunks/node_modules_next_dist_1e8vcs8._.js:776
[  318985ms] [LOG] [Fast Refresh] done in 76ms @ http://localhost:3111/_next/static/chunks/node_modules_next_dist_1e8vcs8._.js:776
[  319032ms] [LOG] [Fast Refresh] done in 76ms @ http://localhost:3111/_next/static/chunks/node_modules_next_dist_1e8vcs8._.js:776
[  319096ms] [LOG] [Fast Refresh] done in 76ms @ http://localhost:3111/_next/static/chunks/node_modules_next_dist_1e8vcs8._.js:776
[  319158ms] [LOG] [Fast Refresh] done in 76ms @ http://localhost:3111/_next/static/chunks/node_modules_next_dist_1e8vcs8._.js:776
[  319221ms] [LOG] [Fast Refresh] done in 76ms @ http://localhost:3111/_next/static/chunks/node_modules_next_dist_1e8vcs8._.js:776
[  319268ms] [LOG] [Fast Refresh] done in 76ms @ http://localhost:3111/_next/static/chunks/node_modules_next_dist_1e8vcs8._.js:776
[  319321ms] [LOG] [Fast Refresh] done in 76ms @ http://localhost:3111/_next/static/chunks/node_modules_next_dist_1e8vcs8._.js:776
[  319370ms] [LOG] [Fast Refresh] done in 76ms @ http://localhost:3111/_next/static/chunks/node_modules_next_dist_1e8vcs8._.js:776
[  319418ms] [LOG] [Fast Refresh] done in 76ms @ http://localhost:3111/_next/static/chunks/node_modules_next_dist_1e8vcs8._.js:776
[  319482ms] [LOG] [Fast Refresh] done in 76ms @ http://localhost:3111/_next/static/chunks/node_modules_next_dist_1e8vcs8._.js:776
[  319546ms] [LOG] [Fast Refresh] done in 76ms @ http://localhost:3111/_next/static/chunks/node_modules_next_dist_1e8vcs8._.js:776
[  319609ms] [LOG] [Fast Refresh] done in 76ms @ http://localhost:3111/_next/static/chunks/node_modules_next_dist_1e8vcs8._.js:776
[  319657ms] [LOG] [Fast Refresh] done in 76ms @ http://localhost:3111/_next/static/chunks/node_modules_next_dist_1e8vcs8._.js:776
[  319721ms] [LOG] [Fast Refresh] done in 76ms @ http://localhost:3111/_next/static/chunks/node_modules_next_dist_1e8vcs8._.js:776
[  319771ms] [LOG] [Fast Refresh] done in 76ms @ http://localhost:3111/_next/static/chunks/node_modules_next_dist_1e8vcs8._.js:776
[  319818ms] [LOG] [Fast Refresh] done in 76ms @ http://localhost:3111/_next/static/chunks/node_modules_next_dist_1e8vcs8._.js:776
[  319871ms] [LOG] [Fast Refresh] done in 76ms @ http://localhost:3111/_next/static/chunks/node_modules_next_dist_1e8vcs8._.js:776
[  319935ms] [LOG] [Fast Refresh] done in 76ms @ http://localhost:3111/_next/static/chunks/node_modules_next_dist_1e8vcs8._.js:776
[  320000ms] [LOG] [Fast Refresh] done in 76ms @ http://localhost:3111/_next/static/chunks/node_modules_next_dist_1e8vcs8._.js:776
[  320047ms] [LOG] [Fast Refresh] done in 76ms @ http://localhost:3111/_next/static/chunks/node_modules_next_dist_1e8vcs8._.js:776
[  320094ms] [LOG] [Fast Refresh] done in 76ms @ http://localhost:3111/_next/static/chunks/node_modules_next_dist_1e8vcs8._.js:776
[  320143ms] [LOG] [Fast Refresh] done in 76ms @ http://localhost:3111/_next/static/chunks/node_modules_next_dist_1e8vcs8._.js:776
[  320205ms] [LOG] [Fast Refresh] done in 76ms @ http://localhost:3111/_next/static/chunks/node_modules_next_dist_1e8vcs8._.js:776
[  320268ms] [LOG] [Fast Refresh] done in 76ms @ http://localhost:3111/_next/static/chunks/node_modules_next_dist_1e8vcs8._.js:776
[  320320ms] [LOG] [Fast Refresh] done in 76ms @ http://localhost:3111/_next/static/chunks/node_modules_next_dist_1e8vcs8._.js:776
[  320370ms] [LOG] [Fast Refresh] done in 76ms @ http://localhost:3111/_next/static/chunks/node_modules_next_dist_1e8vcs8._.js:776
[  320434ms] [LOG] [Fast Refresh] done in 76ms @ http://localhost:3111/_next/static/chunks/node_modules_next_dist_1e8vcs8._.js:776
[  320482ms] [LOG] [Fast Refresh] done in 76ms @ http://localhost:3111/_next/static/chunks/node_modules_next_dist_1e8vcs8._.js:776
[  320530ms] [LOG] [Fast Refresh] done in 76ms @ http://localhost:3111/_next/static/chunks/node_modules_next_dist_1e8vcs8._.js:776
[  320578ms] [LOG] [Fast Refresh] done in 76ms @ http://localhost:3111/_next/static/chunks/node_modules_next_dist_1e8vcs8._.js:776
[  320642ms] [LOG] [Fast Refresh] done in 76ms @ http://localhost:3111/_next/static/chunks/node_modules_next_dist_1e8vcs8._.js:776
[  320705ms] [LOG] [Fast Refresh] done in 76ms @ http://localhost:3111/_next/static/chunks/node_modules_next_dist_1e8vcs8._.js:776
[  320768ms] [LOG] [Fast Refresh] done in 76ms @ http://localhost:3111/_next/static/chunks/node_modules_next_dist_1e8vcs8._.js:776
[  320820ms] [LOG] [Fast Refresh] done in 76ms @ http://localhost:3111/_next/static/chunks/node_modules_next_dist_1e8vcs8._.js:776
[  320869ms] [LOG] [Fast Refresh] done in 76ms @ http://localhost:3111/_next/static/chunks/node_modules_next_dist_1e8vcs8._.js:776
[  320932ms] [LOG] [Fast Refresh] done in 76ms @ http://localhost:3111/_next/static/chunks/node_modules_next_dist_1e8vcs8._.js:776
[  320995ms] [LOG] [Fast Refresh] done in 76ms @ http://localhost:3111/_next/static/chunks/node_modules_next_dist_1e8vcs8._.js:776
[  321058ms] [LOG] [Fast Refresh] done in 76ms @ http://localhost:3111/_next/static/chunks/node_modules_next_dist_1e8vcs8._.js:776
[  321121ms] [LOG] [Fast Refresh] done in 76ms @ http://localhost:3111/_next/static/chunks/node_modules_next_dist_1e8vcs8._.js:776
[  321185ms] [LOG] [Fast Refresh] done in 76ms @ http://localhost:3111/_next/static/chunks/node_modules_next_dist_1e8vcs8._.js:776
[  321248ms] [LOG] [Fast Refresh] done in 76ms @ http://localhost:3111/_next/static/chunks/node_modules_next_dist_1e8vcs8._.js:776
[  321305ms] [LOG] [Fast Refresh] done in 76ms @ http://localhost:3111/_next/static/chunks/node_modules_next_dist_1e8vcs8._.js:776
